ISO-10303-21;
HEADER;
/* Generated by software containing ST-Developer
 * from STEP Tools, Inc. (www.steptools.com) 
 */

FILE_DESCRIPTION(
/* description */ (''),
/* implementation_level */ '2;1');

FILE_NAME(
/* name */ 'Gripper.step',
/* time_stamp */ '2026-10-04T09:19:52-04:00',
/* author */ (''),
/* organization */ (''),
/* preprocessor_version */ 'ST-DEVELOPER v20.2',
/* originating_system */ 'Autodesk Translation Framework v15.15.0.0',
/* authorisation */ '');

FILE_SCHEMA (('AUTOMOTIVE_DESIGN { 1 0 10303 214 3 1 1 }'));
ENDSEC;

DATA;
#10=MECHANICAL_DESIGN_GEOMETRIC_PRESENTATION_REPRESENTATION('',(#13),#7260);
#11=SHAPE_REPRESENTATION_RELATIONSHIP('SRR','None',#7266,#12);
#12=ADVANCED_BREP_SHAPE_REPRESENTATION('',(#14),#7259);
#13=STYLED_ITEM('',(#7275),#14);
#14=MANIFOLD_SOLID_BREP('Gripper',#4586);
#15=FACE_OUTER_BOUND('',#268,.T.);
#16=FACE_OUTER_BOUND('',#269,.T.);
#17=FACE_OUTER_BOUND('',#270,.T.);
#18=FACE_OUTER_BOUND('',#271,.T.);
#19=FACE_OUTER_BOUND('',#272,.T.);
#20=FACE_OUTER_BOUND('',#273,.T.);
#21=FACE_OUTER_BOUND('',#274,.T.);
#22=FACE_OUTER_BOUND('',#275,.T.);
#23=FACE_OUTER_BOUND('',#276,.T.);
#24=FACE_OUTER_BOUND('',#277,.T.);
#25=FACE_OUTER_BOUND('',#278,.T.);
#26=FACE_OUTER_BOUND('',#279,.T.);
#27=FACE_OUTER_BOUND('',#280,.T.);
#28=FACE_OUTER_BOUND('',#281,.T.);
#29=FACE_OUTER_BOUND('',#282,.T.);
#30=FACE_OUTER_BOUND('',#283,.T.);
#31=FACE_OUTER_BOUND('',#284,.T.);
#32=FACE_OUTER_BOUND('',#285,.T.);
#33=FACE_OUTER_BOUND('',#286,.T.);
#34=FACE_OUTER_BOUND('',#287,.T.);
#35=FACE_OUTER_BOUND('',#288,.T.);
#36=FACE_OUTER_BOUND('',#289,.T.);
#37=FACE_OUTER_BOUND('',#290,.T.);
#38=FACE_OUTER_BOUND('',#291,.T.);
#39=FACE_OUTER_BOUND('',#292,.T.);
#40=FACE_OUTER_BOUND('',#293,.T.);
#41=FACE_OUTER_BOUND('',#294,.T.);
#42=FACE_OUTER_BOUND('',#295,.T.);
#43=FACE_OUTER_BOUND('',#296,.T.);
#44=FACE_OUTER_BOUND('',#297,.T.);
#45=FACE_OUTER_BOUND('',#298,.T.);
#46=FACE_OUTER_BOUND('',#299,.T.);
#47=FACE_OUTER_BOUND('',#300,.T.);
#48=FACE_OUTER_BOUND('',#301,.T.);
#49=FACE_OUTER_BOUND('',#302,.T.);
#50=FACE_OUTER_BOUND('',#303,.T.);
#51=FACE_OUTER_BOUND('',#304,.T.);
#52=FACE_OUTER_BOUND('',#305,.T.);
#53=FACE_OUTER_BOUND('',#306,.T.);
#54=FACE_OUTER_BOUND('',#307,.T.);
#55=FACE_OUTER_BOUND('',#308,.T.);
#56=FACE_OUTER_BOUND('',#309,.T.);
#57=FACE_OUTER_BOUND('',#310,.T.);
#58=FACE_OUTER_BOUND('',#311,.T.);
#59=FACE_OUTER_BOUND('',#312,.T.);
#60=FACE_OUTER_BOUND('',#313,.T.);
#61=FACE_OUTER_BOUND('',#314,.T.);
#62=FACE_OUTER_BOUND('',#315,.T.);
#63=FACE_OUTER_BOUND('',#316,.T.);
#64=FACE_OUTER_BOUND('',#317,.T.);
#65=FACE_OUTER_BOUND('',#318,.T.);
#66=FACE_OUTER_BOUND('',#319,.T.);
#67=FACE_OUTER_BOUND('',#320,.T.);
#68=FACE_OUTER_BOUND('',#321,.T.);
#69=FACE_OUTER_BOUND('',#322,.T.);
#70=FACE_OUTER_BOUND('',#323,.T.);
#71=FACE_OUTER_BOUND('',#324,.T.);
#72=FACE_OUTER_BOUND('',#325,.T.);
#73=FACE_OUTER_BOUND('',#326,.T.);
#74=FACE_OUTER_BOUND('',#327,.T.);
#75=FACE_OUTER_BOUND('',#328,.T.);
#76=FACE_OUTER_BOUND('',#329,.T.);
#77=FACE_OUTER_BOUND('',#330,.T.);
#78=FACE_OUTER_BOUND('',#331,.T.);
#79=FACE_OUTER_BOUND('',#332,.T.);
#80=FACE_OUTER_BOUND('',#333,.T.);
#81=FACE_OUTER_BOUND('',#334,.T.);
#82=FACE_OUTER_BOUND('',#335,.T.);
#83=FACE_OUTER_BOUND('',#336,.T.);
#84=FACE_OUTER_BOUND('',#337,.T.);
#85=FACE_OUTER_BOUND('',#338,.T.);
#86=FACE_OUTER_BOUND('',#339,.T.);
#87=FACE_OUTER_BOUND('',#340,.T.);
#88=FACE_OUTER_BOUND('',#341,.T.);
#89=FACE_OUTER_BOUND('',#342,.T.);
#90=FACE_OUTER_BOUND('',#343,.T.);
#91=FACE_OUTER_BOUND('',#344,.T.);
#92=FACE_OUTER_BOUND('',#345,.T.);
#93=FACE_OUTER_BOUND('',#346,.T.);
#94=FACE_OUTER_BOUND('',#347,.T.);
#95=FACE_OUTER_BOUND('',#348,.T.);
#96=FACE_OUTER_BOUND('',#349,.T.);
#97=FACE_OUTER_BOUND('',#350,.T.);
#98=FACE_OUTER_BOUND('',#351,.T.);
#99=FACE_OUTER_BOUND('',#352,.T.);
#100=FACE_OUTER_BOUND('',#353,.T.);
#101=FACE_OUTER_BOUND('',#354,.T.);
#102=FACE_OUTER_BOUND('',#355,.T.);
#103=FACE_OUTER_BOUND('',#356,.T.);
#104=FACE_OUTER_BOUND('',#357,.T.);
#105=FACE_OUTER_BOUND('',#358,.T.);
#106=FACE_OUTER_BOUND('',#359,.T.);
#107=FACE_OUTER_BOUND('',#360,.T.);
#108=FACE_OUTER_BOUND('',#361,.T.);
#109=FACE_OUTER_BOUND('',#362,.T.);
#110=FACE_OUTER_BOUND('',#363,.T.);
#111=FACE_OUTER_BOUND('',#364,.T.);
#112=FACE_OUTER_BOUND('',#365,.T.);
#113=FACE_OUTER_BOUND('',#366,.T.);
#114=FACE_OUTER_BOUND('',#367,.T.);
#115=FACE_OUTER_BOUND('',#368,.T.);
#116=FACE_OUTER_BOUND('',#369,.T.);
#117=FACE_OUTER_BOUND('',#370,.T.);
#118=FACE_OUTER_BOUND('',#371,.T.);
#119=FACE_OUTER_BOUND('',#372,.T.);
#120=FACE_OUTER_BOUND('',#373,.T.);
#121=FACE_OUTER_BOUND('',#374,.T.);
#122=FACE_OUTER_BOUND('',#375,.T.);
#123=FACE_OUTER_BOUND('',#376,.T.);
#124=FACE_OUTER_BOUND('',#377,.T.);
#125=FACE_OUTER_BOUND('',#378,.T.);
#126=FACE_OUTER_BOUND('',#379,.T.);
#127=FACE_OUTER_BOUND('',#380,.T.);
#128=FACE_OUTER_BOUND('',#381,.T.);
#129=FACE_OUTER_BOUND('',#382,.T.);
#130=FACE_OUTER_BOUND('',#383,.T.);
#131=FACE_OUTER_BOUND('',#384,.T.);
#132=FACE_OUTER_BOUND('',#385,.T.);
#133=FACE_OUTER_BOUND('',#386,.T.);
#134=FACE_OUTER_BOUND('',#387,.T.);
#135=FACE_OUTER_BOUND('',#388,.T.);
#136=FACE_OUTER_BOUND('',#389,.T.);
#137=FACE_OUTER_BOUND('',#390,.T.);
#138=FACE_OUTER_BOUND('',#391,.T.);
#139=FACE_OUTER_BOUND('',#392,.T.);
#140=FACE_OUTER_BOUND('',#393,.T.);
#141=FACE_OUTER_BOUND('',#394,.T.);
#142=FACE_OUTER_BOUND('',#395,.T.);
#143=FACE_OUTER_BOUND('',#396,.T.);
#144=FACE_OUTER_BOUND('',#397,.T.);
#145=FACE_OUTER_BOUND('',#398,.T.);
#146=FACE_OUTER_BOUND('',#399,.T.);
#147=FACE_OUTER_BOUND('',#400,.T.);
#148=FACE_OUTER_BOUND('',#401,.T.);
#149=FACE_OUTER_BOUND('',#402,.T.);
#150=FACE_OUTER_BOUND('',#403,.T.);
#151=FACE_OUTER_BOUND('',#404,.T.);
#152=FACE_OUTER_BOUND('',#405,.T.);
#153=FACE_OUTER_BOUND('',#406,.T.);
#154=FACE_OUTER_BOUND('',#407,.T.);
#155=FACE_OUTER_BOUND('',#408,.T.);
#156=FACE_OUTER_BOUND('',#409,.T.);
#157=FACE_OUTER_BOUND('',#410,.T.);
#158=FACE_OUTER_BOUND('',#411,.T.);
#159=FACE_OUTER_BOUND('',#412,.T.);
#160=FACE_OUTER_BOUND('',#413,.T.);
#161=FACE_OUTER_BOUND('',#414,.T.);
#162=FACE_OUTER_BOUND('',#415,.T.);
#163=FACE_OUTER_BOUND('',#416,.T.);
#164=FACE_OUTER_BOUND('',#417,.T.);
#165=FACE_OUTER_BOUND('',#418,.T.);
#166=FACE_OUTER_BOUND('',#419,.T.);
#167=FACE_OUTER_BOUND('',#420,.T.);
#168=FACE_OUTER_BOUND('',#421,.T.);
#169=FACE_OUTER_BOUND('',#422,.T.);
#170=FACE_OUTER_BOUND('',#423,.T.);
#171=FACE_OUTER_BOUND('',#424,.T.);
#172=FACE_OUTER_BOUND('',#425,.T.);
#173=FACE_OUTER_BOUND('',#426,.T.);
#174=FACE_OUTER_BOUND('',#427,.T.);
#175=FACE_OUTER_BOUND('',#428,.T.);
#176=FACE_OUTER_BOUND('',#429,.T.);
#177=FACE_OUTER_BOUND('',#430,.T.);
#178=FACE_OUTER_BOUND('',#431,.T.);
#179=FACE_OUTER_BOUND('',#432,.T.);
#180=FACE_OUTER_BOUND('',#433,.T.);
#181=FACE_OUTER_BOUND('',#434,.T.);
#182=FACE_OUTER_BOUND('',#435,.T.);
#183=FACE_OUTER_BOUND('',#436,.T.);
#184=FACE_OUTER_BOUND('',#437,.T.);
#185=FACE_OUTER_BOUND('',#438,.T.);
#186=FACE_OUTER_BOUND('',#439,.T.);
#187=FACE_OUTER_BOUND('',#440,.T.);
#188=FACE_OUTER_BOUND('',#441,.T.);
#189=FACE_OUTER_BOUND('',#442,.T.);
#190=FACE_OUTER_BOUND('',#443,.T.);
#191=FACE_OUTER_BOUND('',#444,.T.);
#192=FACE_OUTER_BOUND('',#445,.T.);
#193=FACE_OUTER_BOUND('',#446,.T.);
#194=FACE_OUTER_BOUND('',#447,.T.);
#195=FACE_OUTER_BOUND('',#448,.T.);
#196=FACE_OUTER_BOUND('',#449,.T.);
#197=FACE_OUTER_BOUND('',#450,.T.);
#198=FACE_OUTER_BOUND('',#451,.T.);
#199=FACE_OUTER_BOUND('',#452,.T.);
#200=FACE_OUTER_BOUND('',#453,.T.);
#201=FACE_OUTER_BOUND('',#454,.T.);
#202=FACE_OUTER_BOUND('',#455,.T.);
#203=FACE_OUTER_BOUND('',#456,.T.);
#204=FACE_OUTER_BOUND('',#457,.T.);
#205=FACE_OUTER_BOUND('',#458,.T.);
#206=FACE_OUTER_BOUND('',#459,.T.);
#207=FACE_OUTER_BOUND('',#460,.T.);
#208=FACE_OUTER_BOUND('',#461,.T.);
#209=FACE_OUTER_BOUND('',#462,.T.);
#210=FACE_OUTER_BOUND('',#463,.T.);
#211=FACE_OUTER_BOUND('',#464,.T.);
#212=FACE_OUTER_BOUND('',#465,.T.);
#213=FACE_OUTER_BOUND('',#466,.T.);
#214=FACE_OUTER_BOUND('',#467,.T.);
#215=FACE_OUTER_BOUND('',#468,.T.);
#216=FACE_OUTER_BOUND('',#469,.T.);
#217=FACE_OUTER_BOUND('',#470,.T.);
#218=FACE_OUTER_BOUND('',#471,.T.);
#219=FACE_OUTER_BOUND('',#472,.T.);
#220=FACE_OUTER_BOUND('',#473,.T.);
#221=FACE_OUTER_BOUND('',#474,.T.);
#222=FACE_OUTER_BOUND('',#475,.T.);
#223=FACE_OUTER_BOUND('',#476,.T.);
#224=FACE_OUTER_BOUND('',#477,.T.);
#225=FACE_OUTER_BOUND('',#478,.T.);
#226=FACE_OUTER_BOUND('',#479,.T.);
#227=FACE_OUTER_BOUND('',#480,.T.);
#228=FACE_OUTER_BOUND('',#481,.T.);
#229=FACE_OUTER_BOUND('',#482,.T.);
#230=FACE_OUTER_BOUND('',#483,.T.);
#231=FACE_OUTER_BOUND('',#484,.T.);
#232=FACE_OUTER_BOUND('',#485,.T.);
#233=FACE_OUTER_BOUND('',#486,.T.);
#234=FACE_OUTER_BOUND('',#487,.T.);
#235=FACE_OUTER_BOUND('',#488,.T.);
#236=FACE_OUTER_BOUND('',#489,.T.);
#237=FACE_OUTER_BOUND('',#490,.T.);
#238=FACE_OUTER_BOUND('',#491,.T.);
#239=FACE_OUTER_BOUND('',#492,.T.);
#240=FACE_OUTER_BOUND('',#493,.T.);
#241=FACE_OUTER_BOUND('',#494,.T.);
#242=FACE_OUTER_BOUND('',#495,.T.);
#243=FACE_OUTER_BOUND('',#496,.T.);
#244=FACE_OUTER_BOUND('',#497,.T.);
#245=FACE_OUTER_BOUND('',#498,.T.);
#246=FACE_OUTER_BOUND('',#499,.T.);
#247=FACE_OUTER_BOUND('',#500,.T.);
#248=FACE_OUTER_BOUND('',#501,.T.);
#249=FACE_OUTER_BOUND('',#502,.T.);
#250=FACE_OUTER_BOUND('',#503,.T.);
#251=FACE_OUTER_BOUND('',#504,.T.);
#252=FACE_OUTER_BOUND('',#505,.T.);
#253=FACE_OUTER_BOUND('',#506,.T.);
#254=FACE_OUTER_BOUND('',#507,.T.);
#255=FACE_OUTER_BOUND('',#508,.T.);
#256=FACE_OUTER_BOUND('',#509,.T.);
#257=FACE_OUTER_BOUND('',#510,.T.);
#258=FACE_OUTER_BOUND('',#511,.T.);
#259=FACE_OUTER_BOUND('',#512,.T.);
#260=FACE_OUTER_BOUND('',#513,.T.);
#261=FACE_OUTER_BOUND('',#514,.T.);
#262=FACE_OUTER_BOUND('',#515,.T.);
#263=FACE_OUTER_BOUND('',#516,.T.);
#264=FACE_OUTER_BOUND('',#517,.T.);
#265=FACE_OUTER_BOUND('',#518,.T.);
#266=FACE_OUTER_BOUND('',#519,.T.);
#267=FACE_OUTER_BOUND('',#520,.T.);
#268=EDGE_LOOP('',(#2810,#2811,#2812,#2813,#2814,#2815,#2816,#2817));
#269=EDGE_LOOP('',(#2818,#2819,#2820,#2821,#2822,#2823,#2824,#2825,#2826,
#2827,#2828,#2829,#2830,#2831,#2832,#2833,#2834,#2835,#2836,#2837,#2838,
#2839,#2840,#2841,#2842,#2843,#2844,#2845,#2846,#2847,#2848,#2849,#2850,
#2851,#2852,#2853,#2854,#2855,#2856,#2857,#2858,#2859,#2860,#2861,#2862,
#2863,#2864,#2865,#2866,#2867,#2868,#2869,#2870,#2871,#2872,#2873,#2874,
#2875,#2876,#2877,#2878,#2879,#2880,#2881,#2882,#2883,#2884,#2885,#2886,
#2887,#2888,#2889,#2890,#2891,#2892,#2893,#2894,#2895,#2896,#2897,#2898,
#2899,#2900,#2901,#2902,#2903,#2904,#2905,#2906,#2907,#2908,#2909,#2910,
#2911,#2912,#2913,#2914,#2915,#2916,#2917,#2918));
#270=EDGE_LOOP('',(#2919,#2920,#2921,#2922));
#271=EDGE_LOOP('',(#2923,#2924,#2925,#2926,#2927,#2928));
#272=EDGE_LOOP('',(#2929,#2930,#2931,#2932));
#273=EDGE_LOOP('',(#2933,#2934,#2935,#2936));
#274=EDGE_LOOP('',(#2937,#2938,#2939,#2940));
#275=EDGE_LOOP('',(#2941,#2942,#2943,#2944));
#276=EDGE_LOOP('',(#2945,#2946,#2947,#2948));
#277=EDGE_LOOP('',(#2949,#2950,#2951,#2952));
#278=EDGE_LOOP('',(#2953,#2954,#2955,#2956));
#279=EDGE_LOOP('',(#2957,#2958,#2959,#2960));
#280=EDGE_LOOP('',(#2961,#2962,#2963,#2964));
#281=EDGE_LOOP('',(#2965,#2966,#2967,#2968));
#282=EDGE_LOOP('',(#2969,#2970,#2971,#2972));
#283=EDGE_LOOP('',(#2973,#2974,#2975,#2976));
#284=EDGE_LOOP('',(#2977,#2978,#2979,#2980));
#285=EDGE_LOOP('',(#2981,#2982,#2983,#2984));
#286=EDGE_LOOP('',(#2985,#2986,#2987,#2988));
#287=EDGE_LOOP('',(#2989,#2990,#2991,#2992));
#288=EDGE_LOOP('',(#2993,#2994,#2995,#2996));
#289=EDGE_LOOP('',(#2997,#2998,#2999,#3000));
#290=EDGE_LOOP('',(#3001,#3002,#3003,#3004));
#291=EDGE_LOOP('',(#3005,#3006,#3007,#3008));
#292=EDGE_LOOP('',(#3009,#3010,#3011,#3012));
#293=EDGE_LOOP('',(#3013,#3014,#3015,#3016));
#294=EDGE_LOOP('',(#3017,#3018,#3019,#3020));
#295=EDGE_LOOP('',(#3021,#3022,#3023,#3024));
#296=EDGE_LOOP('',(#3025,#3026,#3027,#3028));
#297=EDGE_LOOP('',(#3029,#3030,#3031,#3032));
#298=EDGE_LOOP('',(#3033,#3034,#3035,#3036));
#299=EDGE_LOOP('',(#3037,#3038,#3039,#3040));
#300=EDGE_LOOP('',(#3041,#3042,#3043,#3044));
#301=EDGE_LOOP('',(#3045,#3046,#3047,#3048));
#302=EDGE_LOOP('',(#3049,#3050,#3051,#3052));
#303=EDGE_LOOP('',(#3053,#3054,#3055,#3056));
#304=EDGE_LOOP('',(#3057,#3058,#3059,#3060));
#305=EDGE_LOOP('',(#3061,#3062,#3063,#3064));
#306=EDGE_LOOP('',(#3065,#3066,#3067,#3068));
#307=EDGE_LOOP('',(#3069,#3070,#3071,#3072));
#308=EDGE_LOOP('',(#3073,#3074,#3075,#3076));
#309=EDGE_LOOP('',(#3077,#3078,#3079,#3080));
#310=EDGE_LOOP('',(#3081,#3082,#3083,#3084));
#311=EDGE_LOOP('',(#3085,#3086,#3087,#3088));
#312=EDGE_LOOP('',(#3089,#3090,#3091,#3092));
#313=EDGE_LOOP('',(#3093,#3094,#3095,#3096));
#314=EDGE_LOOP('',(#3097,#3098,#3099,#3100));
#315=EDGE_LOOP('',(#3101,#3102,#3103,#3104));
#316=EDGE_LOOP('',(#3105,#3106,#3107,#3108));
#317=EDGE_LOOP('',(#3109,#3110,#3111,#3112));
#318=EDGE_LOOP('',(#3113,#3114,#3115,#3116));
#319=EDGE_LOOP('',(#3117,#3118,#3119,#3120));
#320=EDGE_LOOP('',(#3121,#3122,#3123,#3124));
#321=EDGE_LOOP('',(#3125,#3126,#3127,#3128));
#322=EDGE_LOOP('',(#3129,#3130,#3131,#3132));
#323=EDGE_LOOP('',(#3133,#3134,#3135,#3136));
#324=EDGE_LOOP('',(#3137,#3138,#3139,#3140));
#325=EDGE_LOOP('',(#3141,#3142,#3143,#3144));
#326=EDGE_LOOP('',(#3145,#3146,#3147,#3148));
#327=EDGE_LOOP('',(#3149,#3150,#3151,#3152));
#328=EDGE_LOOP('',(#3153,#3154,#3155,#3156));
#329=EDGE_LOOP('',(#3157,#3158,#3159,#3160));
#330=EDGE_LOOP('',(#3161,#3162,#3163,#3164));
#331=EDGE_LOOP('',(#3165,#3166,#3167,#3168));
#332=EDGE_LOOP('',(#3169,#3170,#3171,#3172));
#333=EDGE_LOOP('',(#3173,#3174,#3175,#3176));
#334=EDGE_LOOP('',(#3177,#3178,#3179,#3180));
#335=EDGE_LOOP('',(#3181,#3182,#3183,#3184));
#336=EDGE_LOOP('',(#3185,#3186,#3187,#3188));
#337=EDGE_LOOP('',(#3189,#3190,#3191,#3192));
#338=EDGE_LOOP('',(#3193,#3194,#3195,#3196));
#339=EDGE_LOOP('',(#3197,#3198,#3199,#3200));
#340=EDGE_LOOP('',(#3201,#3202,#3203,#3204));
#341=EDGE_LOOP('',(#3205,#3206,#3207,#3208));
#342=EDGE_LOOP('',(#3209,#3210,#3211,#3212));
#343=EDGE_LOOP('',(#3213,#3214,#3215,#3216));
#344=EDGE_LOOP('',(#3217,#3218,#3219,#3220));
#345=EDGE_LOOP('',(#3221,#3222,#3223,#3224,#3225,#3226,#3227,#3228));
#346=EDGE_LOOP('',(#3229,#3230,#3231,#3232));
#347=EDGE_LOOP('',(#3233,#3234,#3235,#3236));
#348=EDGE_LOOP('',(#3237,#3238,#3239,#3240));
#349=EDGE_LOOP('',(#3241,#3242,#3243,#3244));
#350=EDGE_LOOP('',(#3245,#3246,#3247,#3248));
#351=EDGE_LOOP('',(#3249,#3250,#3251,#3252));
#352=EDGE_LOOP('',(#3253,#3254,#3255,#3256));
#353=EDGE_LOOP('',(#3257,#3258,#3259,#3260));
#354=EDGE_LOOP('',(#3261,#3262,#3263,#3264));
#355=EDGE_LOOP('',(#3265,#3266,#3267,#3268));
#356=EDGE_LOOP('',(#3269,#3270,#3271,#3272));
#357=EDGE_LOOP('',(#3273,#3274,#3275,#3276));
#358=EDGE_LOOP('',(#3277,#3278,#3279,#3280));
#359=EDGE_LOOP('',(#3281,#3282,#3283,#3284));
#360=EDGE_LOOP('',(#3285,#3286,#3287,#3288,#3289,#3290,#3291,#3292));
#361=EDGE_LOOP('',(#3293,#3294,#3295,#3296));
#362=EDGE_LOOP('',(#3297,#3298,#3299,#3300));
#363=EDGE_LOOP('',(#3301,#3302,#3303,#3304));
#364=EDGE_LOOP('',(#3305,#3306,#3307,#3308));
#365=EDGE_LOOP('',(#3309,#3310,#3311,#3312));
#366=EDGE_LOOP('',(#3313,#3314,#3315,#3316));
#367=EDGE_LOOP('',(#3317,#3318,#3319,#3320));
#368=EDGE_LOOP('',(#3321,#3322,#3323,#3324));
#369=EDGE_LOOP('',(#3325,#3326,#3327,#3328));
#370=EDGE_LOOP('',(#3329,#3330,#3331,#3332));
#371=EDGE_LOOP('',(#3333,#3334,#3335,#3336));
#372=EDGE_LOOP('',(#3337,#3338,#3339,#3340));
#373=EDGE_LOOP('',(#3341,#3342,#3343,#3344));
#374=EDGE_LOOP('',(#3345,#3346,#3347,#3348));
#375=EDGE_LOOP('',(#3349,#3350,#3351,#3352,#3353,#3354,#3355,#3356));
#376=EDGE_LOOP('',(#3357,#3358,#3359,#3360));
#377=EDGE_LOOP('',(#3361,#3362,#3363,#3364));
#378=EDGE_LOOP('',(#3365,#3366,#3367,#3368));
#379=EDGE_LOOP('',(#3369,#3370,#3371,#3372));
#380=EDGE_LOOP('',(#3373,#3374,#3375,#3376));
#381=EDGE_LOOP('',(#3377,#3378,#3379,#3380));
#382=EDGE_LOOP('',(#3381,#3382,#3383,#3384));
#383=EDGE_LOOP('',(#3385,#3386,#3387,#3388));
#384=EDGE_LOOP('',(#3389,#3390,#3391,#3392));
#385=EDGE_LOOP('',(#3393,#3394,#3395,#3396));
#386=EDGE_LOOP('',(#3397,#3398,#3399,#3400));
#387=EDGE_LOOP('',(#3401,#3402,#3403,#3404));
#388=EDGE_LOOP('',(#3405,#3406,#3407,#3408,#3409,#3410,#3411,#3412));
#389=EDGE_LOOP('',(#3413,#3414,#3415,#3416));
#390=EDGE_LOOP('',(#3417,#3418,#3419,#3420));
#391=EDGE_LOOP('',(#3421,#3422,#3423,#3424));
#392=EDGE_LOOP('',(#3425,#3426,#3427,#3428));
#393=EDGE_LOOP('',(#3429,#3430,#3431,#3432));
#394=EDGE_LOOP('',(#3433,#3434,#3435,#3436));
#395=EDGE_LOOP('',(#3437,#3438,#3439,#3440));
#396=EDGE_LOOP('',(#3441,#3442,#3443,#3444));
#397=EDGE_LOOP('',(#3445,#3446,#3447,#3448));
#398=EDGE_LOOP('',(#3449,#3450,#3451,#3452));
#399=EDGE_LOOP('',(#3453,#3454,#3455,#3456));
#400=EDGE_LOOP('',(#3457,#3458,#3459,#3460));
#401=EDGE_LOOP('',(#3461,#3462,#3463,#3464,#3465,#3466,#3467,#3468));
#402=EDGE_LOOP('',(#3469,#3470,#3471,#3472));
#403=EDGE_LOOP('',(#3473,#3474,#3475,#3476));
#404=EDGE_LOOP('',(#3477,#3478,#3479,#3480));
#405=EDGE_LOOP('',(#3481,#3482,#3483,#3484));
#406=EDGE_LOOP('',(#3485,#3486,#3487,#3488));
#407=EDGE_LOOP('',(#3489,#3490,#3491,#3492));
#408=EDGE_LOOP('',(#3493,#3494,#3495,#3496));
#409=EDGE_LOOP('',(#3497,#3498,#3499,#3500));
#410=EDGE_LOOP('',(#3501,#3502,#3503,#3504));
#411=EDGE_LOOP('',(#3505,#3506,#3507,#3508));
#412=EDGE_LOOP('',(#3509,#3510,#3511,#3512));
#413=EDGE_LOOP('',(#3513,#3514,#3515,#3516));
#414=EDGE_LOOP('',(#3517,#3518,#3519,#3520,#3521,#3522,#3523,#3524));
#415=EDGE_LOOP('',(#3525,#3526,#3527,#3528));
#416=EDGE_LOOP('',(#3529,#3530,#3531,#3532));
#417=EDGE_LOOP('',(#3533,#3534,#3535,#3536));
#418=EDGE_LOOP('',(#3537,#3538,#3539,#3540));
#419=EDGE_LOOP('',(#3541,#3542,#3543,#3544));
#420=EDGE_LOOP('',(#3545,#3546,#3547,#3548));
#421=EDGE_LOOP('',(#3549,#3550,#3551,#3552));
#422=EDGE_LOOP('',(#3553,#3554,#3555,#3556));
#423=EDGE_LOOP('',(#3557,#3558,#3559,#3560));
#424=EDGE_LOOP('',(#3561,#3562,#3563,#3564));
#425=EDGE_LOOP('',(#3565,#3566,#3567,#3568));
#426=EDGE_LOOP('',(#3569,#3570,#3571,#3572));
#427=EDGE_LOOP('',(#3573,#3574,#3575,#3576,#3577,#3578,#3579,#3580));
#428=EDGE_LOOP('',(#3581,#3582,#3583,#3584));
#429=EDGE_LOOP('',(#3585,#3586,#3587,#3588));
#430=EDGE_LOOP('',(#3589,#3590,#3591,#3592));
#431=EDGE_LOOP('',(#3593,#3594,#3595,#3596));
#432=EDGE_LOOP('',(#3597,#3598,#3599,#3600));
#433=EDGE_LOOP('',(#3601,#3602,#3603,#3604));
#434=EDGE_LOOP('',(#3605,#3606,#3607,#3608));
#435=EDGE_LOOP('',(#3609,#3610,#3611,#3612));
#436=EDGE_LOOP('',(#3613,#3614,#3615,#3616));
#437=EDGE_LOOP('',(#3617,#3618,#3619,#3620));
#438=EDGE_LOOP('',(#3621,#3622,#3623,#3624));
#439=EDGE_LOOP('',(#3625,#3626,#3627,#3628));
#440=EDGE_LOOP('',(#3629,#3630,#3631,#3632));
#441=EDGE_LOOP('',(#3633,#3634,#3635,#3636));
#442=EDGE_LOOP('',(#3637,#3638,#3639,#3640));
#443=EDGE_LOOP('',(#3641,#3642,#3643,#3644));
#444=EDGE_LOOP('',(#3645,#3646,#3647,#3648));
#445=EDGE_LOOP('',(#3649,#3650,#3651,#3652));
#446=EDGE_LOOP('',(#3653,#3654,#3655,#3656));
#447=EDGE_LOOP('',(#3657,#3658,#3659,#3660));
#448=EDGE_LOOP('',(#3661,#3662,#3663,#3664));
#449=EDGE_LOOP('',(#3665,#3666,#3667,#3668));
#450=EDGE_LOOP('',(#3669,#3670,#3671,#3672));
#451=EDGE_LOOP('',(#3673,#3674,#3675,#3676));
#452=EDGE_LOOP('',(#3677,#3678,#3679,#3680));
#453=EDGE_LOOP('',(#3681,#3682,#3683,#3684));
#454=EDGE_LOOP('',(#3685,#3686,#3687,#3688));
#455=EDGE_LOOP('',(#3689,#3690,#3691,#3692));
#456=EDGE_LOOP('',(#3693,#3694,#3695,#3696));
#457=EDGE_LOOP('',(#3697,#3698,#3699,#3700));
#458=EDGE_LOOP('',(#3701,#3702,#3703,#3704));
#459=EDGE_LOOP('',(#3705,#3706,#3707,#3708));
#460=EDGE_LOOP('',(#3709,#3710,#3711,#3712));
#461=EDGE_LOOP('',(#3713,#3714,#3715,#3716));
#462=EDGE_LOOP('',(#3717,#3718,#3719,#3720));
#463=EDGE_LOOP('',(#3721,#3722,#3723,#3724));
#464=EDGE_LOOP('',(#3725,#3726,#3727,#3728));
#465=EDGE_LOOP('',(#3729,#3730,#3731,#3732));
#466=EDGE_LOOP('',(#3733,#3734,#3735,#3736));
#467=EDGE_LOOP('',(#3737,#3738,#3739,#3740));
#468=EDGE_LOOP('',(#3741,#3742,#3743,#3744));
#469=EDGE_LOOP('',(#3745,#3746,#3747,#3748));
#470=EDGE_LOOP('',(#3749,#3750,#3751,#3752));
#471=EDGE_LOOP('',(#3753,#3754,#3755,#3756));
#472=EDGE_LOOP('',(#3757,#3758,#3759,#3760));
#473=EDGE_LOOP('',(#3761,#3762,#3763,#3764));
#474=EDGE_LOOP('',(#3765,#3766,#3767,#3768,#3769,#3770));
#475=EDGE_LOOP('',(#3771,#3772,#3773,#3774));
#476=EDGE_LOOP('',(#3775,#3776,#3777,#3778));
#477=EDGE_LOOP('',(#3779,#3780,#3781,#3782));
#478=EDGE_LOOP('',(#3783,#3784,#3785,#3786,#3787,#3788,#3789,#3790));
#479=EDGE_LOOP('',(#3791,#3792,#3793,#3794,#3795,#3796,#3797,#3798));
#480=EDGE_LOOP('',(#3799,#3800,#3801,#3802,#3803,#3804,#3805,#3806));
#481=EDGE_LOOP('',(#3807,#3808,#3809,#3810,#3811,#3812,#3813,#3814));
#482=EDGE_LOOP('',(#3815,#3816,#3817,#3818,#3819,#3820,#3821,#3822));
#483=EDGE_LOOP('',(#3823,#3824,#3825,#3826,#3827,#3828,#3829,#3830));
#484=EDGE_LOOP('',(#3831,#3832,#3833,#3834,#3835,#3836,#3837,#3838));
#485=EDGE_LOOP('',(#3839,#3840,#3841,#3842));
#486=EDGE_LOOP('',(#3843,#3844,#3845,#3846));
#487=EDGE_LOOP('',(#3847,#3848,#3849,#3850));
#488=EDGE_LOOP('',(#3851,#3852,#3853,#3854));
#489=EDGE_LOOP('',(#3855,#3856,#3857,#3858));
#490=EDGE_LOOP('',(#3859,#3860,#3861,#3862));
#491=EDGE_LOOP('',(#3863,#3864,#3865,#3866));
#492=EDGE_LOOP('',(#3867,#3868,#3869,#3870));
#493=EDGE_LOOP('',(#3871,#3872,#3873,#3874));
#494=EDGE_LOOP('',(#3875,#3876,#3877,#3878));
#495=EDGE_LOOP('',(#3879,#3880,#3881,#3882));
#496=EDGE_LOOP('',(#3883,#3884,#3885,#3886));
#497=EDGE_LOOP('',(#3887,#3888,#3889,#3890));
#498=EDGE_LOOP('',(#3891,#3892,#3893,#3894));
#499=EDGE_LOOP('',(#3895,#3896,#3897,#3898));
#500=EDGE_LOOP('',(#3899,#3900,#3901,#3902));
#501=EDGE_LOOP('',(#3903,#3904,#3905,#3906));
#502=EDGE_LOOP('',(#3907,#3908,#3909,#3910));
#503=EDGE_LOOP('',(#3911,#3912,#3913,#3914));
#504=EDGE_LOOP('',(#3915,#3916,#3917,#3918));
#505=EDGE_LOOP('',(#3919,#3920,#3921,#3922));
#506=EDGE_LOOP('',(#3923,#3924,#3925,#3926));
#507=EDGE_LOOP('',(#3927,#3928,#3929,#3930));
#508=EDGE_LOOP('',(#3931,#3932,#3933,#3934));
#509=EDGE_LOOP('',(#3935,#3936,#3937,#3938));
#510=EDGE_LOOP('',(#3939,#3940,#3941,#3942));
#511=EDGE_LOOP('',(#3943,#3944,#3945,#3946));
#512=EDGE_LOOP('',(#3947,#3948,#3949,#3950));
#513=EDGE_LOOP('',(#3951,#3952,#3953,#3954));
#514=EDGE_LOOP('',(#3955,#3956,#3957,#3958));
#515=EDGE_LOOP('',(#3959,#3960,#3961,#3962));
#516=EDGE_LOOP('',(#3963,#3964,#3965,#3966));
#517=EDGE_LOOP('',(#3967,#3968,#3969,#3970));
#518=EDGE_LOOP('',(#3971,#3972,#3973,#3974));
#519=EDGE_LOOP('',(#3975,#3976,#3977,#3978));
#520=EDGE_LOOP('',(#3979,#3980,#3981,#3982,#3983,#3984,#3985,#3986,#3987,
#3988,#3989,#3990,#3991,#3992,#3993,#3994,#3995,#3996,#3997,#3998,#3999,
#4000,#4001,#4002,#4003,#4004,#4005,#4006,#4007,#4008,#4009,#4010,#4011,
#4012,#4013,#4014,#4015,#4016,#4017,#4018,#4019,#4020,#4021,#4022,#4023,
#4024,#4025,#4026,#4027,#4028,#4029,#4030,#4031,#4032,#4033,#4034,#4035,
#4036,#4037,#4038,#4039,#4040,#4041,#4042,#4043,#4044,#4045,#4046,#4047,
#4048,#4049,#4050,#4051,#4052,#4053,#4054,#4055,#4056,#4057,#4058,#4059,
#4060,#4061,#4062,#4063,#4064,#4065,#4066,#4067,#4068,#4069,#4070,#4071,
#4072,#4073,#4074,#4075,#4076,#4077,#4078,#4079));
#521=LINE('',#5988,#1156);
#522=LINE('',#5990,#1157);
#523=LINE('',#5992,#1158);
#524=LINE('',#5994,#1159);
#525=LINE('',#5996,#1160);
#526=LINE('',#5998,#1161);
#527=LINE('',#6000,#1162);
#528=LINE('',#6001,#1163);
#529=LINE('',#6004,#1164);
#530=LINE('',#6006,#1165);
#531=LINE('',#6008,#1166);
#532=LINE('',#6010,#1167);
#533=LINE('',#6012,#1168);
#534=LINE('',#6014,#1169);
#535=LINE('',#6016,#1170);
#536=LINE('',#6018,#1171);
#537=LINE('',#6020,#1172);
#538=LINE('',#6022,#1173);
#539=LINE('',#6024,#1174);
#540=LINE('',#6026,#1175);
#541=LINE('',#6028,#1176);
#542=LINE('',#6030,#1177);
#543=LINE('',#6032,#1178);
#544=LINE('',#6034,#1179);
#545=LINE('',#6036,#1180);
#546=LINE('',#6038,#1181);
#547=LINE('',#6040,#1182);
#548=LINE('',#6042,#1183);
#549=LINE('',#6044,#1184);
#550=LINE('',#6046,#1185);
#551=LINE('',#6048,#1186);
#552=LINE('',#6050,#1187);
#553=LINE('',#6052,#1188);
#554=LINE('',#6054,#1189);
#555=LINE('',#6056,#1190);
#556=LINE('',#6058,#1191);
#557=LINE('',#6060,#1192);
#558=LINE('',#6062,#1193);
#559=LINE('',#6064,#1194);
#560=LINE('',#6066,#1195);
#561=LINE('',#6068,#1196);
#562=LINE('',#6070,#1197);
#563=LINE('',#6072,#1198);
#564=LINE('',#6074,#1199);
#565=LINE('',#6076,#1200);
#566=LINE('',#6078,#1201);
#567=LINE('',#6080,#1202);
#568=LINE('',#6082,#1203);
#569=LINE('',#6084,#1204);
#570=LINE('',#6086,#1205);
#571=LINE('',#6088,#1206);
#572=LINE('',#6090,#1207);
#573=LINE('',#6092,#1208);
#574=LINE('',#6094,#1209);
#575=LINE('',#6096,#1210);
#576=LINE('',#6098,#1211);
#577=LINE('',#6100,#1212);
#578=LINE('',#6102,#1213);
#579=LINE('',#6104,#1214);
#580=LINE('',#6106,#1215);
#581=LINE('',#6108,#1216);
#582=LINE('',#6110,#1217);
#583=LINE('',#6112,#1218);
#584=LINE('',#6114,#1219);
#585=LINE('',#6116,#1220);
#586=LINE('',#6118,#1221);
#587=LINE('',#6120,#1222);
#588=LINE('',#6122,#1223);
#589=LINE('',#6124,#1224);
#590=LINE('',#6126,#1225);
#591=LINE('',#6128,#1226);
#592=LINE('',#6130,#1227);
#593=LINE('',#6132,#1228);
#594=LINE('',#6134,#1229);
#595=LINE('',#6136,#1230);
#596=LINE('',#6138,#1231);
#597=LINE('',#6140,#1232);
#598=LINE('',#6142,#1233);
#599=LINE('',#6144,#1234);
#600=LINE('',#6146,#1235);
#601=LINE('',#6148,#1236);
#602=LINE('',#6150,#1237);
#603=LINE('',#6152,#1238);
#604=LINE('',#6154,#1239);
#605=LINE('',#6156,#1240);
#606=LINE('',#6158,#1241);
#607=LINE('',#6160,#1242);
#608=LINE('',#6162,#1243);
#609=LINE('',#6164,#1244);
#610=LINE('',#6166,#1245);
#611=LINE('',#6168,#1246);
#612=LINE('',#6170,#1247);
#613=LINE('',#6172,#1248);
#614=LINE('',#6174,#1249);
#615=LINE('',#6176,#1250);
#616=LINE('',#6178,#1251);
#617=LINE('',#6180,#1252);
#618=LINE('',#6182,#1253);
#619=LINE('',#6184,#1254);
#620=LINE('',#6186,#1255);
#621=LINE('',#6188,#1256);
#622=LINE('',#6190,#1257);
#623=LINE('',#6192,#1258);
#624=LINE('',#6194,#1259);
#625=LINE('',#6196,#1260);
#626=LINE('',#6198,#1261);
#627=LINE('',#6200,#1262);
#628=LINE('',#6201,#1263);
#629=LINE('',#6204,#1264);
#630=LINE('',#6206,#1265);
#631=LINE('',#6208,#1266);
#632=LINE('',#6209,#1267);
#633=LINE('',#6212,#1268);
#634=LINE('',#6213,#1269);
#635=LINE('',#6217,#1270);
#636=LINE('',#6219,#1271);
#637=LINE('',#6221,#1272);
#638=LINE('',#6222,#1273);
#639=LINE('',#6226,#1274);
#640=LINE('',#6228,#1275);
#641=LINE('',#6230,#1276);
#642=LINE('',#6231,#1277);
#643=LINE('',#6235,#1278);
#644=LINE('',#6237,#1279);
#645=LINE('',#6239,#1280);
#646=LINE('',#6240,#1281);
#647=LINE('',#6244,#1282);
#648=LINE('',#6246,#1283);
#649=LINE('',#6248,#1284);
#650=LINE('',#6249,#1285);
#651=LINE('',#6253,#1286);
#652=LINE('',#6255,#1287);
#653=LINE('',#6257,#1288);
#654=LINE('',#6258,#1289);
#655=LINE('',#6262,#1290);
#656=LINE('',#6264,#1291);
#657=LINE('',#6266,#1292);
#658=LINE('',#6267,#1293);
#659=LINE('',#6271,#1294);
#660=LINE('',#6273,#1295);
#661=LINE('',#6275,#1296);
#662=LINE('',#6276,#1297);
#663=LINE('',#6280,#1298);
#664=LINE('',#6282,#1299);
#665=LINE('',#6284,#1300);
#666=LINE('',#6285,#1301);
#667=LINE('',#6289,#1302);
#668=LINE('',#6291,#1303);
#669=LINE('',#6293,#1304);
#670=LINE('',#6294,#1305);
#671=LINE('',#6298,#1306);
#672=LINE('',#6300,#1307);
#673=LINE('',#6302,#1308);
#674=LINE('',#6303,#1309);
#675=LINE('',#6307,#1310);
#676=LINE('',#6309,#1311);
#677=LINE('',#6311,#1312);
#678=LINE('',#6312,#1313);
#679=LINE('',#6316,#1314);
#680=LINE('',#6318,#1315);
#681=LINE('',#6320,#1316);
#682=LINE('',#6321,#1317);
#683=LINE('',#6325,#1318);
#684=LINE('',#6327,#1319);
#685=LINE('',#6329,#1320);
#686=LINE('',#6330,#1321);
#687=LINE('',#6334,#1322);
#688=LINE('',#6336,#1323);
#689=LINE('',#6338,#1324);
#690=LINE('',#6339,#1325);
#691=LINE('',#6342,#1326);
#692=LINE('',#6344,#1327);
#693=LINE('',#6345,#1328);
#694=LINE('',#6348,#1329);
#695=LINE('',#6350,#1330);
#696=LINE('',#6351,#1331);
#697=LINE('',#6354,#1332);
#698=LINE('',#6356,#1333);
#699=LINE('',#6357,#1334);
#700=LINE('',#6360,#1335);
#701=LINE('',#6362,#1336);
#702=LINE('',#6363,#1337);
#703=LINE('',#6366,#1338);
#704=LINE('',#6368,#1339);
#705=LINE('',#6369,#1340);
#706=LINE('',#6372,#1341);
#707=LINE('',#6374,#1342);
#708=LINE('',#6375,#1343);
#709=LINE('',#6378,#1344);
#710=LINE('',#6380,#1345);
#711=LINE('',#6381,#1346);
#712=LINE('',#6384,#1347);
#713=LINE('',#6386,#1348);
#714=LINE('',#6387,#1349);
#715=LINE('',#6390,#1350);
#716=LINE('',#6392,#1351);
#717=LINE('',#6393,#1352);
#718=LINE('',#6396,#1353);
#719=LINE('',#6398,#1354);
#720=LINE('',#6399,#1355);
#721=LINE('',#6402,#1356);
#722=LINE('',#6404,#1357);
#723=LINE('',#6405,#1358);
#724=LINE('',#6408,#1359);
#725=LINE('',#6410,#1360);
#726=LINE('',#6411,#1361);
#727=LINE('',#6414,#1362);
#728=LINE('',#6416,#1363);
#729=LINE('',#6417,#1364);
#730=LINE('',#6420,#1365);
#731=LINE('',#6422,#1366);
#732=LINE('',#6424,#1367);
#733=LINE('',#6425,#1368);
#734=LINE('',#6428,#1369);
#735=LINE('',#6430,#1370);
#736=LINE('',#6431,#1371);
#737=LINE('',#6434,#1372);
#738=LINE('',#6436,#1373);
#739=LINE('',#6437,#1374);
#740=LINE('',#6441,#1375);
#741=LINE('',#6443,#1376);
#742=LINE('',#6445,#1377);
#743=LINE('',#6446,#1378);
#744=LINE('',#6450,#1379);
#745=LINE('',#6452,#1380);
#746=LINE('',#6454,#1381);
#747=LINE('',#6455,#1382);
#748=LINE('',#6459,#1383);
#749=LINE('',#6461,#1384);
#750=LINE('',#6463,#1385);
#751=LINE('',#6464,#1386);
#752=LINE('',#6468,#1387);
#753=LINE('',#6470,#1388);
#754=LINE('',#6472,#1389);
#755=LINE('',#6473,#1390);
#756=LINE('',#6477,#1391);
#757=LINE('',#6479,#1392);
#758=LINE('',#6481,#1393);
#759=LINE('',#6482,#1394);
#760=LINE('',#6486,#1395);
#761=LINE('',#6488,#1396);
#762=LINE('',#6490,#1397);
#763=LINE('',#6491,#1398);
#764=LINE('',#6495,#1399);
#765=LINE('',#6497,#1400);
#766=LINE('',#6499,#1401);
#767=LINE('',#6500,#1402);
#768=LINE('',#6504,#1403);
#769=LINE('',#6506,#1404);
#770=LINE('',#6508,#1405);
#771=LINE('',#6509,#1406);
#772=LINE('',#6513,#1407);
#773=LINE('',#6515,#1408);
#774=LINE('',#6517,#1409);
#775=LINE('',#6518,#1410);
#776=LINE('',#6522,#1411);
#777=LINE('',#6524,#1412);
#778=LINE('',#6526,#1413);
#779=LINE('',#6527,#1414);
#780=LINE('',#6531,#1415);
#781=LINE('',#6533,#1416);
#782=LINE('',#6535,#1417);
#783=LINE('',#6536,#1418);
#784=LINE('',#6540,#1419);
#785=LINE('',#6542,#1420);
#786=LINE('',#6544,#1421);
#787=LINE('',#6545,#1422);
#788=LINE('',#6549,#1423);
#789=LINE('',#6551,#1424);
#790=LINE('',#6553,#1425);
#791=LINE('',#6554,#1426);
#792=LINE('',#6558,#1427);
#793=LINE('',#6560,#1428);
#794=LINE('',#6562,#1429);
#795=LINE('',#6563,#1430);
#796=LINE('',#6566,#1431);
#797=LINE('',#6568,#1432);
#798=LINE('',#6569,#1433);
#799=LINE('',#6572,#1434);
#800=LINE('',#6574,#1435);
#801=LINE('',#6575,#1436);
#802=LINE('',#6578,#1437);
#803=LINE('',#6580,#1438);
#804=LINE('',#6581,#1439);
#805=LINE('',#6584,#1440);
#806=LINE('',#6586,#1441);
#807=LINE('',#6587,#1442);
#808=LINE('',#6590,#1443);
#809=LINE('',#6592,#1444);
#810=LINE('',#6593,#1445);
#811=LINE('',#6596,#1446);
#812=LINE('',#6598,#1447);
#813=LINE('',#6599,#1448);
#814=LINE('',#6602,#1449);
#815=LINE('',#6604,#1450);
#816=LINE('',#6605,#1451);
#817=LINE('',#6608,#1452);
#818=LINE('',#6610,#1453);
#819=LINE('',#6611,#1454);
#820=LINE('',#6614,#1455);
#821=LINE('',#6616,#1456);
#822=LINE('',#6617,#1457);
#823=LINE('',#6620,#1458);
#824=LINE('',#6622,#1459);
#825=LINE('',#6623,#1460);
#826=LINE('',#6626,#1461);
#827=LINE('',#6628,#1462);
#828=LINE('',#6629,#1463);
#829=LINE('',#6632,#1464);
#830=LINE('',#6634,#1465);
#831=LINE('',#6635,#1466);
#832=LINE('',#6638,#1467);
#833=LINE('',#6640,#1468);
#834=LINE('',#6641,#1469);
#835=LINE('',#6644,#1470);
#836=LINE('',#6646,#1471);
#837=LINE('',#6647,#1472);
#838=LINE('',#6650,#1473);
#839=LINE('',#6652,#1474);
#840=LINE('',#6653,#1475);
#841=LINE('',#6656,#1476);
#842=LINE('',#6657,#1477);
#843=LINE('',#6659,#1478);
#844=LINE('',#6662,#1479);
#845=LINE('',#6664,#1480);
#846=LINE('',#6665,#1481);
#847=LINE('',#6667,#1482);
#848=LINE('',#6668,#1483);
#849=LINE('',#6671,#1484);
#850=LINE('',#6672,#1485);
#851=LINE('',#6674,#1486);
#852=LINE('',#6675,#1487);
#853=LINE('',#6677,#1488);
#854=LINE('',#6680,#1489);
#855=LINE('',#6681,#1490);
#856=LINE('',#6683,#1491);
#857=LINE('',#6686,#1492);
#858=LINE('',#6687,#1493);
#859=LINE('',#6689,#1494);
#860=LINE('',#6691,#1495);
#861=LINE('',#6694,#1496);
#862=LINE('',#6695,#1497);
#863=LINE('',#6697,#1498);
#864=LINE('',#6699,#1499);
#865=LINE('',#6701,#1500);
#866=LINE('',#6702,#1501);
#867=LINE('',#6703,#1502);
#868=LINE('',#6704,#1503);
#869=LINE('',#6707,#1504);
#870=LINE('',#6709,#1505);
#871=LINE('',#6710,#1506);
#872=LINE('',#6712,#1507);
#873=LINE('',#6713,#1508);
#874=LINE('',#6716,#1509);
#875=LINE('',#6717,#1510);
#876=LINE('',#6719,#1511);
#877=LINE('',#6720,#1512);
#878=LINE('',#6722,#1513);
#879=LINE('',#6725,#1514);
#880=LINE('',#6726,#1515);
#881=LINE('',#6728,#1516);
#882=LINE('',#6731,#1517);
#883=LINE('',#6732,#1518);
#884=LINE('',#6734,#1519);
#885=LINE('',#6737,#1520);
#886=LINE('',#6738,#1521);
#887=LINE('',#6740,#1522);
#888=LINE('',#6742,#1523);
#889=LINE('',#6745,#1524);
#890=LINE('',#6746,#1525);
#891=LINE('',#6748,#1526);
#892=LINE('',#6750,#1527);
#893=LINE('',#6752,#1528);
#894=LINE('',#6753,#1529);
#895=LINE('',#6754,#1530);
#896=LINE('',#6755,#1531);
#897=LINE('',#6758,#1532);
#898=LINE('',#6760,#1533);
#899=LINE('',#6761,#1534);
#900=LINE('',#6763,#1535);
#901=LINE('',#6764,#1536);
#902=LINE('',#6767,#1537);
#903=LINE('',#6768,#1538);
#904=LINE('',#6770,#1539);
#905=LINE('',#6771,#1540);
#906=LINE('',#6773,#1541);
#907=LINE('',#6776,#1542);
#908=LINE('',#6777,#1543);
#909=LINE('',#6779,#1544);
#910=LINE('',#6782,#1545);
#911=LINE('',#6783,#1546);
#912=LINE('',#6785,#1547);
#913=LINE('',#6788,#1548);
#914=LINE('',#6789,#1549);
#915=LINE('',#6791,#1550);
#916=LINE('',#6793,#1551);
#917=LINE('',#6796,#1552);
#918=LINE('',#6797,#1553);
#919=LINE('',#6799,#1554);
#920=LINE('',#6801,#1555);
#921=LINE('',#6803,#1556);
#922=LINE('',#6804,#1557);
#923=LINE('',#6805,#1558);
#924=LINE('',#6806,#1559);
#925=LINE('',#6809,#1560);
#926=LINE('',#6811,#1561);
#927=LINE('',#6812,#1562);
#928=LINE('',#6814,#1563);
#929=LINE('',#6815,#1564);
#930=LINE('',#6817,#1565);
#931=LINE('',#6820,#1566);
#932=LINE('',#6821,#1567);
#933=LINE('',#6824,#1568);
#934=LINE('',#6825,#1569);
#935=LINE('',#6827,#1570);
#936=LINE('',#6830,#1571);
#937=LINE('',#6831,#1572);
#938=LINE('',#6833,#1573);
#939=LINE('',#6835,#1574);
#940=LINE('',#6838,#1575);
#941=LINE('',#6839,#1576);
#942=LINE('',#6842,#1577);
#943=LINE('',#6843,#1578);
#944=LINE('',#6845,#1579);
#945=LINE('',#6847,#1580);
#946=LINE('',#6849,#1581);
#947=LINE('',#6850,#1582);
#948=LINE('',#6851,#1583);
#949=LINE('',#6852,#1584);
#950=LINE('',#6855,#1585);
#951=LINE('',#6857,#1586);
#952=LINE('',#6858,#1587);
#953=LINE('',#6860,#1588);
#954=LINE('',#6861,#1589);
#955=LINE('',#6863,#1590);
#956=LINE('',#6866,#1591);
#957=LINE('',#6867,#1592);
#958=LINE('',#6870,#1593);
#959=LINE('',#6871,#1594);
#960=LINE('',#6873,#1595);
#961=LINE('',#6876,#1596);
#962=LINE('',#6877,#1597);
#963=LINE('',#6879,#1598);
#964=LINE('',#6881,#1599);
#965=LINE('',#6884,#1600);
#966=LINE('',#6885,#1601);
#967=LINE('',#6888,#1602);
#968=LINE('',#6889,#1603);
#969=LINE('',#6891,#1604);
#970=LINE('',#6893,#1605);
#971=LINE('',#6895,#1606);
#972=LINE('',#6896,#1607);
#973=LINE('',#6897,#1608);
#974=LINE('',#6898,#1609);
#975=LINE('',#6901,#1610);
#976=LINE('',#6903,#1611);
#977=LINE('',#6904,#1612);
#978=LINE('',#6906,#1613);
#979=LINE('',#6907,#1614);
#980=LINE('',#6909,#1615);
#981=LINE('',#6912,#1616);
#982=LINE('',#6913,#1617);
#983=LINE('',#6916,#1618);
#984=LINE('',#6917,#1619);
#985=LINE('',#6919,#1620);
#986=LINE('',#6922,#1621);
#987=LINE('',#6923,#1622);
#988=LINE('',#6925,#1623);
#989=LINE('',#6927,#1624);
#990=LINE('',#6930,#1625);
#991=LINE('',#6931,#1626);
#992=LINE('',#6934,#1627);
#993=LINE('',#6935,#1628);
#994=LINE('',#6937,#1629);
#995=LINE('',#6939,#1630);
#996=LINE('',#6941,#1631);
#997=LINE('',#6942,#1632);
#998=LINE('',#6943,#1633);
#999=LINE('',#6944,#1634);
#1000=LINE('',#6947,#1635);
#1001=LINE('',#6949,#1636);
#1002=LINE('',#6950,#1637);
#1003=LINE('',#6952,#1638);
#1004=LINE('',#6953,#1639);
#1005=LINE('',#6955,#1640);
#1006=LINE('',#6958,#1641);
#1007=LINE('',#6959,#1642);
#1008=LINE('',#6962,#1643);
#1009=LINE('',#6963,#1644);
#1010=LINE('',#6965,#1645);
#1011=LINE('',#6968,#1646);
#1012=LINE('',#6969,#1647);
#1013=LINE('',#6971,#1648);
#1014=LINE('',#6973,#1649);
#1015=LINE('',#6976,#1650);
#1016=LINE('',#6977,#1651);
#1017=LINE('',#6980,#1652);
#1018=LINE('',#6981,#1653);
#1019=LINE('',#6983,#1654);
#1020=LINE('',#6985,#1655);
#1021=LINE('',#6987,#1656);
#1022=LINE('',#6988,#1657);
#1023=LINE('',#6989,#1658);
#1024=LINE('',#6990,#1659);
#1025=LINE('',#6993,#1660);
#1026=LINE('',#6995,#1661);
#1027=LINE('',#6996,#1662);
#1028=LINE('',#6998,#1663);
#1029=LINE('',#6999,#1664);
#1030=LINE('',#7002,#1665);
#1031=LINE('',#7003,#1666);
#1032=LINE('',#7005,#1667);
#1033=LINE('',#7007,#1668);
#1034=LINE('',#7009,#1669);
#1035=LINE('',#7011,#1670);
#1036=LINE('',#7015,#1671);
#1037=LINE('',#7016,#1672);
#1038=LINE('',#7017,#1673);
#1039=LINE('',#7020,#1674);
#1040=LINE('',#7021,#1675);
#1041=LINE('',#7024,#1676);
#1042=LINE('',#7025,#1677);
#1043=LINE('',#7028,#1678);
#1044=LINE('',#7030,#1679);
#1045=LINE('',#7031,#1680);
#1046=LINE('',#7034,#1681);
#1047=LINE('',#7035,#1682);
#1048=LINE('',#7039,#1683);
#1049=LINE('',#7040,#1684);
#1050=LINE('',#7041,#1685);
#1051=LINE('',#7044,#1686);
#1052=LINE('',#7045,#1687);
#1053=LINE('',#7047,#1688);
#1054=LINE('',#7049,#1689);
#1055=LINE('',#7052,#1690);
#1056=LINE('',#7053,#1691);
#1057=LINE('',#7057,#1692);
#1058=LINE('',#7058,#1693);
#1059=LINE('',#7059,#1694);
#1060=LINE('',#7062,#1695);
#1061=LINE('',#7063,#1696);
#1062=LINE('',#7066,#1697);
#1063=LINE('',#7067,#1698);
#1064=LINE('',#7070,#1699);
#1065=LINE('',#7071,#1700);
#1066=LINE('',#7074,#1701);
#1067=LINE('',#7075,#1702);
#1068=LINE('',#7078,#1703);
#1069=LINE('',#7079,#1704);
#1070=LINE('',#7082,#1705);
#1071=LINE('',#7083,#1706);
#1072=LINE('',#7085,#1707);
#1073=LINE('',#7089,#1708);
#1074=LINE('',#7090,#1709);
#1075=LINE('',#7091,#1710);
#1076=LINE('',#7094,#1711);
#1077=LINE('',#7095,#1712);
#1078=LINE('',#7098,#1713);
#1079=LINE('',#7099,#1714);
#1080=LINE('',#7102,#1715);
#1081=LINE('',#7103,#1716);
#1082=LINE('',#7106,#1717);
#1083=LINE('',#7108,#1718);
#1084=LINE('',#7109,#1719);
#1085=LINE('',#7112,#1720);
#1086=LINE('',#7113,#1721);
#1087=LINE('',#7116,#1722);
#1088=LINE('',#7117,#1723);
#1089=LINE('',#7120,#1724);
#1090=LINE('',#7121,#1725);
#1091=LINE('',#7123,#1726);
#1092=LINE('',#7125,#1727);
#1093=LINE('',#7128,#1728);
#1094=LINE('',#7130,#1729);
#1095=LINE('',#7131,#1730);
#1096=LINE('',#7134,#1731);
#1097=LINE('',#7136,#1732);
#1098=LINE('',#7137,#1733);
#1099=LINE('',#7140,#1734);
#1100=LINE('',#7141,#1735);
#1101=LINE('',#7144,#1736);
#1102=LINE('',#7146,#1737);
#1103=LINE('',#7147,#1738);
#1104=LINE('',#7149,#1739);
#1105=LINE('',#7152,#1740);
#1106=LINE('',#7153,#1741);
#1107=LINE('',#7156,#1742);
#1108=LINE('',#7157,#1743);
#1109=LINE('',#7160,#1744);
#1110=LINE('',#7161,#1745);
#1111=LINE('',#7163,#1746);
#1112=LINE('',#7165,#1747);
#1113=LINE('',#7167,#1748);
#1114=LINE('',#7169,#1749);
#1115=LINE('',#7170,#1750);
#1116=LINE('',#7173,#1751);
#1117=LINE('',#7175,#1752);
#1118=LINE('',#7177,#1753);
#1119=LINE('',#7178,#1754);
#1120=LINE('',#7180,#1755);
#1121=LINE('',#7182,#1756);
#1122=LINE('',#7184,#1757);
#1123=LINE('',#7185,#1758);
#1124=LINE('',#7186,#1759);
#1125=LINE('',#7188,#1760);
#1126=LINE('',#7189,#1761);
#1127=LINE('',#7190,#1762);
#1128=LINE('',#7192,#1763);
#1129=LINE('',#7193,#1764);
#1130=LINE('',#7194,#1765);
#1131=LINE('',#7196,#1766);
#1132=LINE('',#7197,#1767);
#1133=LINE('',#7198,#1768);
#1134=LINE('',#7200,#1769);
#1135=LINE('',#7202,#1770);
#1136=LINE('',#7205,#1771);
#1137=LINE('',#7207,#1772);
#1138=LINE('',#7210,#1773);
#1139=LINE('',#7212,#1774);
#1140=LINE('',#7215,#1775);
#1141=LINE('',#7217,#1776);
#1142=LINE('',#7222,#1777);
#1143=LINE('',#7224,#1778);
#1144=LINE('',#7227,#1779);
#1145=LINE('',#7229,#1780);
#1146=LINE('',#7232,#1781);
#1147=LINE('',#7234,#1782);
#1148=LINE('',#7237,#1783);
#1149=LINE('',#7239,#1784);
#1150=LINE('',#7242,#1785);
#1151=LINE('',#7244,#1786);
#1152=LINE('',#7247,#1787);
#1153=LINE('',#7249,#1788);
#1154=LINE('',#7252,#1789);
#1155=LINE('',#7254,#1790);
#1156=VECTOR('',#4845,10.);
#1157=VECTOR('',#4846,10.);
#1158=VECTOR('',#4847,10.);
#1159=VECTOR('',#4848,10.);
#1160=VECTOR('',#4849,10.);
#1161=VECTOR('',#4850,10.);
#1162=VECTOR('',#4851,10.);
#1163=VECTOR('',#4852,10.);
#1164=VECTOR('',#4855,10.);
#1165=VECTOR('',#4856,10.);
#1166=VECTOR('',#4857,10.);
#1167=VECTOR('',#4858,10.);
#1168=VECTOR('',#4859,10.);
#1169=VECTOR('',#4860,10.);
#1170=VECTOR('',#4861,10.);
#1171=VECTOR('',#4862,10.);
#1172=VECTOR('',#4863,10.);
#1173=VECTOR('',#4864,10.);
#1174=VECTOR('',#4865,10.);
#1175=VECTOR('',#4866,10.);
#1176=VECTOR('',#4867,10.);
#1177=VECTOR('',#4868,10.);
#1178=VECTOR('',#4869,10.);
#1179=VECTOR('',#4870,10.);
#1180=VECTOR('',#4871,10.);
#1181=VECTOR('',#4872,10.);
#1182=VECTOR('',#4873,10.);
#1183=VECTOR('',#4874,10.);
#1184=VECTOR('',#4875,10.);
#1185=VECTOR('',#4876,10.);
#1186=VECTOR('',#4877,10.);
#1187=VECTOR('',#4878,10.);
#1188=VECTOR('',#4879,10.);
#1189=VECTOR('',#4880,10.);
#1190=VECTOR('',#4881,10.);
#1191=VECTOR('',#4882,10.);
#1192=VECTOR('',#4883,10.);
#1193=VECTOR('',#4884,10.);
#1194=VECTOR('',#4885,10.);
#1195=VECTOR('',#4886,10.);
#1196=VECTOR('',#4887,10.);
#1197=VECTOR('',#4888,10.);
#1198=VECTOR('',#4889,10.);
#1199=VECTOR('',#4890,10.);
#1200=VECTOR('',#4891,10.);
#1201=VECTOR('',#4892,10.);
#1202=VECTOR('',#4893,10.);
#1203=VECTOR('',#4894,10.);
#1204=VECTOR('',#4895,10.);
#1205=VECTOR('',#4896,10.);
#1206=VECTOR('',#4897,10.);
#1207=VECTOR('',#4898,10.);
#1208=VECTOR('',#4899,10.);
#1209=VECTOR('',#4900,10.);
#1210=VECTOR('',#4901,10.);
#1211=VECTOR('',#4902,10.);
#1212=VECTOR('',#4903,10.);
#1213=VECTOR('',#4904,10.);
#1214=VECTOR('',#4905,10.);
#1215=VECTOR('',#4906,10.);
#1216=VECTOR('',#4907,10.);
#1217=VECTOR('',#4908,10.);
#1218=VECTOR('',#4909,10.);
#1219=VECTOR('',#4910,10.);
#1220=VECTOR('',#4911,10.);
#1221=VECTOR('',#4912,10.);
#1222=VECTOR('',#4913,10.);
#1223=VECTOR('',#4914,10.);
#1224=VECTOR('',#4915,10.);
#1225=VECTOR('',#4916,10.);
#1226=VECTOR('',#4917,10.);
#1227=VECTOR('',#4918,10.);
#1228=VECTOR('',#4919,10.);
#1229=VECTOR('',#4920,10.);
#1230=VECTOR('',#4921,10.);
#1231=VECTOR('',#4922,10.);
#1232=VECTOR('',#4923,10.);
#1233=VECTOR('',#4924,10.);
#1234=VECTOR('',#4925,10.);
#1235=VECTOR('',#4926,10.);
#1236=VECTOR('',#4927,10.);
#1237=VECTOR('',#4928,10.);
#1238=VECTOR('',#4929,10.);
#1239=VECTOR('',#4930,10.);
#1240=VECTOR('',#4931,10.);
#1241=VECTOR('',#4932,10.);
#1242=VECTOR('',#4933,10.);
#1243=VECTOR('',#4934,10.);
#1244=VECTOR('',#4935,10.);
#1245=VECTOR('',#4936,10.);
#1246=VECTOR('',#4937,10.);
#1247=VECTOR('',#4938,10.);
#1248=VECTOR('',#4939,10.);
#1249=VECTOR('',#4940,10.);
#1250=VECTOR('',#4941,10.);
#1251=VECTOR('',#4942,10.);
#1252=VECTOR('',#4943,10.);
#1253=VECTOR('',#4944,10.);
#1254=VECTOR('',#4945,10.);
#1255=VECTOR('',#4946,10.);
#1256=VECTOR('',#4947,10.);
#1257=VECTOR('',#4948,10.);
#1258=VECTOR('',#4949,10.);
#1259=VECTOR('',#4950,10.);
#1260=VECTOR('',#4951,10.);
#1261=VECTOR('',#4952,10.);
#1262=VECTOR('',#4953,10.);
#1263=VECTOR('',#4954,10.);
#1264=VECTOR('',#4957,10.);
#1265=VECTOR('',#4958,10.);
#1266=VECTOR('',#4959,10.);
#1267=VECTOR('',#4960,10.);
#1268=VECTOR('',#4963,10.);
#1269=VECTOR('',#4964,10.);
#1270=VECTOR('',#4967,10.);
#1271=VECTOR('',#4968,10.);
#1272=VECTOR('',#4969,10.);
#1273=VECTOR('',#4970,10.);
#1274=VECTOR('',#4973,10.);
#1275=VECTOR('',#4974,10.);
#1276=VECTOR('',#4975,10.);
#1277=VECTOR('',#4976,10.);
#1278=VECTOR('',#4979,10.);
#1279=VECTOR('',#4980,10.);
#1280=VECTOR('',#4981,10.);
#1281=VECTOR('',#4982,10.);
#1282=VECTOR('',#4985,10.);
#1283=VECTOR('',#4986,10.);
#1284=VECTOR('',#4987,10.);
#1285=VECTOR('',#4988,10.);
#1286=VECTOR('',#4991,10.);
#1287=VECTOR('',#4992,10.);
#1288=VECTOR('',#4993,10.);
#1289=VECTOR('',#4994,10.);
#1290=VECTOR('',#4997,10.);
#1291=VECTOR('',#4998,10.);
#1292=VECTOR('',#4999,10.);
#1293=VECTOR('',#5000,10.);
#1294=VECTOR('',#5003,10.);
#1295=VECTOR('',#5004,10.);
#1296=VECTOR('',#5005,10.);
#1297=VECTOR('',#5006,10.);
#1298=VECTOR('',#5009,10.);
#1299=VECTOR('',#5010,10.);
#1300=VECTOR('',#5011,10.);
#1301=VECTOR('',#5012,10.);
#1302=VECTOR('',#5015,10.);
#1303=VECTOR('',#5016,10.);
#1304=VECTOR('',#5017,10.);
#1305=VECTOR('',#5018,10.);
#1306=VECTOR('',#5021,10.);
#1307=VECTOR('',#5022,10.);
#1308=VECTOR('',#5023,10.);
#1309=VECTOR('',#5024,10.);
#1310=VECTOR('',#5027,10.);
#1311=VECTOR('',#5028,10.);
#1312=VECTOR('',#5029,10.);
#1313=VECTOR('',#5030,10.);
#1314=VECTOR('',#5033,10.);
#1315=VECTOR('',#5034,10.);
#1316=VECTOR('',#5035,10.);
#1317=VECTOR('',#5036,10.);
#1318=VECTOR('',#5039,10.);
#1319=VECTOR('',#5040,10.);
#1320=VECTOR('',#5041,10.);
#1321=VECTOR('',#5042,10.);
#1322=VECTOR('',#5045,10.);
#1323=VECTOR('',#5046,10.);
#1324=VECTOR('',#5047,10.);
#1325=VECTOR('',#5048,10.);
#1326=VECTOR('',#5051,10.);
#1327=VECTOR('',#5052,10.);
#1328=VECTOR('',#5053,10.);
#1329=VECTOR('',#5056,10.);
#1330=VECTOR('',#5057,10.);
#1331=VECTOR('',#5058,10.);
#1332=VECTOR('',#5061,10.);
#1333=VECTOR('',#5062,10.);
#1334=VECTOR('',#5063,10.);
#1335=VECTOR('',#5066,10.);
#1336=VECTOR('',#5067,10.);
#1337=VECTOR('',#5068,10.);
#1338=VECTOR('',#5071,10.);
#1339=VECTOR('',#5072,10.);
#1340=VECTOR('',#5073,10.);
#1341=VECTOR('',#5076,10.);
#1342=VECTOR('',#5077,10.);
#1343=VECTOR('',#5078,10.);
#1344=VECTOR('',#5081,10.);
#1345=VECTOR('',#5082,10.);
#1346=VECTOR('',#5083,10.);
#1347=VECTOR('',#5086,10.);
#1348=VECTOR('',#5087,10.);
#1349=VECTOR('',#5088,10.);
#1350=VECTOR('',#5091,10.);
#1351=VECTOR('',#5092,10.);
#1352=VECTOR('',#5093,10.);
#1353=VECTOR('',#5096,10.);
#1354=VECTOR('',#5097,10.);
#1355=VECTOR('',#5098,10.);
#1356=VECTOR('',#5101,10.);
#1357=VECTOR('',#5102,10.);
#1358=VECTOR('',#5103,10.);
#1359=VECTOR('',#5106,10.);
#1360=VECTOR('',#5107,10.);
#1361=VECTOR('',#5108,10.);
#1362=VECTOR('',#5111,10.);
#1363=VECTOR('',#5112,10.);
#1364=VECTOR('',#5113,10.);
#1365=VECTOR('',#5116,10.);
#1366=VECTOR('',#5117,10.);
#1367=VECTOR('',#5118,10.);
#1368=VECTOR('',#5119,10.);
#1369=VECTOR('',#5122,10.);
#1370=VECTOR('',#5123,10.);
#1371=VECTOR('',#5124,10.);
#1372=VECTOR('',#5127,10.);
#1373=VECTOR('',#5128,10.);
#1374=VECTOR('',#5129,10.);
#1375=VECTOR('',#5132,10.);
#1376=VECTOR('',#5133,10.);
#1377=VECTOR('',#5134,10.);
#1378=VECTOR('',#5135,10.);
#1379=VECTOR('',#5138,10.);
#1380=VECTOR('',#5139,10.);
#1381=VECTOR('',#5140,10.);
#1382=VECTOR('',#5141,10.);
#1383=VECTOR('',#5144,10.);
#1384=VECTOR('',#5145,10.);
#1385=VECTOR('',#5146,10.);
#1386=VECTOR('',#5147,10.);
#1387=VECTOR('',#5150,10.);
#1388=VECTOR('',#5151,10.);
#1389=VECTOR('',#5152,10.);
#1390=VECTOR('',#5153,10.);
#1391=VECTOR('',#5156,10.);
#1392=VECTOR('',#5157,10.);
#1393=VECTOR('',#5158,10.);
#1394=VECTOR('',#5159,10.);
#1395=VECTOR('',#5162,10.);
#1396=VECTOR('',#5163,10.);
#1397=VECTOR('',#5164,10.);
#1398=VECTOR('',#5165,10.);
#1399=VECTOR('',#5168,10.);
#1400=VECTOR('',#5169,10.);
#1401=VECTOR('',#5170,10.);
#1402=VECTOR('',#5171,10.);
#1403=VECTOR('',#5174,10.);
#1404=VECTOR('',#5175,10.);
#1405=VECTOR('',#5176,10.);
#1406=VECTOR('',#5177,10.);
#1407=VECTOR('',#5180,10.);
#1408=VECTOR('',#5181,10.);
#1409=VECTOR('',#5182,10.);
#1410=VECTOR('',#5183,10.);
#1411=VECTOR('',#5186,10.);
#1412=VECTOR('',#5187,10.);
#1413=VECTOR('',#5188,10.);
#1414=VECTOR('',#5189,10.);
#1415=VECTOR('',#5192,10.);
#1416=VECTOR('',#5193,10.);
#1417=VECTOR('',#5194,10.);
#1418=VECTOR('',#5195,10.);
#1419=VECTOR('',#5198,10.);
#1420=VECTOR('',#5199,10.);
#1421=VECTOR('',#5200,10.);
#1422=VECTOR('',#5201,10.);
#1423=VECTOR('',#5204,10.);
#1424=VECTOR('',#5205,10.);
#1425=VECTOR('',#5206,10.);
#1426=VECTOR('',#5207,10.);
#1427=VECTOR('',#5210,10.);
#1428=VECTOR('',#5211,10.);
#1429=VECTOR('',#5212,10.);
#1430=VECTOR('',#5213,10.);
#1431=VECTOR('',#5216,10.);
#1432=VECTOR('',#5217,10.);
#1433=VECTOR('',#5218,10.);
#1434=VECTOR('',#5221,10.);
#1435=VECTOR('',#5222,10.);
#1436=VECTOR('',#5223,10.);
#1437=VECTOR('',#5226,10.);
#1438=VECTOR('',#5227,10.);
#1439=VECTOR('',#5228,10.);
#1440=VECTOR('',#5231,10.);
#1441=VECTOR('',#5232,10.);
#1442=VECTOR('',#5233,10.);
#1443=VECTOR('',#5236,10.);
#1444=VECTOR('',#5237,10.);
#1445=VECTOR('',#5238,10.);
#1446=VECTOR('',#5241,10.);
#1447=VECTOR('',#5242,10.);
#1448=VECTOR('',#5243,10.);
#1449=VECTOR('',#5246,10.);
#1450=VECTOR('',#5247,10.);
#1451=VECTOR('',#5248,10.);
#1452=VECTOR('',#5251,10.);
#1453=VECTOR('',#5252,10.);
#1454=VECTOR('',#5253,10.);
#1455=VECTOR('',#5256,10.);
#1456=VECTOR('',#5257,10.);
#1457=VECTOR('',#5258,10.);
#1458=VECTOR('',#5261,10.);
#1459=VECTOR('',#5262,10.);
#1460=VECTOR('',#5263,10.);
#1461=VECTOR('',#5266,10.);
#1462=VECTOR('',#5267,10.);
#1463=VECTOR('',#5268,10.);
#1464=VECTOR('',#5271,10.);
#1465=VECTOR('',#5272,10.);
#1466=VECTOR('',#5273,10.);
#1467=VECTOR('',#5276,10.);
#1468=VECTOR('',#5277,10.);
#1469=VECTOR('',#5278,10.);
#1470=VECTOR('',#5281,10.);
#1471=VECTOR('',#5282,10.);
#1472=VECTOR('',#5283,10.);
#1473=VECTOR('',#5286,10.);
#1474=VECTOR('',#5287,10.);
#1475=VECTOR('',#5288,10.);
#1476=VECTOR('',#5291,10.);
#1477=VECTOR('',#5292,10.);
#1478=VECTOR('',#5295,10.);
#1479=VECTOR('',#5298,10.);
#1480=VECTOR('',#5299,10.);
#1481=VECTOR('',#5300,10.);
#1482=VECTOR('',#5303,10.);
#1483=VECTOR('',#5304,10.);
#1484=VECTOR('',#5307,10.);
#1485=VECTOR('',#5308,10.);
#1486=VECTOR('',#5311,10.);
#1487=VECTOR('',#5312,10.);
#1488=VECTOR('',#5315,10.);
#1489=VECTOR('',#5318,10.);
#1490=VECTOR('',#5319,10.);
#1491=VECTOR('',#5322,10.);
#1492=VECTOR('',#5325,10.);
#1493=VECTOR('',#5326,10.);
#1494=VECTOR('',#5329,10.);
#1495=VECTOR('',#5332,10.);
#1496=VECTOR('',#5335,10.);
#1497=VECTOR('',#5336,10.);
#1498=VECTOR('',#5339,10.);
#1499=VECTOR('',#5342,10.);
#1500=VECTOR('',#5343,10.);
#1501=VECTOR('',#5344,10.);
#1502=VECTOR('',#5345,10.);
#1503=VECTOR('',#5346,10.);
#1504=VECTOR('',#5349,10.);
#1505=VECTOR('',#5350,10.);
#1506=VECTOR('',#5351,10.);
#1507=VECTOR('',#5354,10.);
#1508=VECTOR('',#5355,10.);
#1509=VECTOR('',#5358,10.);
#1510=VECTOR('',#5359,10.);
#1511=VECTOR('',#5362,10.);
#1512=VECTOR('',#5363,10.);
#1513=VECTOR('',#5366,10.);
#1514=VECTOR('',#5369,10.);
#1515=VECTOR('',#5370,10.);
#1516=VECTOR('',#5373,10.);
#1517=VECTOR('',#5376,10.);
#1518=VECTOR('',#5377,10.);
#1519=VECTOR('',#5380,10.);
#1520=VECTOR('',#5383,10.);
#1521=VECTOR('',#5384,10.);
#1522=VECTOR('',#5387,10.);
#1523=VECTOR('',#5390,10.);
#1524=VECTOR('',#5393,10.);
#1525=VECTOR('',#5394,10.);
#1526=VECTOR('',#5397,10.);
#1527=VECTOR('',#5400,10.);
#1528=VECTOR('',#5401,10.);
#1529=VECTOR('',#5402,10.);
#1530=VECTOR('',#5403,10.);
#1531=VECTOR('',#5404,10.);
#1532=VECTOR('',#5407,10.);
#1533=VECTOR('',#5408,10.);
#1534=VECTOR('',#5409,10.);
#1535=VECTOR('',#5412,10.);
#1536=VECTOR('',#5413,10.);
#1537=VECTOR('',#5416,10.);
#1538=VECTOR('',#5417,10.);
#1539=VECTOR('',#5420,10.);
#1540=VECTOR('',#5421,10.);
#1541=VECTOR('',#5424,10.);
#1542=VECTOR('',#5427,10.);
#1543=VECTOR('',#5428,10.);
#1544=VECTOR('',#5431,10.);
#1545=VECTOR('',#5434,10.);
#1546=VECTOR('',#5435,10.);
#1547=VECTOR('',#5438,10.);
#1548=VECTOR('',#5441,10.);
#1549=VECTOR('',#5442,10.);
#1550=VECTOR('',#5445,10.);
#1551=VECTOR('',#5448,10.);
#1552=VECTOR('',#5451,10.);
#1553=VECTOR('',#5452,10.);
#1554=VECTOR('',#5455,10.);
#1555=VECTOR('',#5458,10.);
#1556=VECTOR('',#5459,10.);
#1557=VECTOR('',#5460,10.);
#1558=VECTOR('',#5461,10.);
#1559=VECTOR('',#5462,10.);
#1560=VECTOR('',#5465,10.);
#1561=VECTOR('',#5466,10.);
#1562=VECTOR('',#5467,10.);
#1563=VECTOR('',#5470,10.);
#1564=VECTOR('',#5471,10.);
#1565=VECTOR('',#5474,10.);
#1566=VECTOR('',#5477,10.);
#1567=VECTOR('',#5478,10.);
#1568=VECTOR('',#5481,10.);
#1569=VECTOR('',#5482,10.);
#1570=VECTOR('',#5485,10.);
#1571=VECTOR('',#5488,10.);
#1572=VECTOR('',#5489,10.);
#1573=VECTOR('',#5492,10.);
#1574=VECTOR('',#5495,10.);
#1575=VECTOR('',#5498,10.);
#1576=VECTOR('',#5499,10.);
#1577=VECTOR('',#5502,10.);
#1578=VECTOR('',#5503,10.);
#1579=VECTOR('',#5506,10.);
#1580=VECTOR('',#5509,10.);
#1581=VECTOR('',#5510,10.);
#1582=VECTOR('',#5511,10.);
#1583=VECTOR('',#5512,10.);
#1584=VECTOR('',#5513,10.);
#1585=VECTOR('',#5516,10.);
#1586=VECTOR('',#5517,10.);
#1587=VECTOR('',#5518,10.);
#1588=VECTOR('',#5521,10.);
#1589=VECTOR('',#5522,10.);
#1590=VECTOR('',#5525,10.);
#1591=VECTOR('',#5528,10.);
#1592=VECTOR('',#5529,10.);
#1593=VECTOR('',#5532,10.);
#1594=VECTOR('',#5533,10.);
#1595=VECTOR('',#5536,10.);
#1596=VECTOR('',#5539,10.);
#1597=VECTOR('',#5540,10.);
#1598=VECTOR('',#5543,10.);
#1599=VECTOR('',#5546,10.);
#1600=VECTOR('',#5549,10.);
#1601=VECTOR('',#5550,10.);
#1602=VECTOR('',#5553,10.);
#1603=VECTOR('',#5554,10.);
#1604=VECTOR('',#5557,10.);
#1605=VECTOR('',#5560,10.);
#1606=VECTOR('',#5561,10.);
#1607=VECTOR('',#5562,10.);
#1608=VECTOR('',#5563,10.);
#1609=VECTOR('',#5564,10.);
#1610=VECTOR('',#5567,10.);
#1611=VECTOR('',#5568,10.);
#1612=VECTOR('',#5569,10.);
#1613=VECTOR('',#5572,10.);
#1614=VECTOR('',#5573,10.);
#1615=VECTOR('',#5576,10.);
#1616=VECTOR('',#5579,10.);
#1617=VECTOR('',#5580,10.);
#1618=VECTOR('',#5583,10.);
#1619=VECTOR('',#5584,10.);
#1620=VECTOR('',#5587,10.);
#1621=VECTOR('',#5590,10.);
#1622=VECTOR('',#5591,10.);
#1623=VECTOR('',#5594,10.);
#1624=VECTOR('',#5597,10.);
#1625=VECTOR('',#5600,10.);
#1626=VECTOR('',#5601,10.);
#1627=VECTOR('',#5604,10.);
#1628=VECTOR('',#5605,10.);
#1629=VECTOR('',#5608,10.);
#1630=VECTOR('',#5611,10.);
#1631=VECTOR('',#5612,10.);
#1632=VECTOR('',#5613,10.);
#1633=VECTOR('',#5614,10.);
#1634=VECTOR('',#5615,10.);
#1635=VECTOR('',#5618,10.);
#1636=VECTOR('',#5619,10.);
#1637=VECTOR('',#5620,10.);
#1638=VECTOR('',#5623,10.);
#1639=VECTOR('',#5624,10.);
#1640=VECTOR('',#5627,10.);
#1641=VECTOR('',#5630,10.);
#1642=VECTOR('',#5631,10.);
#1643=VECTOR('',#5634,10.);
#1644=VECTOR('',#5635,10.);
#1645=VECTOR('',#5638,10.);
#1646=VECTOR('',#5641,10.);
#1647=VECTOR('',#5642,10.);
#1648=VECTOR('',#5645,10.);
#1649=VECTOR('',#5648,10.);
#1650=VECTOR('',#5651,10.);
#1651=VECTOR('',#5652,10.);
#1652=VECTOR('',#5655,10.);
#1653=VECTOR('',#5656,10.);
#1654=VECTOR('',#5659,10.);
#1655=VECTOR('',#5662,10.);
#1656=VECTOR('',#5663,10.);
#1657=VECTOR('',#5664,10.);
#1658=VECTOR('',#5665,10.);
#1659=VECTOR('',#5666,10.);
#1660=VECTOR('',#5669,10.);
#1661=VECTOR('',#5670,10.);
#1662=VECTOR('',#5671,10.);
#1663=VECTOR('',#5674,10.);
#1664=VECTOR('',#5675,10.);
#1665=VECTOR('',#5678,10.);
#1666=VECTOR('',#5679,10.);
#1667=VECTOR('',#5682,10.);
#1668=VECTOR('',#5685,10.);
#1669=VECTOR('',#5688,10.);
#1670=VECTOR('',#5691,10.);
#1671=VECTOR('',#5694,10.);
#1672=VECTOR('',#5695,10.);
#1673=VECTOR('',#5696,10.);
#1674=VECTOR('',#5699,10.);
#1675=VECTOR('',#5700,10.);
#1676=VECTOR('',#5703,10.);
#1677=VECTOR('',#5704,10.);
#1678=VECTOR('',#5707,10.);
#1679=VECTOR('',#5708,10.);
#1680=VECTOR('',#5709,10.);
#1681=VECTOR('',#5712,10.);
#1682=VECTOR('',#5713,10.);
#1683=VECTOR('',#5716,10.);
#1684=VECTOR('',#5717,10.);
#1685=VECTOR('',#5718,10.);
#1686=VECTOR('',#5721,10.);
#1687=VECTOR('',#5722,10.);
#1688=VECTOR('',#5725,10.);
#1689=VECTOR('',#5728,10.);
#1690=VECTOR('',#5731,10.);
#1691=VECTOR('',#5732,10.);
#1692=VECTOR('',#5735,10.);
#1693=VECTOR('',#5736,10.);
#1694=VECTOR('',#5737,10.);
#1695=VECTOR('',#5740,10.);
#1696=VECTOR('',#5741,10.);
#1697=VECTOR('',#5744,10.);
#1698=VECTOR('',#5745,10.);
#1699=VECTOR('',#5748,10.);
#1700=VECTOR('',#5749,10.);
#1701=VECTOR('',#5752,10.);
#1702=VECTOR('',#5753,10.);
#1703=VECTOR('',#5756,10.);
#1704=VECTOR('',#5757,10.);
#1705=VECTOR('',#5760,10.);
#1706=VECTOR('',#5761,10.);
#1707=VECTOR('',#5764,10.);
#1708=VECTOR('',#5767,10.);
#1709=VECTOR('',#5768,10.);
#1710=VECTOR('',#5769,10.);
#1711=VECTOR('',#5772,10.);
#1712=VECTOR('',#5773,10.);
#1713=VECTOR('',#5776,10.);
#1714=VECTOR('',#5777,10.);
#1715=VECTOR('',#5780,10.);
#1716=VECTOR('',#5781,10.);
#1717=VECTOR('',#5784,10.);
#1718=VECTOR('',#5785,10.);
#1719=VECTOR('',#5786,10.);
#1720=VECTOR('',#5789,10.);
#1721=VECTOR('',#5790,10.);
#1722=VECTOR('',#5793,10.);
#1723=VECTOR('',#5794,10.);
#1724=VECTOR('',#5797,10.);
#1725=VECTOR('',#5798,10.);
#1726=VECTOR('',#5801,10.);
#1727=VECTOR('',#5804,10.);
#1728=VECTOR('',#5807,10.);
#1729=VECTOR('',#5808,10.);
#1730=VECTOR('',#5809,10.);
#1731=VECTOR('',#5812,10.);
#1732=VECTOR('',#5813,10.);
#1733=VECTOR('',#5814,10.);
#1734=VECTOR('',#5817,10.);
#1735=VECTOR('',#5818,10.);
#1736=VECTOR('',#5821,10.);
#1737=VECTOR('',#5822,10.);
#1738=VECTOR('',#5823,10.);
#1739=VECTOR('',#5826,10.);
#1740=VECTOR('',#5829,10.);
#1741=VECTOR('',#5830,10.);
#1742=VECTOR('',#5833,10.);
#1743=VECTOR('',#5834,10.);
#1744=VECTOR('',#5837,10.);
#1745=VECTOR('',#5838,10.);
#1746=VECTOR('',#5841,10.);
#1747=VECTOR('',#5844,10.);
#1748=VECTOR('',#5847,10.);
#1749=VECTOR('',#5850,10.);
#1750=VECTOR('',#5851,10.);
#1751=VECTOR('',#5856,10.);
#1752=VECTOR('',#5859,10.);
#1753=VECTOR('',#5862,10.);
#1754=VECTOR('',#5863,10.);
#1755=VECTOR('',#5866,10.);
#1756=VECTOR('',#5869,10.);
#1757=VECTOR('',#5872,10.);
#1758=VECTOR('',#5873,10.);
#1759=VECTOR('',#5874,10.);
#1760=VECTOR('',#5877,10.);
#1761=VECTOR('',#5878,10.);
#1762=VECTOR('',#5879,10.);
#1763=VECTOR('',#5882,10.);
#1764=VECTOR('',#5883,10.);
#1765=VECTOR('',#5884,10.);
#1766=VECTOR('',#5887,10.);
#1767=VECTOR('',#5888,10.);
#1768=VECTOR('',#5889,10.);
#1769=VECTOR('',#5892,10.);
#1770=VECTOR('',#5895,10.);
#1771=VECTOR('',#5900,10.);
#1772=VECTOR('',#5903,10.);
#1773=VECTOR('',#5908,10.);
#1774=VECTOR('',#5911,10.);
#1775=VECTOR('',#5916,10.);
#1776=VECTOR('',#5919,10.);
#1777=VECTOR('',#5928,10.);
#1778=VECTOR('',#5931,10.);
#1779=VECTOR('',#5936,10.);
#1780=VECTOR('',#5939,10.);
#1781=VECTOR('',#5944,10.);
#1782=VECTOR('',#5947,10.);
#1783=VECTOR('',#5952,10.);
#1784=VECTOR('',#5955,10.);
#1785=VECTOR('',#5960,10.);
#1786=VECTOR('',#5963,10.);
#1787=VECTOR('',#5968,10.);
#1788=VECTOR('',#5971,10.);
#1789=VECTOR('',#5976,10.);
#1790=VECTOR('',#5979,10.);
#1791=VERTEX_POINT('',#5986);
#1792=VERTEX_POINT('',#5987);
#1793=VERTEX_POINT('',#5989);
#1794=VERTEX_POINT('',#5991);
#1795=VERTEX_POINT('',#5993);
#1796=VERTEX_POINT('',#5995);
#1797=VERTEX_POINT('',#5997);
#1798=VERTEX_POINT('',#5999);
#1799=VERTEX_POINT('',#6003);
#1800=VERTEX_POINT('',#6005);
#1801=VERTEX_POINT('',#6007);
#1802=VERTEX_POINT('',#6009);
#1803=VERTEX_POINT('',#6011);
#1804=VERTEX_POINT('',#6013);
#1805=VERTEX_POINT('',#6015);
#1806=VERTEX_POINT('',#6017);
#1807=VERTEX_POINT('',#6019);
#1808=VERTEX_POINT('',#6021);
#1809=VERTEX_POINT('',#6023);
#1810=VERTEX_POINT('',#6025);
#1811=VERTEX_POINT('',#6027);
#1812=VERTEX_POINT('',#6029);
#1813=VERTEX_POINT('',#6031);
#1814=VERTEX_POINT('',#6033);
#1815=VERTEX_POINT('',#6035);
#1816=VERTEX_POINT('',#6037);
#1817=VERTEX_POINT('',#6039);
#1818=VERTEX_POINT('',#6041);
#1819=VERTEX_POINT('',#6043);
#1820=VERTEX_POINT('',#6045);
#1821=VERTEX_POINT('',#6047);
#1822=VERTEX_POINT('',#6049);
#1823=VERTEX_POINT('',#6051);
#1824=VERTEX_POINT('',#6053);
#1825=VERTEX_POINT('',#6055);
#1826=VERTEX_POINT('',#6057);
#1827=VERTEX_POINT('',#6059);
#1828=VERTEX_POINT('',#6061);
#1829=VERTEX_POINT('',#6063);
#1830=VERTEX_POINT('',#6065);
#1831=VERTEX_POINT('',#6067);
#1832=VERTEX_POINT('',#6069);
#1833=VERTEX_POINT('',#6071);
#1834=VERTEX_POINT('',#6073);
#1835=VERTEX_POINT('',#6075);
#1836=VERTEX_POINT('',#6077);
#1837=VERTEX_POINT('',#6079);
#1838=VERTEX_POINT('',#6081);
#1839=VERTEX_POINT('',#6083);
#1840=VERTEX_POINT('',#6085);
#1841=VERTEX_POINT('',#6087);
#1842=VERTEX_POINT('',#6089);
#1843=VERTEX_POINT('',#6091);
#1844=VERTEX_POINT('',#6093);
#1845=VERTEX_POINT('',#6095);
#1846=VERTEX_POINT('',#6097);
#1847=VERTEX_POINT('',#6099);
#1848=VERTEX_POINT('',#6101);
#1849=VERTEX_POINT('',#6103);
#1850=VERTEX_POINT('',#6105);
#1851=VERTEX_POINT('',#6107);
#1852=VERTEX_POINT('',#6109);
#1853=VERTEX_POINT('',#6111);
#1854=VERTEX_POINT('',#6113);
#1855=VERTEX_POINT('',#6115);
#1856=VERTEX_POINT('',#6117);
#1857=VERTEX_POINT('',#6119);
#1858=VERTEX_POINT('',#6121);
#1859=VERTEX_POINT('',#6123);
#1860=VERTEX_POINT('',#6125);
#1861=VERTEX_POINT('',#6127);
#1862=VERTEX_POINT('',#6129);
#1863=VERTEX_POINT('',#6131);
#1864=VERTEX_POINT('',#6133);
#1865=VERTEX_POINT('',#6135);
#1866=VERTEX_POINT('',#6137);
#1867=VERTEX_POINT('',#6139);
#1868=VERTEX_POINT('',#6141);
#1869=VERTEX_POINT('',#6143);
#1870=VERTEX_POINT('',#6145);
#1871=VERTEX_POINT('',#6147);
#1872=VERTEX_POINT('',#6149);
#1873=VERTEX_POINT('',#6151);
#1874=VERTEX_POINT('',#6153);
#1875=VERTEX_POINT('',#6155);
#1876=VERTEX_POINT('',#6157);
#1877=VERTEX_POINT('',#6159);
#1878=VERTEX_POINT('',#6161);
#1879=VERTEX_POINT('',#6163);
#1880=VERTEX_POINT('',#6165);
#1881=VERTEX_POINT('',#6167);
#1882=VERTEX_POINT('',#6169);
#1883=VERTEX_POINT('',#6171);
#1884=VERTEX_POINT('',#6173);
#1885=VERTEX_POINT('',#6175);
#1886=VERTEX_POINT('',#6177);
#1887=VERTEX_POINT('',#6179);
#1888=VERTEX_POINT('',#6181);
#1889=VERTEX_POINT('',#6183);
#1890=VERTEX_POINT('',#6185);
#1891=VERTEX_POINT('',#6187);
#1892=VERTEX_POINT('',#6189);
#1893=VERTEX_POINT('',#6191);
#1894=VERTEX_POINT('',#6193);
#1895=VERTEX_POINT('',#6195);
#1896=VERTEX_POINT('',#6197);
#1897=VERTEX_POINT('',#6199);
#1898=VERTEX_POINT('',#6203);
#1899=VERTEX_POINT('',#6205);
#1900=VERTEX_POINT('',#6207);
#1901=VERTEX_POINT('',#6211);
#1902=VERTEX_POINT('',#6215);
#1903=VERTEX_POINT('',#6216);
#1904=VERTEX_POINT('',#6218);
#1905=VERTEX_POINT('',#6220);
#1906=VERTEX_POINT('',#6224);
#1907=VERTEX_POINT('',#6225);
#1908=VERTEX_POINT('',#6227);
#1909=VERTEX_POINT('',#6229);
#1910=VERTEX_POINT('',#6233);
#1911=VERTEX_POINT('',#6234);
#1912=VERTEX_POINT('',#6236);
#1913=VERTEX_POINT('',#6238);
#1914=VERTEX_POINT('',#6242);
#1915=VERTEX_POINT('',#6243);
#1916=VERTEX_POINT('',#6245);
#1917=VERTEX_POINT('',#6247);
#1918=VERTEX_POINT('',#6251);
#1919=VERTEX_POINT('',#6252);
#1920=VERTEX_POINT('',#6254);
#1921=VERTEX_POINT('',#6256);
#1922=VERTEX_POINT('',#6260);
#1923=VERTEX_POINT('',#6261);
#1924=VERTEX_POINT('',#6263);
#1925=VERTEX_POINT('',#6265);
#1926=VERTEX_POINT('',#6269);
#1927=VERTEX_POINT('',#6270);
#1928=VERTEX_POINT('',#6272);
#1929=VERTEX_POINT('',#6274);
#1930=VERTEX_POINT('',#6278);
#1931=VERTEX_POINT('',#6279);
#1932=VERTEX_POINT('',#6281);
#1933=VERTEX_POINT('',#6283);
#1934=VERTEX_POINT('',#6287);
#1935=VERTEX_POINT('',#6288);
#1936=VERTEX_POINT('',#6290);
#1937=VERTEX_POINT('',#6292);
#1938=VERTEX_POINT('',#6296);
#1939=VERTEX_POINT('',#6297);
#1940=VERTEX_POINT('',#6299);
#1941=VERTEX_POINT('',#6301);
#1942=VERTEX_POINT('',#6305);
#1943=VERTEX_POINT('',#6306);
#1944=VERTEX_POINT('',#6308);
#1945=VERTEX_POINT('',#6310);
#1946=VERTEX_POINT('',#6314);
#1947=VERTEX_POINT('',#6315);
#1948=VERTEX_POINT('',#6317);
#1949=VERTEX_POINT('',#6319);
#1950=VERTEX_POINT('',#6323);
#1951=VERTEX_POINT('',#6324);
#1952=VERTEX_POINT('',#6326);
#1953=VERTEX_POINT('',#6328);
#1954=VERTEX_POINT('',#6332);
#1955=VERTEX_POINT('',#6333);
#1956=VERTEX_POINT('',#6335);
#1957=VERTEX_POINT('',#6337);
#1958=VERTEX_POINT('',#6341);
#1959=VERTEX_POINT('',#6343);
#1960=VERTEX_POINT('',#6347);
#1961=VERTEX_POINT('',#6349);
#1962=VERTEX_POINT('',#6353);
#1963=VERTEX_POINT('',#6355);
#1964=VERTEX_POINT('',#6359);
#1965=VERTEX_POINT('',#6361);
#1966=VERTEX_POINT('',#6365);
#1967=VERTEX_POINT('',#6367);
#1968=VERTEX_POINT('',#6371);
#1969=VERTEX_POINT('',#6373);
#1970=VERTEX_POINT('',#6377);
#1971=VERTEX_POINT('',#6379);
#1972=VERTEX_POINT('',#6383);
#1973=VERTEX_POINT('',#6385);
#1974=VERTEX_POINT('',#6389);
#1975=VERTEX_POINT('',#6391);
#1976=VERTEX_POINT('',#6395);
#1977=VERTEX_POINT('',#6397);
#1978=VERTEX_POINT('',#6401);
#1979=VERTEX_POINT('',#6403);
#1980=VERTEX_POINT('',#6407);
#1981=VERTEX_POINT('',#6409);
#1982=VERTEX_POINT('',#6413);
#1983=VERTEX_POINT('',#6415);
#1984=VERTEX_POINT('',#6419);
#1985=VERTEX_POINT('',#6421);
#1986=VERTEX_POINT('',#6423);
#1987=VERTEX_POINT('',#6427);
#1988=VERTEX_POINT('',#6429);
#1989=VERTEX_POINT('',#6433);
#1990=VERTEX_POINT('',#6435);
#1991=VERTEX_POINT('',#6439);
#1992=VERTEX_POINT('',#6440);
#1993=VERTEX_POINT('',#6442);
#1994=VERTEX_POINT('',#6444);
#1995=VERTEX_POINT('',#6448);
#1996=VERTEX_POINT('',#6449);
#1997=VERTEX_POINT('',#6451);
#1998=VERTEX_POINT('',#6453);
#1999=VERTEX_POINT('',#6457);
#2000=VERTEX_POINT('',#6458);
#2001=VERTEX_POINT('',#6460);
#2002=VERTEX_POINT('',#6462);
#2003=VERTEX_POINT('',#6466);
#2004=VERTEX_POINT('',#6467);
#2005=VERTEX_POINT('',#6469);
#2006=VERTEX_POINT('',#6471);
#2007=VERTEX_POINT('',#6475);
#2008=VERTEX_POINT('',#6476);
#2009=VERTEX_POINT('',#6478);
#2010=VERTEX_POINT('',#6480);
#2011=VERTEX_POINT('',#6484);
#2012=VERTEX_POINT('',#6485);
#2013=VERTEX_POINT('',#6487);
#2014=VERTEX_POINT('',#6489);
#2015=VERTEX_POINT('',#6493);
#2016=VERTEX_POINT('',#6494);
#2017=VERTEX_POINT('',#6496);
#2018=VERTEX_POINT('',#6498);
#2019=VERTEX_POINT('',#6502);
#2020=VERTEX_POINT('',#6503);
#2021=VERTEX_POINT('',#6505);
#2022=VERTEX_POINT('',#6507);
#2023=VERTEX_POINT('',#6511);
#2024=VERTEX_POINT('',#6512);
#2025=VERTEX_POINT('',#6514);
#2026=VERTEX_POINT('',#6516);
#2027=VERTEX_POINT('',#6520);
#2028=VERTEX_POINT('',#6521);
#2029=VERTEX_POINT('',#6523);
#2030=VERTEX_POINT('',#6525);
#2031=VERTEX_POINT('',#6529);
#2032=VERTEX_POINT('',#6530);
#2033=VERTEX_POINT('',#6532);
#2034=VERTEX_POINT('',#6534);
#2035=VERTEX_POINT('',#6538);
#2036=VERTEX_POINT('',#6539);
#2037=VERTEX_POINT('',#6541);
#2038=VERTEX_POINT('',#6543);
#2039=VERTEX_POINT('',#6547);
#2040=VERTEX_POINT('',#6548);
#2041=VERTEX_POINT('',#6550);
#2042=VERTEX_POINT('',#6552);
#2043=VERTEX_POINT('',#6556);
#2044=VERTEX_POINT('',#6557);
#2045=VERTEX_POINT('',#6559);
#2046=VERTEX_POINT('',#6561);
#2047=VERTEX_POINT('',#6565);
#2048=VERTEX_POINT('',#6567);
#2049=VERTEX_POINT('',#6571);
#2050=VERTEX_POINT('',#6573);
#2051=VERTEX_POINT('',#6577);
#2052=VERTEX_POINT('',#6579);
#2053=VERTEX_POINT('',#6583);
#2054=VERTEX_POINT('',#6585);
#2055=VERTEX_POINT('',#6589);
#2056=VERTEX_POINT('',#6591);
#2057=VERTEX_POINT('',#6595);
#2058=VERTEX_POINT('',#6597);
#2059=VERTEX_POINT('',#6601);
#2060=VERTEX_POINT('',#6603);
#2061=VERTEX_POINT('',#6607);
#2062=VERTEX_POINT('',#6609);
#2063=VERTEX_POINT('',#6613);
#2064=VERTEX_POINT('',#6615);
#2065=VERTEX_POINT('',#6619);
#2066=VERTEX_POINT('',#6621);
#2067=VERTEX_POINT('',#6625);
#2068=VERTEX_POINT('',#6627);
#2069=VERTEX_POINT('',#6631);
#2070=VERTEX_POINT('',#6633);
#2071=VERTEX_POINT('',#6637);
#2072=VERTEX_POINT('',#6639);
#2073=VERTEX_POINT('',#6643);
#2074=VERTEX_POINT('',#6645);
#2075=VERTEX_POINT('',#6649);
#2076=VERTEX_POINT('',#6651);
#2077=VERTEX_POINT('',#6655);
#2078=VERTEX_POINT('',#6661);
#2079=VERTEX_POINT('',#6663);
#2080=VERTEX_POINT('',#6670);
#2081=VERTEX_POINT('',#6679);
#2082=VERTEX_POINT('',#6685);
#2083=VERTEX_POINT('',#6693);
#2084=VERTEX_POINT('',#6700);
#2085=VERTEX_POINT('',#6706);
#2086=VERTEX_POINT('',#6708);
#2087=VERTEX_POINT('',#6715);
#2088=VERTEX_POINT('',#6724);
#2089=VERTEX_POINT('',#6730);
#2090=VERTEX_POINT('',#6736);
#2091=VERTEX_POINT('',#6744);
#2092=VERTEX_POINT('',#6751);
#2093=VERTEX_POINT('',#6757);
#2094=VERTEX_POINT('',#6759);
#2095=VERTEX_POINT('',#6766);
#2096=VERTEX_POINT('',#6775);
#2097=VERTEX_POINT('',#6781);
#2098=VERTEX_POINT('',#6787);
#2099=VERTEX_POINT('',#6795);
#2100=VERTEX_POINT('',#6802);
#2101=VERTEX_POINT('',#6808);
#2102=VERTEX_POINT('',#6810);
#2103=VERTEX_POINT('',#6819);
#2104=VERTEX_POINT('',#6823);
#2105=VERTEX_POINT('',#6829);
#2106=VERTEX_POINT('',#6837);
#2107=VERTEX_POINT('',#6841);
#2108=VERTEX_POINT('',#6848);
#2109=VERTEX_POINT('',#6854);
#2110=VERTEX_POINT('',#6856);
#2111=VERTEX_POINT('',#6865);
#2112=VERTEX_POINT('',#6869);
#2113=VERTEX_POINT('',#6875);
#2114=VERTEX_POINT('',#6883);
#2115=VERTEX_POINT('',#6887);
#2116=VERTEX_POINT('',#6894);
#2117=VERTEX_POINT('',#6900);
#2118=VERTEX_POINT('',#6902);
#2119=VERTEX_POINT('',#6911);
#2120=VERTEX_POINT('',#6915);
#2121=VERTEX_POINT('',#6921);
#2122=VERTEX_POINT('',#6929);
#2123=VERTEX_POINT('',#6933);
#2124=VERTEX_POINT('',#6940);
#2125=VERTEX_POINT('',#6946);
#2126=VERTEX_POINT('',#6948);
#2127=VERTEX_POINT('',#6957);
#2128=VERTEX_POINT('',#6961);
#2129=VERTEX_POINT('',#6967);
#2130=VERTEX_POINT('',#6975);
#2131=VERTEX_POINT('',#6979);
#2132=VERTEX_POINT('',#6986);
#2133=VERTEX_POINT('',#6992);
#2134=VERTEX_POINT('',#6994);
#2135=VERTEX_POINT('',#7001);
#2136=VERTEX_POINT('',#7013);
#2137=VERTEX_POINT('',#7014);
#2138=VERTEX_POINT('',#7019);
#2139=VERTEX_POINT('',#7023);
#2140=VERTEX_POINT('',#7027);
#2141=VERTEX_POINT('',#7029);
#2142=VERTEX_POINT('',#7033);
#2143=VERTEX_POINT('',#7037);
#2144=VERTEX_POINT('',#7038);
#2145=VERTEX_POINT('',#7043);
#2146=VERTEX_POINT('',#7051);
#2147=VERTEX_POINT('',#7055);
#2148=VERTEX_POINT('',#7056);
#2149=VERTEX_POINT('',#7061);
#2150=VERTEX_POINT('',#7065);
#2151=VERTEX_POINT('',#7069);
#2152=VERTEX_POINT('',#7073);
#2153=VERTEX_POINT('',#7077);
#2154=VERTEX_POINT('',#7081);
#2155=VERTEX_POINT('',#7087);
#2156=VERTEX_POINT('',#7088);
#2157=VERTEX_POINT('',#7093);
#2158=VERTEX_POINT('',#7097);
#2159=VERTEX_POINT('',#7101);
#2160=VERTEX_POINT('',#7105);
#2161=VERTEX_POINT('',#7107);
#2162=VERTEX_POINT('',#7111);
#2163=VERTEX_POINT('',#7115);
#2164=VERTEX_POINT('',#7119);
#2165=VERTEX_POINT('',#7127);
#2166=VERTEX_POINT('',#7129);
#2167=VERTEX_POINT('',#7133);
#2168=VERTEX_POINT('',#7135);
#2169=VERTEX_POINT('',#7139);
#2170=VERTEX_POINT('',#7143);
#2171=VERTEX_POINT('',#7145);
#2172=VERTEX_POINT('',#7151);
#2173=VERTEX_POINT('',#7155);
#2174=VERTEX_POINT('',#7159);
#2175=EDGE_CURVE('',#1791,#1792,#521,.T.);
#2176=EDGE_CURVE('',#1793,#1791,#522,.T.);
#2177=EDGE_CURVE('',#1794,#1793,#523,.T.);
#2178=EDGE_CURVE('',#1795,#1794,#524,.T.);
#2179=EDGE_CURVE('',#1796,#1795,#525,.T.);
#2180=EDGE_CURVE('',#1797,#1796,#526,.T.);
#2181=EDGE_CURVE('',#1798,#1797,#527,.T.);
#2182=EDGE_CURVE('',#1792,#1798,#528,.T.);
#2183=EDGE_CURVE('',#1799,#1797,#529,.T.);
#2184=EDGE_CURVE('',#1800,#1796,#530,.F.);
#2185=EDGE_CURVE('',#1801,#1800,#531,.F.);
#2186=EDGE_CURVE('',#1801,#1802,#532,.T.);
#2187=EDGE_CURVE('',#1803,#1802,#533,.F.);
#2188=EDGE_CURVE('',#1804,#1803,#534,.F.);
#2189=EDGE_CURVE('',#1805,#1804,#535,.F.);
#2190=EDGE_CURVE('',#1806,#1805,#536,.F.);
#2191=EDGE_CURVE('',#1807,#1806,#537,.F.);
#2192=EDGE_CURVE('',#1808,#1807,#538,.F.);
#2193=EDGE_CURVE('',#1809,#1808,#539,.T.);
#2194=EDGE_CURVE('',#1809,#1810,#540,.T.);
#2195=EDGE_CURVE('',#1811,#1810,#541,.F.);
#2196=EDGE_CURVE('',#1811,#1812,#542,.T.);
#2197=EDGE_CURVE('',#1813,#1812,#543,.F.);
#2198=EDGE_CURVE('',#1814,#1813,#544,.F.);
#2199=EDGE_CURVE('',#1815,#1814,#545,.F.);
#2200=EDGE_CURVE('',#1816,#1815,#546,.F.);
#2201=EDGE_CURVE('',#1817,#1816,#547,.F.);
#2202=EDGE_CURVE('',#1818,#1817,#548,.F.);
#2203=EDGE_CURVE('',#1819,#1818,#549,.T.);
#2204=EDGE_CURVE('',#1819,#1820,#550,.T.);
#2205=EDGE_CURVE('',#1821,#1820,#551,.F.);
#2206=EDGE_CURVE('',#1821,#1822,#552,.T.);
#2207=EDGE_CURVE('',#1823,#1822,#553,.F.);
#2208=EDGE_CURVE('',#1824,#1823,#554,.F.);
#2209=EDGE_CURVE('',#1825,#1824,#555,.F.);
#2210=EDGE_CURVE('',#1826,#1825,#556,.F.);
#2211=EDGE_CURVE('',#1827,#1826,#557,.F.);
#2212=EDGE_CURVE('',#1828,#1827,#558,.F.);
#2213=EDGE_CURVE('',#1829,#1828,#559,.T.);
#2214=EDGE_CURVE('',#1829,#1830,#560,.T.);
#2215=EDGE_CURVE('',#1831,#1830,#561,.F.);
#2216=EDGE_CURVE('',#1831,#1832,#562,.T.);
#2217=EDGE_CURVE('',#1833,#1832,#563,.F.);
#2218=EDGE_CURVE('',#1834,#1833,#564,.F.);
#2219=EDGE_CURVE('',#1835,#1834,#565,.F.);
#2220=EDGE_CURVE('',#1836,#1835,#566,.F.);
#2221=EDGE_CURVE('',#1837,#1836,#567,.F.);
#2222=EDGE_CURVE('',#1837,#1838,#568,.T.);
#2223=EDGE_CURVE('',#1839,#1838,#569,.T.);
#2224=EDGE_CURVE('',#1839,#1840,#570,.T.);
#2225=EDGE_CURVE('',#1840,#1841,#571,.T.);
#2226=EDGE_CURVE('',#1841,#1842,#572,.T.);
#2227=EDGE_CURVE('',#1842,#1843,#573,.T.);
#2228=EDGE_CURVE('',#1844,#1843,#574,.T.);
#2229=EDGE_CURVE('',#1844,#1845,#575,.T.);
#2230=EDGE_CURVE('',#1845,#1846,#576,.T.);
#2231=EDGE_CURVE('',#1846,#1847,#577,.T.);
#2232=EDGE_CURVE('',#1848,#1847,#578,.T.);
#2233=EDGE_CURVE('',#1848,#1849,#579,.T.);
#2234=EDGE_CURVE('',#1849,#1850,#580,.T.);
#2235=EDGE_CURVE('',#1850,#1851,#581,.T.);
#2236=EDGE_CURVE('',#1852,#1851,#582,.T.);
#2237=EDGE_CURVE('',#1852,#1853,#583,.T.);
#2238=EDGE_CURVE('',#1853,#1854,#584,.T.);
#2239=EDGE_CURVE('',#1854,#1855,#585,.T.);
#2240=EDGE_CURVE('',#1856,#1855,#586,.T.);
#2241=EDGE_CURVE('',#1856,#1857,#587,.T.);
#2242=EDGE_CURVE('',#1857,#1858,#588,.T.);
#2243=EDGE_CURVE('',#1858,#1859,#589,.T.);
#2244=EDGE_CURVE('',#1860,#1859,#590,.T.);
#2245=EDGE_CURVE('',#1860,#1861,#591,.T.);
#2246=EDGE_CURVE('',#1861,#1862,#592,.T.);
#2247=EDGE_CURVE('',#1862,#1863,#593,.T.);
#2248=EDGE_CURVE('',#1864,#1863,#594,.T.);
#2249=EDGE_CURVE('',#1864,#1865,#595,.T.);
#2250=EDGE_CURVE('',#1865,#1866,#596,.T.);
#2251=EDGE_CURVE('',#1866,#1867,#597,.T.);
#2252=EDGE_CURVE('',#1868,#1867,#598,.T.);
#2253=EDGE_CURVE('',#1868,#1869,#599,.T.);
#2254=EDGE_CURVE('',#1869,#1870,#600,.T.);
#2255=EDGE_CURVE('',#1870,#1871,#601,.T.);
#2256=EDGE_CURVE('',#1872,#1871,#602,.T.);
#2257=EDGE_CURVE('',#1872,#1873,#603,.T.);
#2258=EDGE_CURVE('',#1873,#1874,#604,.T.);
#2259=EDGE_CURVE('',#1874,#1875,#605,.T.);
#2260=EDGE_CURVE('',#1876,#1875,#606,.T.);
#2261=EDGE_CURVE('',#1876,#1877,#607,.T.);
#2262=EDGE_CURVE('',#1877,#1878,#608,.T.);
#2263=EDGE_CURVE('',#1878,#1879,#609,.T.);
#2264=EDGE_CURVE('',#1880,#1879,#610,.T.);
#2265=EDGE_CURVE('',#1880,#1881,#611,.T.);
#2266=EDGE_CURVE('',#1881,#1882,#612,.T.);
#2267=EDGE_CURVE('',#1882,#1883,#613,.T.);
#2268=EDGE_CURVE('',#1884,#1883,#614,.T.);
#2269=EDGE_CURVE('',#1884,#1885,#615,.T.);
#2270=EDGE_CURVE('',#1885,#1886,#616,.T.);
#2271=EDGE_CURVE('',#1886,#1887,#617,.T.);
#2272=EDGE_CURVE('',#1888,#1887,#618,.T.);
#2273=EDGE_CURVE('',#1888,#1889,#619,.T.);
#2274=EDGE_CURVE('',#1889,#1890,#620,.T.);
#2275=EDGE_CURVE('',#1890,#1891,#621,.T.);
#2276=EDGE_CURVE('',#1892,#1891,#622,.T.);
#2277=EDGE_CURVE('',#1892,#1893,#623,.T.);
#2278=EDGE_CURVE('',#1893,#1894,#624,.T.);
#2279=EDGE_CURVE('',#1894,#1895,#625,.T.);
#2280=EDGE_CURVE('',#1896,#1895,#626,.T.);
#2281=EDGE_CURVE('',#1896,#1897,#627,.T.);
#2282=EDGE_CURVE('',#1897,#1799,#628,.T.);
#2283=EDGE_CURVE('',#1792,#1898,#629,.T.);
#2284=EDGE_CURVE('',#1899,#1792,#630,.T.);
#2285=EDGE_CURVE('',#1900,#1899,#631,.T.);
#2286=EDGE_CURVE('',#1898,#1900,#632,.T.);
#2287=EDGE_CURVE('',#1793,#1901,#633,.F.);
#2288=EDGE_CURVE('',#1800,#1901,#634,.T.);
#2289=EDGE_CURVE('',#1902,#1903,#635,.T.);
#2290=EDGE_CURVE('',#1902,#1904,#636,.T.);
#2291=EDGE_CURVE('',#1905,#1904,#637,.T.);
#2292=EDGE_CURVE('',#1903,#1905,#638,.T.);
#2293=EDGE_CURVE('',#1906,#1907,#639,.T.);
#2294=EDGE_CURVE('',#1906,#1908,#640,.T.);
#2295=EDGE_CURVE('',#1909,#1908,#641,.T.);
#2296=EDGE_CURVE('',#1907,#1909,#642,.T.);
#2297=EDGE_CURVE('',#1910,#1911,#643,.T.);
#2298=EDGE_CURVE('',#1912,#1910,#644,.T.);
#2299=EDGE_CURVE('',#1913,#1912,#645,.T.);
#2300=EDGE_CURVE('',#1913,#1911,#646,.T.);
#2301=EDGE_CURVE('',#1914,#1915,#647,.T.);
#2302=EDGE_CURVE('',#1914,#1916,#648,.T.);
#2303=EDGE_CURVE('',#1917,#1916,#649,.T.);
#2304=EDGE_CURVE('',#1915,#1917,#650,.T.);
#2305=EDGE_CURVE('',#1918,#1919,#651,.T.);
#2306=EDGE_CURVE('',#1920,#1918,#652,.T.);
#2307=EDGE_CURVE('',#1921,#1920,#653,.T.);
#2308=EDGE_CURVE('',#1921,#1919,#654,.T.);
#2309=EDGE_CURVE('',#1922,#1923,#655,.T.);
#2310=EDGE_CURVE('',#1922,#1924,#656,.T.);
#2311=EDGE_CURVE('',#1925,#1924,#657,.T.);
#2312=EDGE_CURVE('',#1923,#1925,#658,.T.);
#2313=EDGE_CURVE('',#1926,#1927,#659,.T.);
#2314=EDGE_CURVE('',#1928,#1926,#660,.T.);
#2315=EDGE_CURVE('',#1929,#1928,#661,.T.);
#2316=EDGE_CURVE('',#1929,#1927,#662,.T.);
#2317=EDGE_CURVE('',#1930,#1931,#663,.T.);
#2318=EDGE_CURVE('',#1930,#1932,#664,.T.);
#2319=EDGE_CURVE('',#1933,#1932,#665,.T.);
#2320=EDGE_CURVE('',#1931,#1933,#666,.T.);
#2321=EDGE_CURVE('',#1934,#1935,#667,.T.);
#2322=EDGE_CURVE('',#1936,#1934,#668,.T.);
#2323=EDGE_CURVE('',#1937,#1936,#669,.T.);
#2324=EDGE_CURVE('',#1937,#1935,#670,.T.);
#2325=EDGE_CURVE('',#1938,#1939,#671,.T.);
#2326=EDGE_CURVE('',#1938,#1940,#672,.T.);
#2327=EDGE_CURVE('',#1941,#1940,#673,.T.);
#2328=EDGE_CURVE('',#1939,#1941,#674,.T.);
#2329=EDGE_CURVE('',#1942,#1943,#675,.T.);
#2330=EDGE_CURVE('',#1944,#1942,#676,.T.);
#2331=EDGE_CURVE('',#1945,#1944,#677,.T.);
#2332=EDGE_CURVE('',#1945,#1943,#678,.T.);
#2333=EDGE_CURVE('',#1946,#1947,#679,.T.);
#2334=EDGE_CURVE('',#1946,#1948,#680,.T.);
#2335=EDGE_CURVE('',#1949,#1948,#681,.T.);
#2336=EDGE_CURVE('',#1947,#1949,#682,.T.);
#2337=EDGE_CURVE('',#1950,#1951,#683,.T.);
#2338=EDGE_CURVE('',#1952,#1950,#684,.T.);
#2339=EDGE_CURVE('',#1953,#1952,#685,.T.);
#2340=EDGE_CURVE('',#1953,#1951,#686,.T.);
#2341=EDGE_CURVE('',#1954,#1955,#687,.T.);
#2342=EDGE_CURVE('',#1954,#1956,#688,.T.);
#2343=EDGE_CURVE('',#1957,#1956,#689,.T.);
#2344=EDGE_CURVE('',#1955,#1957,#690,.T.);
#2345=EDGE_CURVE('',#1958,#1902,#691,.T.);
#2346=EDGE_CURVE('',#1959,#1958,#692,.T.);
#2347=EDGE_CURVE('',#1904,#1959,#693,.T.);
#2348=EDGE_CURVE('',#1911,#1960,#694,.T.);
#2349=EDGE_CURVE('',#1961,#1913,#695,.T.);
#2350=EDGE_CURVE('',#1960,#1961,#696,.T.);
#2351=EDGE_CURVE('',#1962,#1906,#697,.T.);
#2352=EDGE_CURVE('',#1963,#1962,#698,.T.);
#2353=EDGE_CURVE('',#1908,#1963,#699,.T.);
#2354=EDGE_CURVE('',#1919,#1964,#700,.T.);
#2355=EDGE_CURVE('',#1965,#1921,#701,.T.);
#2356=EDGE_CURVE('',#1964,#1965,#702,.T.);
#2357=EDGE_CURVE('',#1966,#1914,#703,.T.);
#2358=EDGE_CURVE('',#1967,#1966,#704,.T.);
#2359=EDGE_CURVE('',#1916,#1967,#705,.T.);
#2360=EDGE_CURVE('',#1927,#1968,#706,.T.);
#2361=EDGE_CURVE('',#1969,#1929,#707,.T.);
#2362=EDGE_CURVE('',#1968,#1969,#708,.T.);
#2363=EDGE_CURVE('',#1970,#1922,#709,.T.);
#2364=EDGE_CURVE('',#1971,#1970,#710,.T.);
#2365=EDGE_CURVE('',#1924,#1971,#711,.T.);
#2366=EDGE_CURVE('',#1935,#1972,#712,.T.);
#2367=EDGE_CURVE('',#1973,#1937,#713,.T.);
#2368=EDGE_CURVE('',#1972,#1973,#714,.T.);
#2369=EDGE_CURVE('',#1974,#1930,#715,.T.);
#2370=EDGE_CURVE('',#1975,#1974,#716,.T.);
#2371=EDGE_CURVE('',#1932,#1975,#717,.T.);
#2372=EDGE_CURVE('',#1943,#1976,#718,.T.);
#2373=EDGE_CURVE('',#1977,#1945,#719,.T.);
#2374=EDGE_CURVE('',#1976,#1977,#720,.T.);
#2375=EDGE_CURVE('',#1978,#1938,#721,.T.);
#2376=EDGE_CURVE('',#1979,#1978,#722,.T.);
#2377=EDGE_CURVE('',#1940,#1979,#723,.T.);
#2378=EDGE_CURVE('',#1951,#1980,#724,.T.);
#2379=EDGE_CURVE('',#1981,#1953,#725,.T.);
#2380=EDGE_CURVE('',#1980,#1981,#726,.T.);
#2381=EDGE_CURVE('',#1982,#1946,#727,.T.);
#2382=EDGE_CURVE('',#1983,#1982,#728,.T.);
#2383=EDGE_CURVE('',#1948,#1983,#729,.T.);
#2384=EDGE_CURVE('',#1798,#1984,#730,.T.);
#2385=EDGE_CURVE('',#1985,#1798,#731,.T.);
#2386=EDGE_CURVE('',#1986,#1985,#732,.T.);
#2387=EDGE_CURVE('',#1984,#1986,#733,.T.);
#2388=EDGE_CURVE('',#1987,#1954,#734,.T.);
#2389=EDGE_CURVE('',#1988,#1987,#735,.T.);
#2390=EDGE_CURVE('',#1956,#1988,#736,.T.);
#2391=EDGE_CURVE('',#1989,#1798,#737,.T.);
#2392=EDGE_CURVE('',#1990,#1989,#738,.T.);
#2393=EDGE_CURVE('',#1985,#1990,#739,.T.);
#2394=EDGE_CURVE('',#1991,#1992,#740,.T.);
#2395=EDGE_CURVE('',#1991,#1993,#741,.T.);
#2396=EDGE_CURVE('',#1994,#1993,#742,.T.);
#2397=EDGE_CURVE('',#1992,#1994,#743,.T.);
#2398=EDGE_CURVE('',#1995,#1996,#744,.T.);
#2399=EDGE_CURVE('',#1995,#1997,#745,.T.);
#2400=EDGE_CURVE('',#1998,#1997,#746,.T.);
#2401=EDGE_CURVE('',#1996,#1998,#747,.T.);
#2402=EDGE_CURVE('',#1999,#2000,#748,.T.);
#2403=EDGE_CURVE('',#2001,#1999,#749,.T.);
#2404=EDGE_CURVE('',#2002,#2001,#750,.T.);
#2405=EDGE_CURVE('',#2002,#2000,#751,.T.);
#2406=EDGE_CURVE('',#2003,#2004,#752,.T.);
#2407=EDGE_CURVE('',#2003,#2005,#753,.T.);
#2408=EDGE_CURVE('',#2006,#2005,#754,.T.);
#2409=EDGE_CURVE('',#2004,#2006,#755,.T.);
#2410=EDGE_CURVE('',#2007,#2008,#756,.T.);
#2411=EDGE_CURVE('',#2009,#2007,#757,.T.);
#2412=EDGE_CURVE('',#2010,#2009,#758,.T.);
#2413=EDGE_CURVE('',#2010,#2008,#759,.T.);
#2414=EDGE_CURVE('',#2011,#2012,#760,.T.);
#2415=EDGE_CURVE('',#2011,#2013,#761,.T.);
#2416=EDGE_CURVE('',#2014,#2013,#762,.T.);
#2417=EDGE_CURVE('',#2012,#2014,#763,.T.);
#2418=EDGE_CURVE('',#2015,#2016,#764,.T.);
#2419=EDGE_CURVE('',#2017,#2015,#765,.T.);
#2420=EDGE_CURVE('',#2018,#2017,#766,.T.);
#2421=EDGE_CURVE('',#2018,#2016,#767,.T.);
#2422=EDGE_CURVE('',#2019,#2020,#768,.T.);
#2423=EDGE_CURVE('',#2019,#2021,#769,.T.);
#2424=EDGE_CURVE('',#2022,#2021,#770,.T.);
#2425=EDGE_CURVE('',#2020,#2022,#771,.T.);
#2426=EDGE_CURVE('',#2023,#2024,#772,.T.);
#2427=EDGE_CURVE('',#2025,#2023,#773,.T.);
#2428=EDGE_CURVE('',#2026,#2025,#774,.T.);
#2429=EDGE_CURVE('',#2026,#2024,#775,.T.);
#2430=EDGE_CURVE('',#2027,#2028,#776,.T.);
#2431=EDGE_CURVE('',#2027,#2029,#777,.T.);
#2432=EDGE_CURVE('',#2030,#2029,#778,.T.);
#2433=EDGE_CURVE('',#2028,#2030,#779,.T.);
#2434=EDGE_CURVE('',#2031,#2032,#780,.T.);
#2435=EDGE_CURVE('',#2033,#2031,#781,.T.);
#2436=EDGE_CURVE('',#2034,#2033,#782,.T.);
#2437=EDGE_CURVE('',#2034,#2032,#783,.T.);
#2438=EDGE_CURVE('',#2035,#2036,#784,.T.);
#2439=EDGE_CURVE('',#2035,#2037,#785,.T.);
#2440=EDGE_CURVE('',#2038,#2037,#786,.T.);
#2441=EDGE_CURVE('',#2036,#2038,#787,.T.);
#2442=EDGE_CURVE('',#2039,#2040,#788,.T.);
#2443=EDGE_CURVE('',#2041,#2039,#789,.T.);
#2444=EDGE_CURVE('',#2042,#2041,#790,.T.);
#2445=EDGE_CURVE('',#2042,#2040,#791,.T.);
#2446=EDGE_CURVE('',#2043,#2044,#792,.T.);
#2447=EDGE_CURVE('',#2043,#2045,#793,.T.);
#2448=EDGE_CURVE('',#2046,#2045,#794,.T.);
#2449=EDGE_CURVE('',#2044,#2046,#795,.T.);
#2450=EDGE_CURVE('',#2047,#1991,#796,.T.);
#2451=EDGE_CURVE('',#2048,#2047,#797,.T.);
#2452=EDGE_CURVE('',#1993,#2048,#798,.T.);
#2453=EDGE_CURVE('',#2000,#2049,#799,.T.);
#2454=EDGE_CURVE('',#2050,#2002,#800,.T.);
#2455=EDGE_CURVE('',#2049,#2050,#801,.T.);
#2456=EDGE_CURVE('',#2051,#1995,#802,.T.);
#2457=EDGE_CURVE('',#2052,#2051,#803,.T.);
#2458=EDGE_CURVE('',#1997,#2052,#804,.T.);
#2459=EDGE_CURVE('',#2008,#2053,#805,.T.);
#2460=EDGE_CURVE('',#2054,#2010,#806,.T.);
#2461=EDGE_CURVE('',#2053,#2054,#807,.T.);
#2462=EDGE_CURVE('',#2055,#2003,#808,.T.);
#2463=EDGE_CURVE('',#2056,#2055,#809,.T.);
#2464=EDGE_CURVE('',#2005,#2056,#810,.T.);
#2465=EDGE_CURVE('',#2016,#2057,#811,.T.);
#2466=EDGE_CURVE('',#2058,#2018,#812,.T.);
#2467=EDGE_CURVE('',#2057,#2058,#813,.T.);
#2468=EDGE_CURVE('',#2059,#2011,#814,.T.);
#2469=EDGE_CURVE('',#2060,#2059,#815,.T.);
#2470=EDGE_CURVE('',#2013,#2060,#816,.T.);
#2471=EDGE_CURVE('',#2024,#2061,#817,.T.);
#2472=EDGE_CURVE('',#2062,#2026,#818,.T.);
#2473=EDGE_CURVE('',#2061,#2062,#819,.T.);
#2474=EDGE_CURVE('',#2063,#2019,#820,.T.);
#2475=EDGE_CURVE('',#2064,#2063,#821,.T.);
#2476=EDGE_CURVE('',#2021,#2064,#822,.T.);
#2477=EDGE_CURVE('',#2032,#2065,#823,.T.);
#2478=EDGE_CURVE('',#2066,#2034,#824,.T.);
#2479=EDGE_CURVE('',#2065,#2066,#825,.T.);
#2480=EDGE_CURVE('',#2067,#2027,#826,.T.);
#2481=EDGE_CURVE('',#2068,#2067,#827,.T.);
#2482=EDGE_CURVE('',#2029,#2068,#828,.T.);
#2483=EDGE_CURVE('',#2040,#2069,#829,.T.);
#2484=EDGE_CURVE('',#2070,#2042,#830,.T.);
#2485=EDGE_CURVE('',#2069,#2070,#831,.T.);
#2486=EDGE_CURVE('',#2071,#2035,#832,.T.);
#2487=EDGE_CURVE('',#2072,#2071,#833,.T.);
#2488=EDGE_CURVE('',#2037,#2072,#834,.T.);
#2489=EDGE_CURVE('',#2073,#2043,#835,.T.);
#2490=EDGE_CURVE('',#2074,#2073,#836,.T.);
#2491=EDGE_CURVE('',#2045,#2074,#837,.T.);
#2492=EDGE_CURVE('',#2075,#1792,#838,.T.);
#2493=EDGE_CURVE('',#2076,#2075,#839,.T.);
#2494=EDGE_CURVE('',#1899,#2076,#840,.T.);
#2495=EDGE_CURVE('',#1898,#2077,#841,.T.);
#2496=EDGE_CURVE('',#1791,#2077,#842,.T.);
#2497=EDGE_CURVE('',#1984,#2075,#843,.T.);
#2498=EDGE_CURVE('',#2078,#2043,#844,.F.);
#2499=EDGE_CURVE('',#2079,#2078,#845,.T.);
#2500=EDGE_CURVE('',#2073,#2079,#846,.T.);
#2501=EDGE_CURVE('',#1841,#1955,#847,.T.);
#2502=EDGE_CURVE('',#1954,#1840,#848,.F.);
#2503=EDGE_CURVE('',#2080,#2079,#849,.T.);
#2504=EDGE_CURVE('',#2074,#2080,#850,.T.);
#2505=EDGE_CURVE('',#1987,#2044,#851,.T.);
#2506=EDGE_CURVE('',#1988,#2046,#852,.T.);
#2507=EDGE_CURVE('',#1842,#1957,#853,.T.);
#2508=EDGE_CURVE('',#1900,#2081,#854,.T.);
#2509=EDGE_CURVE('',#2077,#2081,#855,.T.);
#2510=EDGE_CURVE('',#1986,#2076,#856,.T.);
#2511=EDGE_CURVE('',#2082,#2080,#857,.T.);
#2512=EDGE_CURVE('',#2045,#2082,#858,.F.);
#2513=EDGE_CURVE('',#1956,#2045,#859,.F.);
#2514=EDGE_CURVE('',#1843,#1956,#860,.F.);
#2515=EDGE_CURVE('',#2083,#1899,#861,.F.);
#2516=EDGE_CURVE('',#2081,#2083,#862,.T.);
#2517=EDGE_CURVE('',#1899,#1985,#863,.F.);
#2518=EDGE_CURVE('',#1951,#2040,#864,.F.);
#2519=EDGE_CURVE('',#2040,#2084,#865,.F.);
#2520=EDGE_CURVE('',#2084,#2083,#866,.T.);
#2521=EDGE_CURVE('',#1985,#1896,#867,.F.);
#2522=EDGE_CURVE('',#1895,#1951,#868,.F.);
#2523=EDGE_CURVE('',#2085,#2035,#869,.F.);
#2524=EDGE_CURVE('',#2086,#2085,#870,.T.);
#2525=EDGE_CURVE('',#2071,#2086,#871,.T.);
#2526=EDGE_CURVE('',#1845,#1947,#872,.T.);
#2527=EDGE_CURVE('',#1946,#1844,#873,.F.);
#2528=EDGE_CURVE('',#2087,#2086,#874,.T.);
#2529=EDGE_CURVE('',#2072,#2087,#875,.T.);
#2530=EDGE_CURVE('',#1982,#2036,#876,.T.);
#2531=EDGE_CURVE('',#1983,#2038,#877,.T.);
#2532=EDGE_CURVE('',#1846,#1949,#878,.T.);
#2533=EDGE_CURVE('',#2069,#2088,#879,.T.);
#2534=EDGE_CURVE('',#2084,#2088,#880,.T.);
#2535=EDGE_CURVE('',#1980,#2039,#881,.T.);
#2536=EDGE_CURVE('',#2070,#2089,#882,.T.);
#2537=EDGE_CURVE('',#2088,#2089,#883,.T.);
#2538=EDGE_CURVE('',#1981,#2041,#884,.T.);
#2539=EDGE_CURVE('',#2090,#2087,#885,.T.);
#2540=EDGE_CURVE('',#2037,#2090,#886,.F.);
#2541=EDGE_CURVE('',#1948,#2037,#887,.F.);
#2542=EDGE_CURVE('',#1847,#1948,#888,.F.);
#2543=EDGE_CURVE('',#2091,#2042,#889,.F.);
#2544=EDGE_CURVE('',#2089,#2091,#890,.T.);
#2545=EDGE_CURVE('',#2042,#1953,#891,.F.);
#2546=EDGE_CURVE('',#1943,#2032,#892,.F.);
#2547=EDGE_CURVE('',#2032,#2092,#893,.F.);
#2548=EDGE_CURVE('',#2092,#2091,#894,.T.);
#2549=EDGE_CURVE('',#1953,#1892,#895,.F.);
#2550=EDGE_CURVE('',#1891,#1943,#896,.F.);
#2551=EDGE_CURVE('',#2093,#2027,#897,.F.);
#2552=EDGE_CURVE('',#2094,#2093,#898,.T.);
#2553=EDGE_CURVE('',#2067,#2094,#899,.T.);
#2554=EDGE_CURVE('',#1849,#1939,#900,.T.);
#2555=EDGE_CURVE('',#1938,#1848,#901,.F.);
#2556=EDGE_CURVE('',#2095,#2094,#902,.T.);
#2557=EDGE_CURVE('',#2068,#2095,#903,.T.);
#2558=EDGE_CURVE('',#1978,#2028,#904,.T.);
#2559=EDGE_CURVE('',#1979,#2030,#905,.T.);
#2560=EDGE_CURVE('',#1850,#1941,#906,.T.);
#2561=EDGE_CURVE('',#2065,#2096,#907,.T.);
#2562=EDGE_CURVE('',#2092,#2096,#908,.T.);
#2563=EDGE_CURVE('',#1976,#2031,#909,.T.);
#2564=EDGE_CURVE('',#2066,#2097,#910,.T.);
#2565=EDGE_CURVE('',#2096,#2097,#911,.T.);
#2566=EDGE_CURVE('',#1977,#2033,#912,.T.);
#2567=EDGE_CURVE('',#2098,#2095,#913,.T.);
#2568=EDGE_CURVE('',#2029,#2098,#914,.F.);
#2569=EDGE_CURVE('',#1940,#2029,#915,.F.);
#2570=EDGE_CURVE('',#1851,#1940,#916,.F.);
#2571=EDGE_CURVE('',#2099,#2034,#917,.F.);
#2572=EDGE_CURVE('',#2097,#2099,#918,.T.);
#2573=EDGE_CURVE('',#2034,#1945,#919,.F.);
#2574=EDGE_CURVE('',#1935,#2024,#920,.F.);
#2575=EDGE_CURVE('',#2024,#2100,#921,.F.);
#2576=EDGE_CURVE('',#2100,#2099,#922,.T.);
#2577=EDGE_CURVE('',#1945,#1888,#923,.F.);
#2578=EDGE_CURVE('',#1887,#1935,#924,.F.);
#2579=EDGE_CURVE('',#2019,#2101,#925,.T.);
#2580=EDGE_CURVE('',#2102,#2101,#926,.T.);
#2581=EDGE_CURVE('',#2063,#2102,#927,.T.);
#2582=EDGE_CURVE('',#1853,#1931,#928,.T.);
#2583=EDGE_CURVE('',#1852,#1930,#929,.T.);
#2584=EDGE_CURVE('',#1854,#1933,#930,.T.);
#2585=EDGE_CURVE('',#2103,#2102,#931,.T.);
#2586=EDGE_CURVE('',#2064,#2103,#932,.T.);
#2587=EDGE_CURVE('',#2061,#2104,#933,.T.);
#2588=EDGE_CURVE('',#2100,#2104,#934,.T.);
#2589=EDGE_CURVE('',#1972,#2023,#935,.T.);
#2590=EDGE_CURVE('',#2062,#2105,#936,.T.);
#2591=EDGE_CURVE('',#2104,#2105,#937,.T.);
#2592=EDGE_CURVE('',#1973,#2025,#938,.T.);
#2593=EDGE_CURVE('',#1855,#1932,#939,.F.);
#2594=EDGE_CURVE('',#2106,#2103,#940,.T.);
#2595=EDGE_CURVE('',#2021,#2106,#941,.F.);
#2596=EDGE_CURVE('',#2107,#2026,#942,.F.);
#2597=EDGE_CURVE('',#2105,#2107,#943,.T.);
#2598=EDGE_CURVE('',#2026,#1937,#944,.F.);
#2599=EDGE_CURVE('',#1927,#2016,#945,.F.);
#2600=EDGE_CURVE('',#2016,#2108,#946,.F.);
#2601=EDGE_CURVE('',#2108,#2107,#947,.T.);
#2602=EDGE_CURVE('',#1937,#1884,#948,.F.);
#2603=EDGE_CURVE('',#1883,#1927,#949,.F.);
#2604=EDGE_CURVE('',#2109,#2011,#950,.F.);
#2605=EDGE_CURVE('',#2110,#2109,#951,.T.);
#2606=EDGE_CURVE('',#2059,#2110,#952,.T.);
#2607=EDGE_CURVE('',#1857,#1923,#953,.T.);
#2608=EDGE_CURVE('',#1922,#1856,#954,.F.);
#2609=EDGE_CURVE('',#1858,#1925,#955,.T.);
#2610=EDGE_CURVE('',#2111,#2110,#956,.T.);
#2611=EDGE_CURVE('',#2060,#2111,#957,.T.);
#2612=EDGE_CURVE('',#2057,#2112,#958,.T.);
#2613=EDGE_CURVE('',#2108,#2112,#959,.T.);
#2614=EDGE_CURVE('',#1968,#2015,#960,.T.);
#2615=EDGE_CURVE('',#2058,#2113,#961,.T.);
#2616=EDGE_CURVE('',#2112,#2113,#962,.T.);
#2617=EDGE_CURVE('',#1969,#2017,#963,.T.);
#2618=EDGE_CURVE('',#1859,#1924,#964,.F.);
#2619=EDGE_CURVE('',#2114,#2111,#965,.T.);
#2620=EDGE_CURVE('',#2013,#2114,#966,.F.);
#2621=EDGE_CURVE('',#2115,#2018,#967,.F.);
#2622=EDGE_CURVE('',#2113,#2115,#968,.T.);
#2623=EDGE_CURVE('',#2018,#1929,#969,.F.);
#2624=EDGE_CURVE('',#1919,#2008,#970,.F.);
#2625=EDGE_CURVE('',#2008,#2116,#971,.F.);
#2626=EDGE_CURVE('',#2116,#2115,#972,.T.);
#2627=EDGE_CURVE('',#1929,#1880,#973,.F.);
#2628=EDGE_CURVE('',#1879,#1919,#974,.F.);
#2629=EDGE_CURVE('',#2117,#2003,#975,.F.);
#2630=EDGE_CURVE('',#2118,#2117,#976,.T.);
#2631=EDGE_CURVE('',#2055,#2118,#977,.T.);
#2632=EDGE_CURVE('',#1861,#1915,#978,.T.);
#2633=EDGE_CURVE('',#1914,#1860,#979,.F.);
#2634=EDGE_CURVE('',#1862,#1917,#980,.T.);
#2635=EDGE_CURVE('',#2119,#2118,#981,.T.);
#2636=EDGE_CURVE('',#2056,#2119,#982,.T.);
#2637=EDGE_CURVE('',#2053,#2120,#983,.T.);
#2638=EDGE_CURVE('',#2116,#2120,#984,.T.);
#2639=EDGE_CURVE('',#1964,#2007,#985,.T.);
#2640=EDGE_CURVE('',#2054,#2121,#986,.T.);
#2641=EDGE_CURVE('',#2120,#2121,#987,.T.);
#2642=EDGE_CURVE('',#1965,#2009,#988,.T.);
#2643=EDGE_CURVE('',#1863,#1916,#989,.F.);
#2644=EDGE_CURVE('',#2122,#2119,#990,.T.);
#2645=EDGE_CURVE('',#2005,#2122,#991,.F.);
#2646=EDGE_CURVE('',#2123,#2010,#992,.F.);
#2647=EDGE_CURVE('',#2121,#2123,#993,.T.);
#2648=EDGE_CURVE('',#2010,#1921,#994,.F.);
#2649=EDGE_CURVE('',#1911,#2000,#995,.F.);
#2650=EDGE_CURVE('',#2000,#2124,#996,.F.);
#2651=EDGE_CURVE('',#2124,#2123,#997,.T.);
#2652=EDGE_CURVE('',#1921,#1876,#998,.F.);
#2653=EDGE_CURVE('',#1875,#1911,#999,.F.);
#2654=EDGE_CURVE('',#2125,#1995,#1000,.F.);
#2655=EDGE_CURVE('',#2126,#2125,#1001,.T.);
#2656=EDGE_CURVE('',#2051,#2126,#1002,.T.);
#2657=EDGE_CURVE('',#1865,#1907,#1003,.T.);
#2658=EDGE_CURVE('',#1906,#1864,#1004,.F.);
#2659=EDGE_CURVE('',#1866,#1909,#1005,.T.);
#2660=EDGE_CURVE('',#2127,#2126,#1006,.T.);
#2661=EDGE_CURVE('',#2052,#2127,#1007,.T.);
#2662=EDGE_CURVE('',#2049,#2128,#1008,.T.);
#2663=EDGE_CURVE('',#2124,#2128,#1009,.T.);
#2664=EDGE_CURVE('',#1960,#1999,#1010,.T.);
#2665=EDGE_CURVE('',#2050,#2129,#1011,.T.);
#2666=EDGE_CURVE('',#2128,#2129,#1012,.T.);
#2667=EDGE_CURVE('',#1961,#2001,#1013,.T.);
#2668=EDGE_CURVE('',#1867,#1908,#1014,.F.);
#2669=EDGE_CURVE('',#2130,#2127,#1015,.T.);
#2670=EDGE_CURVE('',#1997,#2130,#1016,.F.);
#2671=EDGE_CURVE('',#2131,#2002,#1017,.F.);
#2672=EDGE_CURVE('',#2129,#2131,#1018,.T.);
#2673=EDGE_CURVE('',#2002,#1913,#1019,.F.);
#2674=EDGE_CURVE('',#1904,#1993,#1020,.F.);
#2675=EDGE_CURVE('',#1993,#2132,#1021,.F.);
#2676=EDGE_CURVE('',#2132,#2131,#1022,.T.);
#2677=EDGE_CURVE('',#1913,#1872,#1023,.F.);
#2678=EDGE_CURVE('',#1871,#1904,#1024,.F.);
#2679=EDGE_CURVE('',#2133,#1991,#1025,.F.);
#2680=EDGE_CURVE('',#2134,#2133,#1026,.T.);
#2681=EDGE_CURVE('',#2047,#2134,#1027,.T.);
#2682=EDGE_CURVE('',#1869,#1903,#1028,.T.);
#2683=EDGE_CURVE('',#1902,#1868,#1029,.F.);
#2684=EDGE_CURVE('',#2048,#2135,#1030,.T.);
#2685=EDGE_CURVE('',#2132,#2135,#1031,.T.);
#2686=EDGE_CURVE('',#1959,#1994,#1032,.T.);
#2687=EDGE_CURVE('',#1870,#1905,#1033,.T.);
#2688=EDGE_CURVE('',#2135,#2134,#1034,.T.);
#2689=EDGE_CURVE('',#1958,#1992,#1035,.T.);
#2690=EDGE_CURVE('',#2136,#2137,#1036,.F.);
#2691=EDGE_CURVE('',#2137,#1833,#1037,.T.);
#2692=EDGE_CURVE('',#1832,#2136,#1038,.T.);
#2693=EDGE_CURVE('',#2137,#2138,#1039,.F.);
#2694=EDGE_CURVE('',#1834,#2138,#1040,.T.);
#2695=EDGE_CURVE('',#2138,#2139,#1041,.F.);
#2696=EDGE_CURVE('',#2139,#1835,#1042,.T.);
#2697=EDGE_CURVE('',#1830,#2140,#1043,.T.);
#2698=EDGE_CURVE('',#2140,#2141,#1044,.F.);
#2699=EDGE_CURVE('',#1831,#2141,#1045,.F.);
#2700=EDGE_CURVE('',#2142,#1829,#1046,.T.);
#2701=EDGE_CURVE('',#2142,#2140,#1047,.F.);
#2702=EDGE_CURVE('',#2143,#2144,#1048,.F.);
#2703=EDGE_CURVE('',#2144,#1837,#1049,.T.);
#2704=EDGE_CURVE('',#2143,#1836,#1050,.F.);
#2705=EDGE_CURVE('',#1838,#2145,#1051,.T.);
#2706=EDGE_CURVE('',#2144,#2145,#1052,.F.);
#2707=EDGE_CURVE('',#2143,#2139,#1053,.T.);
#2708=EDGE_CURVE('',#2141,#2136,#1054,.F.);
#2709=EDGE_CURVE('',#2145,#2146,#1055,.T.);
#2710=EDGE_CURVE('',#2146,#1839,#1056,.F.);
#2711=EDGE_CURVE('',#2147,#2148,#1057,.F.);
#2712=EDGE_CURVE('',#2148,#1803,#1058,.T.);
#2713=EDGE_CURVE('',#1802,#2147,#1059,.T.);
#2714=EDGE_CURVE('',#2148,#2149,#1060,.F.);
#2715=EDGE_CURVE('',#1804,#2149,#1061,.T.);
#2716=EDGE_CURVE('',#2149,#2150,#1062,.F.);
#2717=EDGE_CURVE('',#2150,#1805,#1063,.T.);
#2718=EDGE_CURVE('',#2151,#2150,#1064,.T.);
#2719=EDGE_CURVE('',#2151,#1806,#1065,.F.);
#2720=EDGE_CURVE('',#1901,#2152,#1066,.F.);
#2721=EDGE_CURVE('',#1801,#2152,#1067,.F.);
#2722=EDGE_CURVE('',#2151,#2153,#1068,.F.);
#2723=EDGE_CURVE('',#2153,#1807,#1069,.T.);
#2724=EDGE_CURVE('',#2154,#2153,#1070,.T.);
#2725=EDGE_CURVE('',#1808,#2154,#1071,.T.);
#2726=EDGE_CURVE('',#2152,#2147,#1072,.F.);
#2727=EDGE_CURVE('',#2155,#2156,#1073,.F.);
#2728=EDGE_CURVE('',#2156,#1823,#1074,.T.);
#2729=EDGE_CURVE('',#1822,#2155,#1075,.T.);
#2730=EDGE_CURVE('',#2156,#2157,#1076,.F.);
#2731=EDGE_CURVE('',#1824,#2157,#1077,.T.);
#2732=EDGE_CURVE('',#2157,#2158,#1078,.F.);
#2733=EDGE_CURVE('',#2158,#1825,#1079,.T.);
#2734=EDGE_CURVE('',#2159,#2158,#1080,.T.);
#2735=EDGE_CURVE('',#2159,#1826,#1081,.F.);
#2736=EDGE_CURVE('',#1820,#2160,#1082,.T.);
#2737=EDGE_CURVE('',#2160,#2161,#1083,.F.);
#2738=EDGE_CURVE('',#1821,#2161,#1084,.F.);
#2739=EDGE_CURVE('',#2162,#1819,#1085,.T.);
#2740=EDGE_CURVE('',#2162,#2160,#1086,.F.);
#2741=EDGE_CURVE('',#2159,#2163,#1087,.F.);
#2742=EDGE_CURVE('',#2163,#1827,#1088,.T.);
#2743=EDGE_CURVE('',#2164,#2163,#1089,.T.);
#2744=EDGE_CURVE('',#1828,#2164,#1090,.T.);
#2745=EDGE_CURVE('',#2161,#2155,#1091,.F.);
#2746=EDGE_CURVE('',#2164,#2142,#1092,.T.);
#2747=EDGE_CURVE('',#1812,#2165,#1093,.T.);
#2748=EDGE_CURVE('',#1811,#2166,#1094,.F.);
#2749=EDGE_CURVE('',#2166,#2165,#1095,.F.);
#2750=EDGE_CURVE('',#2167,#1817,#1096,.T.);
#2751=EDGE_CURVE('',#2168,#2167,#1097,.T.);
#2752=EDGE_CURVE('',#1818,#2168,#1098,.T.);
#2753=EDGE_CURVE('',#2169,#2167,#1099,.F.);
#2754=EDGE_CURVE('',#2169,#1816,#1100,.F.);
#2755=EDGE_CURVE('',#1810,#2170,#1101,.T.);
#2756=EDGE_CURVE('',#2171,#1809,#1102,.T.);
#2757=EDGE_CURVE('',#2171,#2170,#1103,.F.);
#2758=EDGE_CURVE('',#2170,#2166,#1104,.F.);
#2759=EDGE_CURVE('',#2172,#1815,#1105,.T.);
#2760=EDGE_CURVE('',#2169,#2172,#1106,.T.);
#2761=EDGE_CURVE('',#1814,#2173,#1107,.T.);
#2762=EDGE_CURVE('',#2173,#2172,#1108,.F.);
#2763=EDGE_CURVE('',#2174,#1813,#1109,.T.);
#2764=EDGE_CURVE('',#2174,#2173,#1110,.F.);
#2765=EDGE_CURVE('',#2165,#2174,#1111,.F.);
#2766=EDGE_CURVE('',#2154,#2171,#1112,.T.);
#2767=EDGE_CURVE('',#2168,#2162,#1113,.T.);
#2768=EDGE_CURVE('',#2078,#2146,#1114,.T.);
#2769=EDGE_CURVE('',#2043,#1954,#1115,.F.);
#2770=EDGE_CURVE('',#2035,#1946,#1116,.F.);
#2771=EDGE_CURVE('',#2027,#1938,#1117,.F.);
#2772=EDGE_CURVE('',#2098,#2101,#1118,.T.);
#2773=EDGE_CURVE('',#1930,#2019,#1119,.T.);
#2774=EDGE_CURVE('',#2090,#2093,#1120,.T.);
#2775=EDGE_CURVE('',#2082,#2085,#1121,.T.);
#2776=EDGE_CURVE('',#1924,#2013,#1122,.F.);
#2777=EDGE_CURVE('',#2114,#2117,#1123,.T.);
#2778=EDGE_CURVE('',#2003,#1914,#1124,.F.);
#2779=EDGE_CURVE('',#1916,#2005,#1125,.F.);
#2780=EDGE_CURVE('',#2122,#2125,#1126,.T.);
#2781=EDGE_CURVE('',#1995,#1906,#1127,.F.);
#2782=EDGE_CURVE('',#1932,#2021,#1128,.F.);
#2783=EDGE_CURVE('',#2106,#2109,#1129,.T.);
#2784=EDGE_CURVE('',#2011,#1922,#1130,.F.);
#2785=EDGE_CURVE('',#1908,#1997,#1131,.F.);
#2786=EDGE_CURVE('',#2130,#2133,#1132,.T.);
#2787=EDGE_CURVE('',#1991,#1902,#1133,.F.);
#2788=EDGE_CURVE('',#1799,#1989,#1134,.T.);
#2789=EDGE_CURVE('',#1897,#1990,#1135,.T.);
#2790=EDGE_CURVE('',#1882,#1926,#1136,.T.);
#2791=EDGE_CURVE('',#1881,#1928,#1137,.T.);
#2792=EDGE_CURVE('',#1963,#1998,#1138,.T.);
#2793=EDGE_CURVE('',#1962,#1996,#1139,.T.);
#2794=EDGE_CURVE('',#1975,#2022,#1140,.T.);
#2795=EDGE_CURVE('',#1974,#2020,#1141,.T.);
#2796=EDGE_CURVE('',#1886,#1934,#1142,.T.);
#2797=EDGE_CURVE('',#1885,#1936,#1143,.T.);
#2798=EDGE_CURVE('',#1894,#1950,#1144,.T.);
#2799=EDGE_CURVE('',#1893,#1952,#1145,.T.);
#2800=EDGE_CURVE('',#1878,#1918,#1146,.T.);
#2801=EDGE_CURVE('',#1877,#1920,#1147,.T.);
#2802=EDGE_CURVE('',#1967,#2006,#1148,.T.);
#2803=EDGE_CURVE('',#1966,#2004,#1149,.T.);
#2804=EDGE_CURVE('',#1971,#2014,#1150,.T.);
#2805=EDGE_CURVE('',#1970,#2012,#1151,.T.);
#2806=EDGE_CURVE('',#1874,#1910,#1152,.T.);
#2807=EDGE_CURVE('',#1873,#1912,#1153,.T.);
#2808=EDGE_CURVE('',#1890,#1942,#1154,.T.);
#2809=EDGE_CURVE('',#1889,#1944,#1155,.T.);
#2810=ORIENTED_EDGE('',*,*,#2175,.F.);
#2811=ORIENTED_EDGE('',*,*,#2176,.F.);
#2812=ORIENTED_EDGE('',*,*,#2177,.F.);
#2813=ORIENTED_EDGE('',*,*,#2178,.F.);
#2814=ORIENTED_EDGE('',*,*,#2179,.F.);
#2815=ORIENTED_EDGE('',*,*,#2180,.F.);
#2816=ORIENTED_EDGE('',*,*,#2181,.F.);
#2817=ORIENTED_EDGE('',*,*,#2182,.F.);
#2818=ORIENTED_EDGE('',*,*,#2183,.T.);
#2819=ORIENTED_EDGE('',*,*,#2180,.T.);
#2820=ORIENTED_EDGE('',*,*,#2184,.F.);
#2821=ORIENTED_EDGE('',*,*,#2185,.F.);
#2822=ORIENTED_EDGE('',*,*,#2186,.T.);
#2823=ORIENTED_EDGE('',*,*,#2187,.F.);
#2824=ORIENTED_EDGE('',*,*,#2188,.F.);
#2825=ORIENTED_EDGE('',*,*,#2189,.F.);
#2826=ORIENTED_EDGE('',*,*,#2190,.F.);
#2827=ORIENTED_EDGE('',*,*,#2191,.F.);
#2828=ORIENTED_EDGE('',*,*,#2192,.F.);
#2829=ORIENTED_EDGE('',*,*,#2193,.F.);
#2830=ORIENTED_EDGE('',*,*,#2194,.T.);
#2831=ORIENTED_EDGE('',*,*,#2195,.F.);
#2832=ORIENTED_EDGE('',*,*,#2196,.T.);
#2833=ORIENTED_EDGE('',*,*,#2197,.F.);
#2834=ORIENTED_EDGE('',*,*,#2198,.F.);
#2835=ORIENTED_EDGE('',*,*,#2199,.F.);
#2836=ORIENTED_EDGE('',*,*,#2200,.F.);
#2837=ORIENTED_EDGE('',*,*,#2201,.F.);
#2838=ORIENTED_EDGE('',*,*,#2202,.F.);
#2839=ORIENTED_EDGE('',*,*,#2203,.F.);
#2840=ORIENTED_EDGE('',*,*,#2204,.T.);
#2841=ORIENTED_EDGE('',*,*,#2205,.F.);
#2842=ORIENTED_EDGE('',*,*,#2206,.T.);
#2843=ORIENTED_EDGE('',*,*,#2207,.F.);
#2844=ORIENTED_EDGE('',*,*,#2208,.F.);
#2845=ORIENTED_EDGE('',*,*,#2209,.F.);
#2846=ORIENTED_EDGE('',*,*,#2210,.F.);
#2847=ORIENTED_EDGE('',*,*,#2211,.F.);
#2848=ORIENTED_EDGE('',*,*,#2212,.F.);
#2849=ORIENTED_EDGE('',*,*,#2213,.F.);
#2850=ORIENTED_EDGE('',*,*,#2214,.T.);
#2851=ORIENTED_EDGE('',*,*,#2215,.F.);
#2852=ORIENTED_EDGE('',*,*,#2216,.T.);
#2853=ORIENTED_EDGE('',*,*,#2217,.F.);
#2854=ORIENTED_EDGE('',*,*,#2218,.F.);
#2855=ORIENTED_EDGE('',*,*,#2219,.F.);
#2856=ORIENTED_EDGE('',*,*,#2220,.F.);
#2857=ORIENTED_EDGE('',*,*,#2221,.F.);
#2858=ORIENTED_EDGE('',*,*,#2222,.T.);
#2859=ORIENTED_EDGE('',*,*,#2223,.F.);
#2860=ORIENTED_EDGE('',*,*,#2224,.T.);
#2861=ORIENTED_EDGE('',*,*,#2225,.T.);
#2862=ORIENTED_EDGE('',*,*,#2226,.T.);
#2863=ORIENTED_EDGE('',*,*,#2227,.T.);
#2864=ORIENTED_EDGE('',*,*,#2228,.F.);
#2865=ORIENTED_EDGE('',*,*,#2229,.T.);
#2866=ORIENTED_EDGE('',*,*,#2230,.T.);
#2867=ORIENTED_EDGE('',*,*,#2231,.T.);
#2868=ORIENTED_EDGE('',*,*,#2232,.F.);
#2869=ORIENTED_EDGE('',*,*,#2233,.T.);
#2870=ORIENTED_EDGE('',*,*,#2234,.T.);
#2871=ORIENTED_EDGE('',*,*,#2235,.T.);
#2872=ORIENTED_EDGE('',*,*,#2236,.F.);
#2873=ORIENTED_EDGE('',*,*,#2237,.T.);
#2874=ORIENTED_EDGE('',*,*,#2238,.T.);
#2875=ORIENTED_EDGE('',*,*,#2239,.T.);
#2876=ORIENTED_EDGE('',*,*,#2240,.F.);
#2877=ORIENTED_EDGE('',*,*,#2241,.T.);
#2878=ORIENTED_EDGE('',*,*,#2242,.T.);
#2879=ORIENTED_EDGE('',*,*,#2243,.T.);
#2880=ORIENTED_EDGE('',*,*,#2244,.F.);
#2881=ORIENTED_EDGE('',*,*,#2245,.T.);
#2882=ORIENTED_EDGE('',*,*,#2246,.T.);
#2883=ORIENTED_EDGE('',*,*,#2247,.T.);
#2884=ORIENTED_EDGE('',*,*,#2248,.F.);
#2885=ORIENTED_EDGE('',*,*,#2249,.T.);
#2886=ORIENTED_EDGE('',*,*,#2250,.T.);
#2887=ORIENTED_EDGE('',*,*,#2251,.T.);
#2888=ORIENTED_EDGE('',*,*,#2252,.F.);
#2889=ORIENTED_EDGE('',*,*,#2253,.T.);
#2890=ORIENTED_EDGE('',*,*,#2254,.T.);
#2891=ORIENTED_EDGE('',*,*,#2255,.T.);
#2892=ORIENTED_EDGE('',*,*,#2256,.F.);
#2893=ORIENTED_EDGE('',*,*,#2257,.T.);
#2894=ORIENTED_EDGE('',*,*,#2258,.T.);
#2895=ORIENTED_EDGE('',*,*,#2259,.T.);
#2896=ORIENTED_EDGE('',*,*,#2260,.F.);
#2897=ORIENTED_EDGE('',*,*,#2261,.T.);
#2898=ORIENTED_EDGE('',*,*,#2262,.T.);
#2899=ORIENTED_EDGE('',*,*,#2263,.T.);
#2900=ORIENTED_EDGE('',*,*,#2264,.F.);
#2901=ORIENTED_EDGE('',*,*,#2265,.T.);
#2902=ORIENTED_EDGE('',*,*,#2266,.T.);
#2903=ORIENTED_EDGE('',*,*,#2267,.T.);
#2904=ORIENTED_EDGE('',*,*,#2268,.F.);
#2905=ORIENTED_EDGE('',*,*,#2269,.T.);
#2906=ORIENTED_EDGE('',*,*,#2270,.T.);
#2907=ORIENTED_EDGE('',*,*,#2271,.T.);
#2908=ORIENTED_EDGE('',*,*,#2272,.F.);
#2909=ORIENTED_EDGE('',*,*,#2273,.T.);
#2910=ORIENTED_EDGE('',*,*,#2274,.T.);
#2911=ORIENTED_EDGE('',*,*,#2275,.T.);
#2912=ORIENTED_EDGE('',*,*,#2276,.F.);
#2913=ORIENTED_EDGE('',*,*,#2277,.T.);
#2914=ORIENTED_EDGE('',*,*,#2278,.T.);
#2915=ORIENTED_EDGE('',*,*,#2279,.T.);
#2916=ORIENTED_EDGE('',*,*,#2280,.F.);
#2917=ORIENTED_EDGE('',*,*,#2281,.T.);
#2918=ORIENTED_EDGE('',*,*,#2282,.T.);
#2919=ORIENTED_EDGE('',*,*,#2283,.F.);
#2920=ORIENTED_EDGE('',*,*,#2284,.F.);
#2921=ORIENTED_EDGE('',*,*,#2285,.F.);
#2922=ORIENTED_EDGE('',*,*,#2286,.F.);
#2923=ORIENTED_EDGE('',*,*,#2179,.T.);
#2924=ORIENTED_EDGE('',*,*,#2178,.T.);
#2925=ORIENTED_EDGE('',*,*,#2177,.T.);
#2926=ORIENTED_EDGE('',*,*,#2287,.T.);
#2927=ORIENTED_EDGE('',*,*,#2288,.F.);
#2928=ORIENTED_EDGE('',*,*,#2184,.T.);
#2929=ORIENTED_EDGE('',*,*,#2289,.F.);
#2930=ORIENTED_EDGE('',*,*,#2290,.T.);
#2931=ORIENTED_EDGE('',*,*,#2291,.F.);
#2932=ORIENTED_EDGE('',*,*,#2292,.F.);
#2933=ORIENTED_EDGE('',*,*,#2293,.F.);
#2934=ORIENTED_EDGE('',*,*,#2294,.T.);
#2935=ORIENTED_EDGE('',*,*,#2295,.F.);
#2936=ORIENTED_EDGE('',*,*,#2296,.F.);
#2937=ORIENTED_EDGE('',*,*,#2297,.F.);
#2938=ORIENTED_EDGE('',*,*,#2298,.F.);
#2939=ORIENTED_EDGE('',*,*,#2299,.F.);
#2940=ORIENTED_EDGE('',*,*,#2300,.T.);
#2941=ORIENTED_EDGE('',*,*,#2301,.F.);
#2942=ORIENTED_EDGE('',*,*,#2302,.T.);
#2943=ORIENTED_EDGE('',*,*,#2303,.F.);
#2944=ORIENTED_EDGE('',*,*,#2304,.F.);
#2945=ORIENTED_EDGE('',*,*,#2305,.F.);
#2946=ORIENTED_EDGE('',*,*,#2306,.F.);
#2947=ORIENTED_EDGE('',*,*,#2307,.F.);
#2948=ORIENTED_EDGE('',*,*,#2308,.T.);
#2949=ORIENTED_EDGE('',*,*,#2309,.F.);
#2950=ORIENTED_EDGE('',*,*,#2310,.T.);
#2951=ORIENTED_EDGE('',*,*,#2311,.F.);
#2952=ORIENTED_EDGE('',*,*,#2312,.F.);
#2953=ORIENTED_EDGE('',*,*,#2313,.F.);
#2954=ORIENTED_EDGE('',*,*,#2314,.F.);
#2955=ORIENTED_EDGE('',*,*,#2315,.F.);
#2956=ORIENTED_EDGE('',*,*,#2316,.T.);
#2957=ORIENTED_EDGE('',*,*,#2317,.F.);
#2958=ORIENTED_EDGE('',*,*,#2318,.T.);
#2959=ORIENTED_EDGE('',*,*,#2319,.F.);
#2960=ORIENTED_EDGE('',*,*,#2320,.F.);
#2961=ORIENTED_EDGE('',*,*,#2321,.F.);
#2962=ORIENTED_EDGE('',*,*,#2322,.F.);
#2963=ORIENTED_EDGE('',*,*,#2323,.F.);
#2964=ORIENTED_EDGE('',*,*,#2324,.T.);
#2965=ORIENTED_EDGE('',*,*,#2325,.F.);
#2966=ORIENTED_EDGE('',*,*,#2326,.T.);
#2967=ORIENTED_EDGE('',*,*,#2327,.F.);
#2968=ORIENTED_EDGE('',*,*,#2328,.F.);
#2969=ORIENTED_EDGE('',*,*,#2329,.F.);
#2970=ORIENTED_EDGE('',*,*,#2330,.F.);
#2971=ORIENTED_EDGE('',*,*,#2331,.F.);
#2972=ORIENTED_EDGE('',*,*,#2332,.T.);
#2973=ORIENTED_EDGE('',*,*,#2333,.F.);
#2974=ORIENTED_EDGE('',*,*,#2334,.T.);
#2975=ORIENTED_EDGE('',*,*,#2335,.F.);
#2976=ORIENTED_EDGE('',*,*,#2336,.F.);
#2977=ORIENTED_EDGE('',*,*,#2337,.F.);
#2978=ORIENTED_EDGE('',*,*,#2338,.F.);
#2979=ORIENTED_EDGE('',*,*,#2339,.F.);
#2980=ORIENTED_EDGE('',*,*,#2340,.T.);
#2981=ORIENTED_EDGE('',*,*,#2341,.F.);
#2982=ORIENTED_EDGE('',*,*,#2342,.T.);
#2983=ORIENTED_EDGE('',*,*,#2343,.F.);
#2984=ORIENTED_EDGE('',*,*,#2344,.F.);
#2985=ORIENTED_EDGE('',*,*,#2345,.F.);
#2986=ORIENTED_EDGE('',*,*,#2346,.F.);
#2987=ORIENTED_EDGE('',*,*,#2347,.F.);
#2988=ORIENTED_EDGE('',*,*,#2290,.F.);
#2989=ORIENTED_EDGE('',*,*,#2348,.F.);
#2990=ORIENTED_EDGE('',*,*,#2300,.F.);
#2991=ORIENTED_EDGE('',*,*,#2349,.F.);
#2992=ORIENTED_EDGE('',*,*,#2350,.F.);
#2993=ORIENTED_EDGE('',*,*,#2351,.F.);
#2994=ORIENTED_EDGE('',*,*,#2352,.F.);
#2995=ORIENTED_EDGE('',*,*,#2353,.F.);
#2996=ORIENTED_EDGE('',*,*,#2294,.F.);
#2997=ORIENTED_EDGE('',*,*,#2354,.F.);
#2998=ORIENTED_EDGE('',*,*,#2308,.F.);
#2999=ORIENTED_EDGE('',*,*,#2355,.F.);
#3000=ORIENTED_EDGE('',*,*,#2356,.F.);
#3001=ORIENTED_EDGE('',*,*,#2357,.F.);
#3002=ORIENTED_EDGE('',*,*,#2358,.F.);
#3003=ORIENTED_EDGE('',*,*,#2359,.F.);
#3004=ORIENTED_EDGE('',*,*,#2302,.F.);
#3005=ORIENTED_EDGE('',*,*,#2360,.F.);
#3006=ORIENTED_EDGE('',*,*,#2316,.F.);
#3007=ORIENTED_EDGE('',*,*,#2361,.F.);
#3008=ORIENTED_EDGE('',*,*,#2362,.F.);
#3009=ORIENTED_EDGE('',*,*,#2363,.F.);
#3010=ORIENTED_EDGE('',*,*,#2364,.F.);
#3011=ORIENTED_EDGE('',*,*,#2365,.F.);
#3012=ORIENTED_EDGE('',*,*,#2310,.F.);
#3013=ORIENTED_EDGE('',*,*,#2366,.F.);
#3014=ORIENTED_EDGE('',*,*,#2324,.F.);
#3015=ORIENTED_EDGE('',*,*,#2367,.F.);
#3016=ORIENTED_EDGE('',*,*,#2368,.F.);
#3017=ORIENTED_EDGE('',*,*,#2369,.F.);
#3018=ORIENTED_EDGE('',*,*,#2370,.F.);
#3019=ORIENTED_EDGE('',*,*,#2371,.F.);
#3020=ORIENTED_EDGE('',*,*,#2318,.F.);
#3021=ORIENTED_EDGE('',*,*,#2372,.F.);
#3022=ORIENTED_EDGE('',*,*,#2332,.F.);
#3023=ORIENTED_EDGE('',*,*,#2373,.F.);
#3024=ORIENTED_EDGE('',*,*,#2374,.F.);
#3025=ORIENTED_EDGE('',*,*,#2375,.F.);
#3026=ORIENTED_EDGE('',*,*,#2376,.F.);
#3027=ORIENTED_EDGE('',*,*,#2377,.F.);
#3028=ORIENTED_EDGE('',*,*,#2326,.F.);
#3029=ORIENTED_EDGE('',*,*,#2378,.F.);
#3030=ORIENTED_EDGE('',*,*,#2340,.F.);
#3031=ORIENTED_EDGE('',*,*,#2379,.F.);
#3032=ORIENTED_EDGE('',*,*,#2380,.F.);
#3033=ORIENTED_EDGE('',*,*,#2381,.F.);
#3034=ORIENTED_EDGE('',*,*,#2382,.F.);
#3035=ORIENTED_EDGE('',*,*,#2383,.F.);
#3036=ORIENTED_EDGE('',*,*,#2334,.F.);
#3037=ORIENTED_EDGE('',*,*,#2384,.F.);
#3038=ORIENTED_EDGE('',*,*,#2385,.F.);
#3039=ORIENTED_EDGE('',*,*,#2386,.F.);
#3040=ORIENTED_EDGE('',*,*,#2387,.F.);
#3041=ORIENTED_EDGE('',*,*,#2388,.F.);
#3042=ORIENTED_EDGE('',*,*,#2389,.F.);
#3043=ORIENTED_EDGE('',*,*,#2390,.F.);
#3044=ORIENTED_EDGE('',*,*,#2342,.F.);
#3045=ORIENTED_EDGE('',*,*,#2391,.F.);
#3046=ORIENTED_EDGE('',*,*,#2392,.F.);
#3047=ORIENTED_EDGE('',*,*,#2393,.F.);
#3048=ORIENTED_EDGE('',*,*,#2385,.T.);
#3049=ORIENTED_EDGE('',*,*,#2394,.F.);
#3050=ORIENTED_EDGE('',*,*,#2395,.T.);
#3051=ORIENTED_EDGE('',*,*,#2396,.F.);
#3052=ORIENTED_EDGE('',*,*,#2397,.F.);
#3053=ORIENTED_EDGE('',*,*,#2398,.F.);
#3054=ORIENTED_EDGE('',*,*,#2399,.T.);
#3055=ORIENTED_EDGE('',*,*,#2400,.F.);
#3056=ORIENTED_EDGE('',*,*,#2401,.F.);
#3057=ORIENTED_EDGE('',*,*,#2402,.F.);
#3058=ORIENTED_EDGE('',*,*,#2403,.F.);
#3059=ORIENTED_EDGE('',*,*,#2404,.F.);
#3060=ORIENTED_EDGE('',*,*,#2405,.T.);
#3061=ORIENTED_EDGE('',*,*,#2406,.F.);
#3062=ORIENTED_EDGE('',*,*,#2407,.T.);
#3063=ORIENTED_EDGE('',*,*,#2408,.F.);
#3064=ORIENTED_EDGE('',*,*,#2409,.F.);
#3065=ORIENTED_EDGE('',*,*,#2410,.F.);
#3066=ORIENTED_EDGE('',*,*,#2411,.F.);
#3067=ORIENTED_EDGE('',*,*,#2412,.F.);
#3068=ORIENTED_EDGE('',*,*,#2413,.T.);
#3069=ORIENTED_EDGE('',*,*,#2414,.F.);
#3070=ORIENTED_EDGE('',*,*,#2415,.T.);
#3071=ORIENTED_EDGE('',*,*,#2416,.F.);
#3072=ORIENTED_EDGE('',*,*,#2417,.F.);
#3073=ORIENTED_EDGE('',*,*,#2418,.F.);
#3074=ORIENTED_EDGE('',*,*,#2419,.F.);
#3075=ORIENTED_EDGE('',*,*,#2420,.F.);
#3076=ORIENTED_EDGE('',*,*,#2421,.T.);
#3077=ORIENTED_EDGE('',*,*,#2422,.F.);
#3078=ORIENTED_EDGE('',*,*,#2423,.T.);
#3079=ORIENTED_EDGE('',*,*,#2424,.F.);
#3080=ORIENTED_EDGE('',*,*,#2425,.F.);
#3081=ORIENTED_EDGE('',*,*,#2426,.F.);
#3082=ORIENTED_EDGE('',*,*,#2427,.F.);
#3083=ORIENTED_EDGE('',*,*,#2428,.F.);
#3084=ORIENTED_EDGE('',*,*,#2429,.T.);
#3085=ORIENTED_EDGE('',*,*,#2430,.F.);
#3086=ORIENTED_EDGE('',*,*,#2431,.T.);
#3087=ORIENTED_EDGE('',*,*,#2432,.F.);
#3088=ORIENTED_EDGE('',*,*,#2433,.F.);
#3089=ORIENTED_EDGE('',*,*,#2434,.F.);
#3090=ORIENTED_EDGE('',*,*,#2435,.F.);
#3091=ORIENTED_EDGE('',*,*,#2436,.F.);
#3092=ORIENTED_EDGE('',*,*,#2437,.T.);
#3093=ORIENTED_EDGE('',*,*,#2438,.F.);
#3094=ORIENTED_EDGE('',*,*,#2439,.T.);
#3095=ORIENTED_EDGE('',*,*,#2440,.F.);
#3096=ORIENTED_EDGE('',*,*,#2441,.F.);
#3097=ORIENTED_EDGE('',*,*,#2442,.F.);
#3098=ORIENTED_EDGE('',*,*,#2443,.F.);
#3099=ORIENTED_EDGE('',*,*,#2444,.F.);
#3100=ORIENTED_EDGE('',*,*,#2445,.T.);
#3101=ORIENTED_EDGE('',*,*,#2446,.F.);
#3102=ORIENTED_EDGE('',*,*,#2447,.T.);
#3103=ORIENTED_EDGE('',*,*,#2448,.F.);
#3104=ORIENTED_EDGE('',*,*,#2449,.F.);
#3105=ORIENTED_EDGE('',*,*,#2450,.F.);
#3106=ORIENTED_EDGE('',*,*,#2451,.F.);
#3107=ORIENTED_EDGE('',*,*,#2452,.F.);
#3108=ORIENTED_EDGE('',*,*,#2395,.F.);
#3109=ORIENTED_EDGE('',*,*,#2453,.F.);
#3110=ORIENTED_EDGE('',*,*,#2405,.F.);
#3111=ORIENTED_EDGE('',*,*,#2454,.F.);
#3112=ORIENTED_EDGE('',*,*,#2455,.F.);
#3113=ORIENTED_EDGE('',*,*,#2456,.F.);
#3114=ORIENTED_EDGE('',*,*,#2457,.F.);
#3115=ORIENTED_EDGE('',*,*,#2458,.F.);
#3116=ORIENTED_EDGE('',*,*,#2399,.F.);
#3117=ORIENTED_EDGE('',*,*,#2459,.F.);
#3118=ORIENTED_EDGE('',*,*,#2413,.F.);
#3119=ORIENTED_EDGE('',*,*,#2460,.F.);
#3120=ORIENTED_EDGE('',*,*,#2461,.F.);
#3121=ORIENTED_EDGE('',*,*,#2462,.F.);
#3122=ORIENTED_EDGE('',*,*,#2463,.F.);
#3123=ORIENTED_EDGE('',*,*,#2464,.F.);
#3124=ORIENTED_EDGE('',*,*,#2407,.F.);
#3125=ORIENTED_EDGE('',*,*,#2465,.F.);
#3126=ORIENTED_EDGE('',*,*,#2421,.F.);
#3127=ORIENTED_EDGE('',*,*,#2466,.F.);
#3128=ORIENTED_EDGE('',*,*,#2467,.F.);
#3129=ORIENTED_EDGE('',*,*,#2468,.F.);
#3130=ORIENTED_EDGE('',*,*,#2469,.F.);
#3131=ORIENTED_EDGE('',*,*,#2470,.F.);
#3132=ORIENTED_EDGE('',*,*,#2415,.F.);
#3133=ORIENTED_EDGE('',*,*,#2471,.F.);
#3134=ORIENTED_EDGE('',*,*,#2429,.F.);
#3135=ORIENTED_EDGE('',*,*,#2472,.F.);
#3136=ORIENTED_EDGE('',*,*,#2473,.F.);
#3137=ORIENTED_EDGE('',*,*,#2474,.F.);
#3138=ORIENTED_EDGE('',*,*,#2475,.F.);
#3139=ORIENTED_EDGE('',*,*,#2476,.F.);
#3140=ORIENTED_EDGE('',*,*,#2423,.F.);
#3141=ORIENTED_EDGE('',*,*,#2477,.F.);
#3142=ORIENTED_EDGE('',*,*,#2437,.F.);
#3143=ORIENTED_EDGE('',*,*,#2478,.F.);
#3144=ORIENTED_EDGE('',*,*,#2479,.F.);
#3145=ORIENTED_EDGE('',*,*,#2480,.F.);
#3146=ORIENTED_EDGE('',*,*,#2481,.F.);
#3147=ORIENTED_EDGE('',*,*,#2482,.F.);
#3148=ORIENTED_EDGE('',*,*,#2431,.F.);
#3149=ORIENTED_EDGE('',*,*,#2483,.F.);
#3150=ORIENTED_EDGE('',*,*,#2445,.F.);
#3151=ORIENTED_EDGE('',*,*,#2484,.F.);
#3152=ORIENTED_EDGE('',*,*,#2485,.F.);
#3153=ORIENTED_EDGE('',*,*,#2486,.F.);
#3154=ORIENTED_EDGE('',*,*,#2487,.F.);
#3155=ORIENTED_EDGE('',*,*,#2488,.F.);
#3156=ORIENTED_EDGE('',*,*,#2439,.F.);
#3157=ORIENTED_EDGE('',*,*,#2489,.F.);
#3158=ORIENTED_EDGE('',*,*,#2490,.F.);
#3159=ORIENTED_EDGE('',*,*,#2491,.F.);
#3160=ORIENTED_EDGE('',*,*,#2447,.F.);
#3161=ORIENTED_EDGE('',*,*,#2492,.F.);
#3162=ORIENTED_EDGE('',*,*,#2493,.F.);
#3163=ORIENTED_EDGE('',*,*,#2494,.F.);
#3164=ORIENTED_EDGE('',*,*,#2284,.T.);
#3165=ORIENTED_EDGE('',*,*,#2283,.T.);
#3166=ORIENTED_EDGE('',*,*,#2495,.T.);
#3167=ORIENTED_EDGE('',*,*,#2496,.F.);
#3168=ORIENTED_EDGE('',*,*,#2175,.T.);
#3169=ORIENTED_EDGE('',*,*,#2384,.T.);
#3170=ORIENTED_EDGE('',*,*,#2497,.T.);
#3171=ORIENTED_EDGE('',*,*,#2492,.T.);
#3172=ORIENTED_EDGE('',*,*,#2182,.T.);
#3173=ORIENTED_EDGE('',*,*,#2489,.T.);
#3174=ORIENTED_EDGE('',*,*,#2498,.F.);
#3175=ORIENTED_EDGE('',*,*,#2499,.F.);
#3176=ORIENTED_EDGE('',*,*,#2500,.F.);
#3177=ORIENTED_EDGE('',*,*,#2341,.T.);
#3178=ORIENTED_EDGE('',*,*,#2501,.F.);
#3179=ORIENTED_EDGE('',*,*,#2225,.F.);
#3180=ORIENTED_EDGE('',*,*,#2502,.F.);
#3181=ORIENTED_EDGE('',*,*,#2490,.T.);
#3182=ORIENTED_EDGE('',*,*,#2500,.T.);
#3183=ORIENTED_EDGE('',*,*,#2503,.F.);
#3184=ORIENTED_EDGE('',*,*,#2504,.F.);
#3185=ORIENTED_EDGE('',*,*,#2389,.T.);
#3186=ORIENTED_EDGE('',*,*,#2505,.T.);
#3187=ORIENTED_EDGE('',*,*,#2449,.T.);
#3188=ORIENTED_EDGE('',*,*,#2506,.F.);
#3189=ORIENTED_EDGE('',*,*,#2344,.T.);
#3190=ORIENTED_EDGE('',*,*,#2507,.F.);
#3191=ORIENTED_EDGE('',*,*,#2226,.F.);
#3192=ORIENTED_EDGE('',*,*,#2501,.T.);
#3193=ORIENTED_EDGE('',*,*,#2286,.T.);
#3194=ORIENTED_EDGE('',*,*,#2508,.T.);
#3195=ORIENTED_EDGE('',*,*,#2509,.F.);
#3196=ORIENTED_EDGE('',*,*,#2495,.F.);
#3197=ORIENTED_EDGE('',*,*,#2387,.T.);
#3198=ORIENTED_EDGE('',*,*,#2510,.T.);
#3199=ORIENTED_EDGE('',*,*,#2493,.T.);
#3200=ORIENTED_EDGE('',*,*,#2497,.F.);
#3201=ORIENTED_EDGE('',*,*,#2491,.T.);
#3202=ORIENTED_EDGE('',*,*,#2504,.T.);
#3203=ORIENTED_EDGE('',*,*,#2511,.F.);
#3204=ORIENTED_EDGE('',*,*,#2512,.F.);
#3205=ORIENTED_EDGE('',*,*,#2390,.T.);
#3206=ORIENTED_EDGE('',*,*,#2506,.T.);
#3207=ORIENTED_EDGE('',*,*,#2448,.T.);
#3208=ORIENTED_EDGE('',*,*,#2513,.F.);
#3209=ORIENTED_EDGE('',*,*,#2343,.T.);
#3210=ORIENTED_EDGE('',*,*,#2514,.F.);
#3211=ORIENTED_EDGE('',*,*,#2227,.F.);
#3212=ORIENTED_EDGE('',*,*,#2507,.T.);
#3213=ORIENTED_EDGE('',*,*,#2285,.T.);
#3214=ORIENTED_EDGE('',*,*,#2515,.F.);
#3215=ORIENTED_EDGE('',*,*,#2516,.F.);
#3216=ORIENTED_EDGE('',*,*,#2508,.F.);
#3217=ORIENTED_EDGE('',*,*,#2386,.T.);
#3218=ORIENTED_EDGE('',*,*,#2517,.F.);
#3219=ORIENTED_EDGE('',*,*,#2494,.T.);
#3220=ORIENTED_EDGE('',*,*,#2510,.F.);
#3221=ORIENTED_EDGE('',*,*,#2518,.T.);
#3222=ORIENTED_EDGE('',*,*,#2519,.T.);
#3223=ORIENTED_EDGE('',*,*,#2520,.T.);
#3224=ORIENTED_EDGE('',*,*,#2515,.T.);
#3225=ORIENTED_EDGE('',*,*,#2517,.T.);
#3226=ORIENTED_EDGE('',*,*,#2521,.T.);
#3227=ORIENTED_EDGE('',*,*,#2280,.T.);
#3228=ORIENTED_EDGE('',*,*,#2522,.T.);
#3229=ORIENTED_EDGE('',*,*,#2486,.T.);
#3230=ORIENTED_EDGE('',*,*,#2523,.F.);
#3231=ORIENTED_EDGE('',*,*,#2524,.F.);
#3232=ORIENTED_EDGE('',*,*,#2525,.F.);
#3233=ORIENTED_EDGE('',*,*,#2333,.T.);
#3234=ORIENTED_EDGE('',*,*,#2526,.F.);
#3235=ORIENTED_EDGE('',*,*,#2229,.F.);
#3236=ORIENTED_EDGE('',*,*,#2527,.F.);
#3237=ORIENTED_EDGE('',*,*,#2487,.T.);
#3238=ORIENTED_EDGE('',*,*,#2525,.T.);
#3239=ORIENTED_EDGE('',*,*,#2528,.F.);
#3240=ORIENTED_EDGE('',*,*,#2529,.F.);
#3241=ORIENTED_EDGE('',*,*,#2382,.T.);
#3242=ORIENTED_EDGE('',*,*,#2530,.T.);
#3243=ORIENTED_EDGE('',*,*,#2441,.T.);
#3244=ORIENTED_EDGE('',*,*,#2531,.F.);
#3245=ORIENTED_EDGE('',*,*,#2336,.T.);
#3246=ORIENTED_EDGE('',*,*,#2532,.F.);
#3247=ORIENTED_EDGE('',*,*,#2230,.F.);
#3248=ORIENTED_EDGE('',*,*,#2526,.T.);
#3249=ORIENTED_EDGE('',*,*,#2483,.T.);
#3250=ORIENTED_EDGE('',*,*,#2533,.T.);
#3251=ORIENTED_EDGE('',*,*,#2534,.F.);
#3252=ORIENTED_EDGE('',*,*,#2519,.F.);
#3253=ORIENTED_EDGE('',*,*,#2378,.T.);
#3254=ORIENTED_EDGE('',*,*,#2535,.T.);
#3255=ORIENTED_EDGE('',*,*,#2442,.T.);
#3256=ORIENTED_EDGE('',*,*,#2518,.F.);
#3257=ORIENTED_EDGE('',*,*,#2485,.T.);
#3258=ORIENTED_EDGE('',*,*,#2536,.T.);
#3259=ORIENTED_EDGE('',*,*,#2537,.F.);
#3260=ORIENTED_EDGE('',*,*,#2533,.F.);
#3261=ORIENTED_EDGE('',*,*,#2380,.T.);
#3262=ORIENTED_EDGE('',*,*,#2538,.T.);
#3263=ORIENTED_EDGE('',*,*,#2443,.T.);
#3264=ORIENTED_EDGE('',*,*,#2535,.F.);
#3265=ORIENTED_EDGE('',*,*,#2488,.T.);
#3266=ORIENTED_EDGE('',*,*,#2529,.T.);
#3267=ORIENTED_EDGE('',*,*,#2539,.F.);
#3268=ORIENTED_EDGE('',*,*,#2540,.F.);
#3269=ORIENTED_EDGE('',*,*,#2383,.T.);
#3270=ORIENTED_EDGE('',*,*,#2531,.T.);
#3271=ORIENTED_EDGE('',*,*,#2440,.T.);
#3272=ORIENTED_EDGE('',*,*,#2541,.F.);
#3273=ORIENTED_EDGE('',*,*,#2335,.T.);
#3274=ORIENTED_EDGE('',*,*,#2542,.F.);
#3275=ORIENTED_EDGE('',*,*,#2231,.F.);
#3276=ORIENTED_EDGE('',*,*,#2532,.T.);
#3277=ORIENTED_EDGE('',*,*,#2484,.T.);
#3278=ORIENTED_EDGE('',*,*,#2543,.F.);
#3279=ORIENTED_EDGE('',*,*,#2544,.F.);
#3280=ORIENTED_EDGE('',*,*,#2536,.F.);
#3281=ORIENTED_EDGE('',*,*,#2379,.T.);
#3282=ORIENTED_EDGE('',*,*,#2545,.F.);
#3283=ORIENTED_EDGE('',*,*,#2444,.T.);
#3284=ORIENTED_EDGE('',*,*,#2538,.F.);
#3285=ORIENTED_EDGE('',*,*,#2546,.T.);
#3286=ORIENTED_EDGE('',*,*,#2547,.T.);
#3287=ORIENTED_EDGE('',*,*,#2548,.T.);
#3288=ORIENTED_EDGE('',*,*,#2543,.T.);
#3289=ORIENTED_EDGE('',*,*,#2545,.T.);
#3290=ORIENTED_EDGE('',*,*,#2549,.T.);
#3291=ORIENTED_EDGE('',*,*,#2276,.T.);
#3292=ORIENTED_EDGE('',*,*,#2550,.T.);
#3293=ORIENTED_EDGE('',*,*,#2480,.T.);
#3294=ORIENTED_EDGE('',*,*,#2551,.F.);
#3295=ORIENTED_EDGE('',*,*,#2552,.F.);
#3296=ORIENTED_EDGE('',*,*,#2553,.F.);
#3297=ORIENTED_EDGE('',*,*,#2325,.T.);
#3298=ORIENTED_EDGE('',*,*,#2554,.F.);
#3299=ORIENTED_EDGE('',*,*,#2233,.F.);
#3300=ORIENTED_EDGE('',*,*,#2555,.F.);
#3301=ORIENTED_EDGE('',*,*,#2481,.T.);
#3302=ORIENTED_EDGE('',*,*,#2553,.T.);
#3303=ORIENTED_EDGE('',*,*,#2556,.F.);
#3304=ORIENTED_EDGE('',*,*,#2557,.F.);
#3305=ORIENTED_EDGE('',*,*,#2376,.T.);
#3306=ORIENTED_EDGE('',*,*,#2558,.T.);
#3307=ORIENTED_EDGE('',*,*,#2433,.T.);
#3308=ORIENTED_EDGE('',*,*,#2559,.F.);
#3309=ORIENTED_EDGE('',*,*,#2328,.T.);
#3310=ORIENTED_EDGE('',*,*,#2560,.F.);
#3311=ORIENTED_EDGE('',*,*,#2234,.F.);
#3312=ORIENTED_EDGE('',*,*,#2554,.T.);
#3313=ORIENTED_EDGE('',*,*,#2477,.T.);
#3314=ORIENTED_EDGE('',*,*,#2561,.T.);
#3315=ORIENTED_EDGE('',*,*,#2562,.F.);
#3316=ORIENTED_EDGE('',*,*,#2547,.F.);
#3317=ORIENTED_EDGE('',*,*,#2372,.T.);
#3318=ORIENTED_EDGE('',*,*,#2563,.T.);
#3319=ORIENTED_EDGE('',*,*,#2434,.T.);
#3320=ORIENTED_EDGE('',*,*,#2546,.F.);
#3321=ORIENTED_EDGE('',*,*,#2479,.T.);
#3322=ORIENTED_EDGE('',*,*,#2564,.T.);
#3323=ORIENTED_EDGE('',*,*,#2565,.F.);
#3324=ORIENTED_EDGE('',*,*,#2561,.F.);
#3325=ORIENTED_EDGE('',*,*,#2374,.T.);
#3326=ORIENTED_EDGE('',*,*,#2566,.T.);
#3327=ORIENTED_EDGE('',*,*,#2435,.T.);
#3328=ORIENTED_EDGE('',*,*,#2563,.F.);
#3329=ORIENTED_EDGE('',*,*,#2482,.T.);
#3330=ORIENTED_EDGE('',*,*,#2557,.T.);
#3331=ORIENTED_EDGE('',*,*,#2567,.F.);
#3332=ORIENTED_EDGE('',*,*,#2568,.F.);
#3333=ORIENTED_EDGE('',*,*,#2377,.T.);
#3334=ORIENTED_EDGE('',*,*,#2559,.T.);
#3335=ORIENTED_EDGE('',*,*,#2432,.T.);
#3336=ORIENTED_EDGE('',*,*,#2569,.F.);
#3337=ORIENTED_EDGE('',*,*,#2327,.T.);
#3338=ORIENTED_EDGE('',*,*,#2570,.F.);
#3339=ORIENTED_EDGE('',*,*,#2235,.F.);
#3340=ORIENTED_EDGE('',*,*,#2560,.T.);
#3341=ORIENTED_EDGE('',*,*,#2478,.T.);
#3342=ORIENTED_EDGE('',*,*,#2571,.F.);
#3343=ORIENTED_EDGE('',*,*,#2572,.F.);
#3344=ORIENTED_EDGE('',*,*,#2564,.F.);
#3345=ORIENTED_EDGE('',*,*,#2373,.T.);
#3346=ORIENTED_EDGE('',*,*,#2573,.F.);
#3347=ORIENTED_EDGE('',*,*,#2436,.T.);
#3348=ORIENTED_EDGE('',*,*,#2566,.F.);
#3349=ORIENTED_EDGE('',*,*,#2574,.T.);
#3350=ORIENTED_EDGE('',*,*,#2575,.T.);
#3351=ORIENTED_EDGE('',*,*,#2576,.T.);
#3352=ORIENTED_EDGE('',*,*,#2571,.T.);
#3353=ORIENTED_EDGE('',*,*,#2573,.T.);
#3354=ORIENTED_EDGE('',*,*,#2577,.T.);
#3355=ORIENTED_EDGE('',*,*,#2272,.T.);
#3356=ORIENTED_EDGE('',*,*,#2578,.T.);
#3357=ORIENTED_EDGE('',*,*,#2474,.T.);
#3358=ORIENTED_EDGE('',*,*,#2579,.T.);
#3359=ORIENTED_EDGE('',*,*,#2580,.F.);
#3360=ORIENTED_EDGE('',*,*,#2581,.F.);
#3361=ORIENTED_EDGE('',*,*,#2317,.T.);
#3362=ORIENTED_EDGE('',*,*,#2582,.F.);
#3363=ORIENTED_EDGE('',*,*,#2237,.F.);
#3364=ORIENTED_EDGE('',*,*,#2583,.T.);
#3365=ORIENTED_EDGE('',*,*,#2320,.T.);
#3366=ORIENTED_EDGE('',*,*,#2584,.F.);
#3367=ORIENTED_EDGE('',*,*,#2238,.F.);
#3368=ORIENTED_EDGE('',*,*,#2582,.T.);
#3369=ORIENTED_EDGE('',*,*,#2475,.T.);
#3370=ORIENTED_EDGE('',*,*,#2581,.T.);
#3371=ORIENTED_EDGE('',*,*,#2585,.F.);
#3372=ORIENTED_EDGE('',*,*,#2586,.F.);
#3373=ORIENTED_EDGE('',*,*,#2471,.T.);
#3374=ORIENTED_EDGE('',*,*,#2587,.T.);
#3375=ORIENTED_EDGE('',*,*,#2588,.F.);
#3376=ORIENTED_EDGE('',*,*,#2575,.F.);
#3377=ORIENTED_EDGE('',*,*,#2366,.T.);
#3378=ORIENTED_EDGE('',*,*,#2589,.T.);
#3379=ORIENTED_EDGE('',*,*,#2426,.T.);
#3380=ORIENTED_EDGE('',*,*,#2574,.F.);
#3381=ORIENTED_EDGE('',*,*,#2473,.T.);
#3382=ORIENTED_EDGE('',*,*,#2590,.T.);
#3383=ORIENTED_EDGE('',*,*,#2591,.F.);
#3384=ORIENTED_EDGE('',*,*,#2587,.F.);
#3385=ORIENTED_EDGE('',*,*,#2368,.T.);
#3386=ORIENTED_EDGE('',*,*,#2592,.T.);
#3387=ORIENTED_EDGE('',*,*,#2427,.T.);
#3388=ORIENTED_EDGE('',*,*,#2589,.F.);
#3389=ORIENTED_EDGE('',*,*,#2319,.T.);
#3390=ORIENTED_EDGE('',*,*,#2593,.F.);
#3391=ORIENTED_EDGE('',*,*,#2239,.F.);
#3392=ORIENTED_EDGE('',*,*,#2584,.T.);
#3393=ORIENTED_EDGE('',*,*,#2476,.T.);
#3394=ORIENTED_EDGE('',*,*,#2586,.T.);
#3395=ORIENTED_EDGE('',*,*,#2594,.F.);
#3396=ORIENTED_EDGE('',*,*,#2595,.F.);
#3397=ORIENTED_EDGE('',*,*,#2472,.T.);
#3398=ORIENTED_EDGE('',*,*,#2596,.F.);
#3399=ORIENTED_EDGE('',*,*,#2597,.F.);
#3400=ORIENTED_EDGE('',*,*,#2590,.F.);
#3401=ORIENTED_EDGE('',*,*,#2367,.T.);
#3402=ORIENTED_EDGE('',*,*,#2598,.F.);
#3403=ORIENTED_EDGE('',*,*,#2428,.T.);
#3404=ORIENTED_EDGE('',*,*,#2592,.F.);
#3405=ORIENTED_EDGE('',*,*,#2599,.T.);
#3406=ORIENTED_EDGE('',*,*,#2600,.T.);
#3407=ORIENTED_EDGE('',*,*,#2601,.T.);
#3408=ORIENTED_EDGE('',*,*,#2596,.T.);
#3409=ORIENTED_EDGE('',*,*,#2598,.T.);
#3410=ORIENTED_EDGE('',*,*,#2602,.T.);
#3411=ORIENTED_EDGE('',*,*,#2268,.T.);
#3412=ORIENTED_EDGE('',*,*,#2603,.T.);
#3413=ORIENTED_EDGE('',*,*,#2468,.T.);
#3414=ORIENTED_EDGE('',*,*,#2604,.F.);
#3415=ORIENTED_EDGE('',*,*,#2605,.F.);
#3416=ORIENTED_EDGE('',*,*,#2606,.F.);
#3417=ORIENTED_EDGE('',*,*,#2309,.T.);
#3418=ORIENTED_EDGE('',*,*,#2607,.F.);
#3419=ORIENTED_EDGE('',*,*,#2241,.F.);
#3420=ORIENTED_EDGE('',*,*,#2608,.F.);
#3421=ORIENTED_EDGE('',*,*,#2312,.T.);
#3422=ORIENTED_EDGE('',*,*,#2609,.F.);
#3423=ORIENTED_EDGE('',*,*,#2242,.F.);
#3424=ORIENTED_EDGE('',*,*,#2607,.T.);
#3425=ORIENTED_EDGE('',*,*,#2469,.T.);
#3426=ORIENTED_EDGE('',*,*,#2606,.T.);
#3427=ORIENTED_EDGE('',*,*,#2610,.F.);
#3428=ORIENTED_EDGE('',*,*,#2611,.F.);
#3429=ORIENTED_EDGE('',*,*,#2465,.T.);
#3430=ORIENTED_EDGE('',*,*,#2612,.T.);
#3431=ORIENTED_EDGE('',*,*,#2613,.F.);
#3432=ORIENTED_EDGE('',*,*,#2600,.F.);
#3433=ORIENTED_EDGE('',*,*,#2360,.T.);
#3434=ORIENTED_EDGE('',*,*,#2614,.T.);
#3435=ORIENTED_EDGE('',*,*,#2418,.T.);
#3436=ORIENTED_EDGE('',*,*,#2599,.F.);
#3437=ORIENTED_EDGE('',*,*,#2467,.T.);
#3438=ORIENTED_EDGE('',*,*,#2615,.T.);
#3439=ORIENTED_EDGE('',*,*,#2616,.F.);
#3440=ORIENTED_EDGE('',*,*,#2612,.F.);
#3441=ORIENTED_EDGE('',*,*,#2362,.T.);
#3442=ORIENTED_EDGE('',*,*,#2617,.T.);
#3443=ORIENTED_EDGE('',*,*,#2419,.T.);
#3444=ORIENTED_EDGE('',*,*,#2614,.F.);
#3445=ORIENTED_EDGE('',*,*,#2311,.T.);
#3446=ORIENTED_EDGE('',*,*,#2618,.F.);
#3447=ORIENTED_EDGE('',*,*,#2243,.F.);
#3448=ORIENTED_EDGE('',*,*,#2609,.T.);
#3449=ORIENTED_EDGE('',*,*,#2470,.T.);
#3450=ORIENTED_EDGE('',*,*,#2611,.T.);
#3451=ORIENTED_EDGE('',*,*,#2619,.F.);
#3452=ORIENTED_EDGE('',*,*,#2620,.F.);
#3453=ORIENTED_EDGE('',*,*,#2466,.T.);
#3454=ORIENTED_EDGE('',*,*,#2621,.F.);
#3455=ORIENTED_EDGE('',*,*,#2622,.F.);
#3456=ORIENTED_EDGE('',*,*,#2615,.F.);
#3457=ORIENTED_EDGE('',*,*,#2361,.T.);
#3458=ORIENTED_EDGE('',*,*,#2623,.F.);
#3459=ORIENTED_EDGE('',*,*,#2420,.T.);
#3460=ORIENTED_EDGE('',*,*,#2617,.F.);
#3461=ORIENTED_EDGE('',*,*,#2624,.T.);
#3462=ORIENTED_EDGE('',*,*,#2625,.T.);
#3463=ORIENTED_EDGE('',*,*,#2626,.T.);
#3464=ORIENTED_EDGE('',*,*,#2621,.T.);
#3465=ORIENTED_EDGE('',*,*,#2623,.T.);
#3466=ORIENTED_EDGE('',*,*,#2627,.T.);
#3467=ORIENTED_EDGE('',*,*,#2264,.T.);
#3468=ORIENTED_EDGE('',*,*,#2628,.T.);
#3469=ORIENTED_EDGE('',*,*,#2462,.T.);
#3470=ORIENTED_EDGE('',*,*,#2629,.F.);
#3471=ORIENTED_EDGE('',*,*,#2630,.F.);
#3472=ORIENTED_EDGE('',*,*,#2631,.F.);
#3473=ORIENTED_EDGE('',*,*,#2301,.T.);
#3474=ORIENTED_EDGE('',*,*,#2632,.F.);
#3475=ORIENTED_EDGE('',*,*,#2245,.F.);
#3476=ORIENTED_EDGE('',*,*,#2633,.F.);
#3477=ORIENTED_EDGE('',*,*,#2304,.T.);
#3478=ORIENTED_EDGE('',*,*,#2634,.F.);
#3479=ORIENTED_EDGE('',*,*,#2246,.F.);
#3480=ORIENTED_EDGE('',*,*,#2632,.T.);
#3481=ORIENTED_EDGE('',*,*,#2463,.T.);
#3482=ORIENTED_EDGE('',*,*,#2631,.T.);
#3483=ORIENTED_EDGE('',*,*,#2635,.F.);
#3484=ORIENTED_EDGE('',*,*,#2636,.F.);
#3485=ORIENTED_EDGE('',*,*,#2459,.T.);
#3486=ORIENTED_EDGE('',*,*,#2637,.T.);
#3487=ORIENTED_EDGE('',*,*,#2638,.F.);
#3488=ORIENTED_EDGE('',*,*,#2625,.F.);
#3489=ORIENTED_EDGE('',*,*,#2354,.T.);
#3490=ORIENTED_EDGE('',*,*,#2639,.T.);
#3491=ORIENTED_EDGE('',*,*,#2410,.T.);
#3492=ORIENTED_EDGE('',*,*,#2624,.F.);
#3493=ORIENTED_EDGE('',*,*,#2461,.T.);
#3494=ORIENTED_EDGE('',*,*,#2640,.T.);
#3495=ORIENTED_EDGE('',*,*,#2641,.F.);
#3496=ORIENTED_EDGE('',*,*,#2637,.F.);
#3497=ORIENTED_EDGE('',*,*,#2356,.T.);
#3498=ORIENTED_EDGE('',*,*,#2642,.T.);
#3499=ORIENTED_EDGE('',*,*,#2411,.T.);
#3500=ORIENTED_EDGE('',*,*,#2639,.F.);
#3501=ORIENTED_EDGE('',*,*,#2303,.T.);
#3502=ORIENTED_EDGE('',*,*,#2643,.F.);
#3503=ORIENTED_EDGE('',*,*,#2247,.F.);
#3504=ORIENTED_EDGE('',*,*,#2634,.T.);
#3505=ORIENTED_EDGE('',*,*,#2464,.T.);
#3506=ORIENTED_EDGE('',*,*,#2636,.T.);
#3507=ORIENTED_EDGE('',*,*,#2644,.F.);
#3508=ORIENTED_EDGE('',*,*,#2645,.F.);
#3509=ORIENTED_EDGE('',*,*,#2460,.T.);
#3510=ORIENTED_EDGE('',*,*,#2646,.F.);
#3511=ORIENTED_EDGE('',*,*,#2647,.F.);
#3512=ORIENTED_EDGE('',*,*,#2640,.F.);
#3513=ORIENTED_EDGE('',*,*,#2355,.T.);
#3514=ORIENTED_EDGE('',*,*,#2648,.F.);
#3515=ORIENTED_EDGE('',*,*,#2412,.T.);
#3516=ORIENTED_EDGE('',*,*,#2642,.F.);
#3517=ORIENTED_EDGE('',*,*,#2649,.T.);
#3518=ORIENTED_EDGE('',*,*,#2650,.T.);
#3519=ORIENTED_EDGE('',*,*,#2651,.T.);
#3520=ORIENTED_EDGE('',*,*,#2646,.T.);
#3521=ORIENTED_EDGE('',*,*,#2648,.T.);
#3522=ORIENTED_EDGE('',*,*,#2652,.T.);
#3523=ORIENTED_EDGE('',*,*,#2260,.T.);
#3524=ORIENTED_EDGE('',*,*,#2653,.T.);
#3525=ORIENTED_EDGE('',*,*,#2456,.T.);
#3526=ORIENTED_EDGE('',*,*,#2654,.F.);
#3527=ORIENTED_EDGE('',*,*,#2655,.F.);
#3528=ORIENTED_EDGE('',*,*,#2656,.F.);
#3529=ORIENTED_EDGE('',*,*,#2293,.T.);
#3530=ORIENTED_EDGE('',*,*,#2657,.F.);
#3531=ORIENTED_EDGE('',*,*,#2249,.F.);
#3532=ORIENTED_EDGE('',*,*,#2658,.F.);
#3533=ORIENTED_EDGE('',*,*,#2296,.T.);
#3534=ORIENTED_EDGE('',*,*,#2659,.F.);
#3535=ORIENTED_EDGE('',*,*,#2250,.F.);
#3536=ORIENTED_EDGE('',*,*,#2657,.T.);
#3537=ORIENTED_EDGE('',*,*,#2457,.T.);
#3538=ORIENTED_EDGE('',*,*,#2656,.T.);
#3539=ORIENTED_EDGE('',*,*,#2660,.F.);
#3540=ORIENTED_EDGE('',*,*,#2661,.F.);
#3541=ORIENTED_EDGE('',*,*,#2453,.T.);
#3542=ORIENTED_EDGE('',*,*,#2662,.T.);
#3543=ORIENTED_EDGE('',*,*,#2663,.F.);
#3544=ORIENTED_EDGE('',*,*,#2650,.F.);
#3545=ORIENTED_EDGE('',*,*,#2348,.T.);
#3546=ORIENTED_EDGE('',*,*,#2664,.T.);
#3547=ORIENTED_EDGE('',*,*,#2402,.T.);
#3548=ORIENTED_EDGE('',*,*,#2649,.F.);
#3549=ORIENTED_EDGE('',*,*,#2455,.T.);
#3550=ORIENTED_EDGE('',*,*,#2665,.T.);
#3551=ORIENTED_EDGE('',*,*,#2666,.F.);
#3552=ORIENTED_EDGE('',*,*,#2662,.F.);
#3553=ORIENTED_EDGE('',*,*,#2350,.T.);
#3554=ORIENTED_EDGE('',*,*,#2667,.T.);
#3555=ORIENTED_EDGE('',*,*,#2403,.T.);
#3556=ORIENTED_EDGE('',*,*,#2664,.F.);
#3557=ORIENTED_EDGE('',*,*,#2295,.T.);
#3558=ORIENTED_EDGE('',*,*,#2668,.F.);
#3559=ORIENTED_EDGE('',*,*,#2251,.F.);
#3560=ORIENTED_EDGE('',*,*,#2659,.T.);
#3561=ORIENTED_EDGE('',*,*,#2458,.T.);
#3562=ORIENTED_EDGE('',*,*,#2661,.T.);
#3563=ORIENTED_EDGE('',*,*,#2669,.F.);
#3564=ORIENTED_EDGE('',*,*,#2670,.F.);
#3565=ORIENTED_EDGE('',*,*,#2454,.T.);
#3566=ORIENTED_EDGE('',*,*,#2671,.F.);
#3567=ORIENTED_EDGE('',*,*,#2672,.F.);
#3568=ORIENTED_EDGE('',*,*,#2665,.F.);
#3569=ORIENTED_EDGE('',*,*,#2349,.T.);
#3570=ORIENTED_EDGE('',*,*,#2673,.F.);
#3571=ORIENTED_EDGE('',*,*,#2404,.T.);
#3572=ORIENTED_EDGE('',*,*,#2667,.F.);
#3573=ORIENTED_EDGE('',*,*,#2674,.T.);
#3574=ORIENTED_EDGE('',*,*,#2675,.T.);
#3575=ORIENTED_EDGE('',*,*,#2676,.T.);
#3576=ORIENTED_EDGE('',*,*,#2671,.T.);
#3577=ORIENTED_EDGE('',*,*,#2673,.T.);
#3578=ORIENTED_EDGE('',*,*,#2677,.T.);
#3579=ORIENTED_EDGE('',*,*,#2256,.T.);
#3580=ORIENTED_EDGE('',*,*,#2678,.T.);
#3581=ORIENTED_EDGE('',*,*,#2450,.T.);
#3582=ORIENTED_EDGE('',*,*,#2679,.F.);
#3583=ORIENTED_EDGE('',*,*,#2680,.F.);
#3584=ORIENTED_EDGE('',*,*,#2681,.F.);
#3585=ORIENTED_EDGE('',*,*,#2289,.T.);
#3586=ORIENTED_EDGE('',*,*,#2682,.F.);
#3587=ORIENTED_EDGE('',*,*,#2253,.F.);
#3588=ORIENTED_EDGE('',*,*,#2683,.F.);
#3589=ORIENTED_EDGE('',*,*,#2452,.T.);
#3590=ORIENTED_EDGE('',*,*,#2684,.T.);
#3591=ORIENTED_EDGE('',*,*,#2685,.F.);
#3592=ORIENTED_EDGE('',*,*,#2675,.F.);
#3593=ORIENTED_EDGE('',*,*,#2347,.T.);
#3594=ORIENTED_EDGE('',*,*,#2686,.T.);
#3595=ORIENTED_EDGE('',*,*,#2396,.T.);
#3596=ORIENTED_EDGE('',*,*,#2674,.F.);
#3597=ORIENTED_EDGE('',*,*,#2291,.T.);
#3598=ORIENTED_EDGE('',*,*,#2678,.F.);
#3599=ORIENTED_EDGE('',*,*,#2255,.F.);
#3600=ORIENTED_EDGE('',*,*,#2687,.T.);
#3601=ORIENTED_EDGE('',*,*,#2451,.T.);
#3602=ORIENTED_EDGE('',*,*,#2681,.T.);
#3603=ORIENTED_EDGE('',*,*,#2688,.F.);
#3604=ORIENTED_EDGE('',*,*,#2684,.F.);
#3605=ORIENTED_EDGE('',*,*,#2346,.T.);
#3606=ORIENTED_EDGE('',*,*,#2689,.T.);
#3607=ORIENTED_EDGE('',*,*,#2397,.T.);
#3608=ORIENTED_EDGE('',*,*,#2686,.F.);
#3609=ORIENTED_EDGE('',*,*,#2690,.T.);
#3610=ORIENTED_EDGE('',*,*,#2691,.T.);
#3611=ORIENTED_EDGE('',*,*,#2217,.T.);
#3612=ORIENTED_EDGE('',*,*,#2692,.T.);
#3613=ORIENTED_EDGE('',*,*,#2691,.F.);
#3614=ORIENTED_EDGE('',*,*,#2693,.T.);
#3615=ORIENTED_EDGE('',*,*,#2694,.F.);
#3616=ORIENTED_EDGE('',*,*,#2218,.T.);
#3617=ORIENTED_EDGE('',*,*,#2219,.T.);
#3618=ORIENTED_EDGE('',*,*,#2694,.T.);
#3619=ORIENTED_EDGE('',*,*,#2695,.T.);
#3620=ORIENTED_EDGE('',*,*,#2696,.T.);
#3621=ORIENTED_EDGE('',*,*,#2215,.T.);
#3622=ORIENTED_EDGE('',*,*,#2697,.T.);
#3623=ORIENTED_EDGE('',*,*,#2698,.T.);
#3624=ORIENTED_EDGE('',*,*,#2699,.F.);
#3625=ORIENTED_EDGE('',*,*,#2697,.F.);
#3626=ORIENTED_EDGE('',*,*,#2214,.F.);
#3627=ORIENTED_EDGE('',*,*,#2700,.F.);
#3628=ORIENTED_EDGE('',*,*,#2701,.T.);
#3629=ORIENTED_EDGE('',*,*,#2702,.T.);
#3630=ORIENTED_EDGE('',*,*,#2703,.T.);
#3631=ORIENTED_EDGE('',*,*,#2221,.T.);
#3632=ORIENTED_EDGE('',*,*,#2704,.F.);
#3633=ORIENTED_EDGE('',*,*,#2705,.F.);
#3634=ORIENTED_EDGE('',*,*,#2222,.F.);
#3635=ORIENTED_EDGE('',*,*,#2703,.F.);
#3636=ORIENTED_EDGE('',*,*,#2706,.T.);
#3637=ORIENTED_EDGE('',*,*,#2696,.F.);
#3638=ORIENTED_EDGE('',*,*,#2707,.F.);
#3639=ORIENTED_EDGE('',*,*,#2704,.T.);
#3640=ORIENTED_EDGE('',*,*,#2220,.T.);
#3641=ORIENTED_EDGE('',*,*,#2692,.F.);
#3642=ORIENTED_EDGE('',*,*,#2216,.F.);
#3643=ORIENTED_EDGE('',*,*,#2699,.T.);
#3644=ORIENTED_EDGE('',*,*,#2708,.T.);
#3645=ORIENTED_EDGE('',*,*,#2705,.T.);
#3646=ORIENTED_EDGE('',*,*,#2709,.T.);
#3647=ORIENTED_EDGE('',*,*,#2710,.T.);
#3648=ORIENTED_EDGE('',*,*,#2223,.T.);
#3649=ORIENTED_EDGE('',*,*,#2711,.T.);
#3650=ORIENTED_EDGE('',*,*,#2712,.T.);
#3651=ORIENTED_EDGE('',*,*,#2187,.T.);
#3652=ORIENTED_EDGE('',*,*,#2713,.T.);
#3653=ORIENTED_EDGE('',*,*,#2712,.F.);
#3654=ORIENTED_EDGE('',*,*,#2714,.T.);
#3655=ORIENTED_EDGE('',*,*,#2715,.F.);
#3656=ORIENTED_EDGE('',*,*,#2188,.T.);
#3657=ORIENTED_EDGE('',*,*,#2189,.T.);
#3658=ORIENTED_EDGE('',*,*,#2715,.T.);
#3659=ORIENTED_EDGE('',*,*,#2716,.T.);
#3660=ORIENTED_EDGE('',*,*,#2717,.T.);
#3661=ORIENTED_EDGE('',*,*,#2717,.F.);
#3662=ORIENTED_EDGE('',*,*,#2718,.F.);
#3663=ORIENTED_EDGE('',*,*,#2719,.T.);
#3664=ORIENTED_EDGE('',*,*,#2190,.T.);
#3665=ORIENTED_EDGE('',*,*,#2185,.T.);
#3666=ORIENTED_EDGE('',*,*,#2288,.T.);
#3667=ORIENTED_EDGE('',*,*,#2720,.T.);
#3668=ORIENTED_EDGE('',*,*,#2721,.F.);
#3669=ORIENTED_EDGE('',*,*,#2722,.T.);
#3670=ORIENTED_EDGE('',*,*,#2723,.T.);
#3671=ORIENTED_EDGE('',*,*,#2191,.T.);
#3672=ORIENTED_EDGE('',*,*,#2719,.F.);
#3673=ORIENTED_EDGE('',*,*,#2723,.F.);
#3674=ORIENTED_EDGE('',*,*,#2724,.F.);
#3675=ORIENTED_EDGE('',*,*,#2725,.F.);
#3676=ORIENTED_EDGE('',*,*,#2192,.T.);
#3677=ORIENTED_EDGE('',*,*,#2713,.F.);
#3678=ORIENTED_EDGE('',*,*,#2186,.F.);
#3679=ORIENTED_EDGE('',*,*,#2721,.T.);
#3680=ORIENTED_EDGE('',*,*,#2726,.T.);
#3681=ORIENTED_EDGE('',*,*,#2727,.T.);
#3682=ORIENTED_EDGE('',*,*,#2728,.T.);
#3683=ORIENTED_EDGE('',*,*,#2207,.T.);
#3684=ORIENTED_EDGE('',*,*,#2729,.T.);
#3685=ORIENTED_EDGE('',*,*,#2728,.F.);
#3686=ORIENTED_EDGE('',*,*,#2730,.T.);
#3687=ORIENTED_EDGE('',*,*,#2731,.F.);
#3688=ORIENTED_EDGE('',*,*,#2208,.T.);
#3689=ORIENTED_EDGE('',*,*,#2209,.T.);
#3690=ORIENTED_EDGE('',*,*,#2731,.T.);
#3691=ORIENTED_EDGE('',*,*,#2732,.T.);
#3692=ORIENTED_EDGE('',*,*,#2733,.T.);
#3693=ORIENTED_EDGE('',*,*,#2733,.F.);
#3694=ORIENTED_EDGE('',*,*,#2734,.F.);
#3695=ORIENTED_EDGE('',*,*,#2735,.T.);
#3696=ORIENTED_EDGE('',*,*,#2210,.T.);
#3697=ORIENTED_EDGE('',*,*,#2205,.T.);
#3698=ORIENTED_EDGE('',*,*,#2736,.T.);
#3699=ORIENTED_EDGE('',*,*,#2737,.T.);
#3700=ORIENTED_EDGE('',*,*,#2738,.F.);
#3701=ORIENTED_EDGE('',*,*,#2736,.F.);
#3702=ORIENTED_EDGE('',*,*,#2204,.F.);
#3703=ORIENTED_EDGE('',*,*,#2739,.F.);
#3704=ORIENTED_EDGE('',*,*,#2740,.T.);
#3705=ORIENTED_EDGE('',*,*,#2741,.T.);
#3706=ORIENTED_EDGE('',*,*,#2742,.T.);
#3707=ORIENTED_EDGE('',*,*,#2211,.T.);
#3708=ORIENTED_EDGE('',*,*,#2735,.F.);
#3709=ORIENTED_EDGE('',*,*,#2742,.F.);
#3710=ORIENTED_EDGE('',*,*,#2743,.F.);
#3711=ORIENTED_EDGE('',*,*,#2744,.F.);
#3712=ORIENTED_EDGE('',*,*,#2212,.T.);
#3713=ORIENTED_EDGE('',*,*,#2729,.F.);
#3714=ORIENTED_EDGE('',*,*,#2206,.F.);
#3715=ORIENTED_EDGE('',*,*,#2738,.T.);
#3716=ORIENTED_EDGE('',*,*,#2745,.T.);
#3717=ORIENTED_EDGE('',*,*,#2700,.T.);
#3718=ORIENTED_EDGE('',*,*,#2213,.T.);
#3719=ORIENTED_EDGE('',*,*,#2744,.T.);
#3720=ORIENTED_EDGE('',*,*,#2746,.T.);
#3721=ORIENTED_EDGE('',*,*,#2747,.F.);
#3722=ORIENTED_EDGE('',*,*,#2196,.F.);
#3723=ORIENTED_EDGE('',*,*,#2748,.T.);
#3724=ORIENTED_EDGE('',*,*,#2749,.T.);
#3725=ORIENTED_EDGE('',*,*,#2750,.F.);
#3726=ORIENTED_EDGE('',*,*,#2751,.F.);
#3727=ORIENTED_EDGE('',*,*,#2752,.F.);
#3728=ORIENTED_EDGE('',*,*,#2202,.T.);
#3729=ORIENTED_EDGE('',*,*,#2753,.T.);
#3730=ORIENTED_EDGE('',*,*,#2750,.T.);
#3731=ORIENTED_EDGE('',*,*,#2201,.T.);
#3732=ORIENTED_EDGE('',*,*,#2754,.F.);
#3733=ORIENTED_EDGE('',*,*,#2755,.F.);
#3734=ORIENTED_EDGE('',*,*,#2194,.F.);
#3735=ORIENTED_EDGE('',*,*,#2756,.F.);
#3736=ORIENTED_EDGE('',*,*,#2757,.T.);
#3737=ORIENTED_EDGE('',*,*,#2195,.T.);
#3738=ORIENTED_EDGE('',*,*,#2755,.T.);
#3739=ORIENTED_EDGE('',*,*,#2758,.T.);
#3740=ORIENTED_EDGE('',*,*,#2748,.F.);
#3741=ORIENTED_EDGE('',*,*,#2759,.F.);
#3742=ORIENTED_EDGE('',*,*,#2760,.F.);
#3743=ORIENTED_EDGE('',*,*,#2754,.T.);
#3744=ORIENTED_EDGE('',*,*,#2200,.T.);
#3745=ORIENTED_EDGE('',*,*,#2199,.T.);
#3746=ORIENTED_EDGE('',*,*,#2761,.T.);
#3747=ORIENTED_EDGE('',*,*,#2762,.T.);
#3748=ORIENTED_EDGE('',*,*,#2759,.T.);
#3749=ORIENTED_EDGE('',*,*,#2763,.F.);
#3750=ORIENTED_EDGE('',*,*,#2764,.T.);
#3751=ORIENTED_EDGE('',*,*,#2761,.F.);
#3752=ORIENTED_EDGE('',*,*,#2198,.T.);
#3753=ORIENTED_EDGE('',*,*,#2765,.T.);
#3754=ORIENTED_EDGE('',*,*,#2763,.T.);
#3755=ORIENTED_EDGE('',*,*,#2197,.T.);
#3756=ORIENTED_EDGE('',*,*,#2747,.T.);
#3757=ORIENTED_EDGE('',*,*,#2725,.T.);
#3758=ORIENTED_EDGE('',*,*,#2766,.T.);
#3759=ORIENTED_EDGE('',*,*,#2756,.T.);
#3760=ORIENTED_EDGE('',*,*,#2193,.T.);
#3761=ORIENTED_EDGE('',*,*,#2739,.T.);
#3762=ORIENTED_EDGE('',*,*,#2203,.T.);
#3763=ORIENTED_EDGE('',*,*,#2752,.T.);
#3764=ORIENTED_EDGE('',*,*,#2767,.T.);
#3765=ORIENTED_EDGE('',*,*,#2710,.F.);
#3766=ORIENTED_EDGE('',*,*,#2768,.F.);
#3767=ORIENTED_EDGE('',*,*,#2498,.T.);
#3768=ORIENTED_EDGE('',*,*,#2769,.T.);
#3769=ORIENTED_EDGE('',*,*,#2502,.T.);
#3770=ORIENTED_EDGE('',*,*,#2224,.F.);
#3771=ORIENTED_EDGE('',*,*,#2388,.T.);
#3772=ORIENTED_EDGE('',*,*,#2769,.F.);
#3773=ORIENTED_EDGE('',*,*,#2446,.T.);
#3774=ORIENTED_EDGE('',*,*,#2505,.F.);
#3775=ORIENTED_EDGE('',*,*,#2381,.T.);
#3776=ORIENTED_EDGE('',*,*,#2770,.F.);
#3777=ORIENTED_EDGE('',*,*,#2438,.T.);
#3778=ORIENTED_EDGE('',*,*,#2530,.F.);
#3779=ORIENTED_EDGE('',*,*,#2375,.T.);
#3780=ORIENTED_EDGE('',*,*,#2771,.F.);
#3781=ORIENTED_EDGE('',*,*,#2430,.T.);
#3782=ORIENTED_EDGE('',*,*,#2558,.F.);
#3783=ORIENTED_EDGE('',*,*,#2569,.T.);
#3784=ORIENTED_EDGE('',*,*,#2568,.T.);
#3785=ORIENTED_EDGE('',*,*,#2772,.T.);
#3786=ORIENTED_EDGE('',*,*,#2579,.F.);
#3787=ORIENTED_EDGE('',*,*,#2773,.F.);
#3788=ORIENTED_EDGE('',*,*,#2583,.F.);
#3789=ORIENTED_EDGE('',*,*,#2236,.T.);
#3790=ORIENTED_EDGE('',*,*,#2570,.T.);
#3791=ORIENTED_EDGE('',*,*,#2541,.T.);
#3792=ORIENTED_EDGE('',*,*,#2540,.T.);
#3793=ORIENTED_EDGE('',*,*,#2774,.T.);
#3794=ORIENTED_EDGE('',*,*,#2551,.T.);
#3795=ORIENTED_EDGE('',*,*,#2771,.T.);
#3796=ORIENTED_EDGE('',*,*,#2555,.T.);
#3797=ORIENTED_EDGE('',*,*,#2232,.T.);
#3798=ORIENTED_EDGE('',*,*,#2542,.T.);
#3799=ORIENTED_EDGE('',*,*,#2513,.T.);
#3800=ORIENTED_EDGE('',*,*,#2512,.T.);
#3801=ORIENTED_EDGE('',*,*,#2775,.T.);
#3802=ORIENTED_EDGE('',*,*,#2523,.T.);
#3803=ORIENTED_EDGE('',*,*,#2770,.T.);
#3804=ORIENTED_EDGE('',*,*,#2527,.T.);
#3805=ORIENTED_EDGE('',*,*,#2228,.T.);
#3806=ORIENTED_EDGE('',*,*,#2514,.T.);
#3807=ORIENTED_EDGE('',*,*,#2776,.T.);
#3808=ORIENTED_EDGE('',*,*,#2620,.T.);
#3809=ORIENTED_EDGE('',*,*,#2777,.T.);
#3810=ORIENTED_EDGE('',*,*,#2629,.T.);
#3811=ORIENTED_EDGE('',*,*,#2778,.T.);
#3812=ORIENTED_EDGE('',*,*,#2633,.T.);
#3813=ORIENTED_EDGE('',*,*,#2244,.T.);
#3814=ORIENTED_EDGE('',*,*,#2618,.T.);
#3815=ORIENTED_EDGE('',*,*,#2779,.T.);
#3816=ORIENTED_EDGE('',*,*,#2645,.T.);
#3817=ORIENTED_EDGE('',*,*,#2780,.T.);
#3818=ORIENTED_EDGE('',*,*,#2654,.T.);
#3819=ORIENTED_EDGE('',*,*,#2781,.T.);
#3820=ORIENTED_EDGE('',*,*,#2658,.T.);
#3821=ORIENTED_EDGE('',*,*,#2248,.T.);
#3822=ORIENTED_EDGE('',*,*,#2643,.T.);
#3823=ORIENTED_EDGE('',*,*,#2782,.T.);
#3824=ORIENTED_EDGE('',*,*,#2595,.T.);
#3825=ORIENTED_EDGE('',*,*,#2783,.T.);
#3826=ORIENTED_EDGE('',*,*,#2604,.T.);
#3827=ORIENTED_EDGE('',*,*,#2784,.T.);
#3828=ORIENTED_EDGE('',*,*,#2608,.T.);
#3829=ORIENTED_EDGE('',*,*,#2240,.T.);
#3830=ORIENTED_EDGE('',*,*,#2593,.T.);
#3831=ORIENTED_EDGE('',*,*,#2785,.T.);
#3832=ORIENTED_EDGE('',*,*,#2670,.T.);
#3833=ORIENTED_EDGE('',*,*,#2786,.T.);
#3834=ORIENTED_EDGE('',*,*,#2679,.T.);
#3835=ORIENTED_EDGE('',*,*,#2787,.T.);
#3836=ORIENTED_EDGE('',*,*,#2683,.T.);
#3837=ORIENTED_EDGE('',*,*,#2252,.T.);
#3838=ORIENTED_EDGE('',*,*,#2668,.T.);
#3839=ORIENTED_EDGE('',*,*,#2391,.T.);
#3840=ORIENTED_EDGE('',*,*,#2181,.T.);
#3841=ORIENTED_EDGE('',*,*,#2183,.F.);
#3842=ORIENTED_EDGE('',*,*,#2788,.T.);
#3843=ORIENTED_EDGE('',*,*,#2392,.T.);
#3844=ORIENTED_EDGE('',*,*,#2788,.F.);
#3845=ORIENTED_EDGE('',*,*,#2282,.F.);
#3846=ORIENTED_EDGE('',*,*,#2789,.T.);
#3847=ORIENTED_EDGE('',*,*,#2393,.T.);
#3848=ORIENTED_EDGE('',*,*,#2789,.F.);
#3849=ORIENTED_EDGE('',*,*,#2281,.F.);
#3850=ORIENTED_EDGE('',*,*,#2521,.F.);
#3851=ORIENTED_EDGE('',*,*,#2313,.T.);
#3852=ORIENTED_EDGE('',*,*,#2603,.F.);
#3853=ORIENTED_EDGE('',*,*,#2267,.F.);
#3854=ORIENTED_EDGE('',*,*,#2790,.T.);
#3855=ORIENTED_EDGE('',*,*,#2314,.T.);
#3856=ORIENTED_EDGE('',*,*,#2790,.F.);
#3857=ORIENTED_EDGE('',*,*,#2266,.F.);
#3858=ORIENTED_EDGE('',*,*,#2791,.T.);
#3859=ORIENTED_EDGE('',*,*,#2315,.T.);
#3860=ORIENTED_EDGE('',*,*,#2791,.F.);
#3861=ORIENTED_EDGE('',*,*,#2265,.F.);
#3862=ORIENTED_EDGE('',*,*,#2627,.F.);
#3863=ORIENTED_EDGE('',*,*,#2353,.T.);
#3864=ORIENTED_EDGE('',*,*,#2792,.T.);
#3865=ORIENTED_EDGE('',*,*,#2400,.T.);
#3866=ORIENTED_EDGE('',*,*,#2785,.F.);
#3867=ORIENTED_EDGE('',*,*,#2352,.T.);
#3868=ORIENTED_EDGE('',*,*,#2793,.T.);
#3869=ORIENTED_EDGE('',*,*,#2401,.T.);
#3870=ORIENTED_EDGE('',*,*,#2792,.F.);
#3871=ORIENTED_EDGE('',*,*,#2351,.T.);
#3872=ORIENTED_EDGE('',*,*,#2781,.F.);
#3873=ORIENTED_EDGE('',*,*,#2398,.T.);
#3874=ORIENTED_EDGE('',*,*,#2793,.F.);
#3875=ORIENTED_EDGE('',*,*,#2371,.T.);
#3876=ORIENTED_EDGE('',*,*,#2794,.T.);
#3877=ORIENTED_EDGE('',*,*,#2424,.T.);
#3878=ORIENTED_EDGE('',*,*,#2782,.F.);
#3879=ORIENTED_EDGE('',*,*,#2370,.T.);
#3880=ORIENTED_EDGE('',*,*,#2795,.T.);
#3881=ORIENTED_EDGE('',*,*,#2425,.T.);
#3882=ORIENTED_EDGE('',*,*,#2794,.F.);
#3883=ORIENTED_EDGE('',*,*,#2369,.T.);
#3884=ORIENTED_EDGE('',*,*,#2773,.T.);
#3885=ORIENTED_EDGE('',*,*,#2422,.T.);
#3886=ORIENTED_EDGE('',*,*,#2795,.F.);
#3887=ORIENTED_EDGE('',*,*,#2292,.T.);
#3888=ORIENTED_EDGE('',*,*,#2687,.F.);
#3889=ORIENTED_EDGE('',*,*,#2254,.F.);
#3890=ORIENTED_EDGE('',*,*,#2682,.T.);
#3891=ORIENTED_EDGE('',*,*,#2345,.T.);
#3892=ORIENTED_EDGE('',*,*,#2787,.F.);
#3893=ORIENTED_EDGE('',*,*,#2394,.T.);
#3894=ORIENTED_EDGE('',*,*,#2689,.F.);
#3895=ORIENTED_EDGE('',*,*,#2321,.T.);
#3896=ORIENTED_EDGE('',*,*,#2578,.F.);
#3897=ORIENTED_EDGE('',*,*,#2271,.F.);
#3898=ORIENTED_EDGE('',*,*,#2796,.T.);
#3899=ORIENTED_EDGE('',*,*,#2322,.T.);
#3900=ORIENTED_EDGE('',*,*,#2796,.F.);
#3901=ORIENTED_EDGE('',*,*,#2270,.F.);
#3902=ORIENTED_EDGE('',*,*,#2797,.T.);
#3903=ORIENTED_EDGE('',*,*,#2323,.T.);
#3904=ORIENTED_EDGE('',*,*,#2797,.F.);
#3905=ORIENTED_EDGE('',*,*,#2269,.F.);
#3906=ORIENTED_EDGE('',*,*,#2602,.F.);
#3907=ORIENTED_EDGE('',*,*,#2337,.T.);
#3908=ORIENTED_EDGE('',*,*,#2522,.F.);
#3909=ORIENTED_EDGE('',*,*,#2279,.F.);
#3910=ORIENTED_EDGE('',*,*,#2798,.T.);
#3911=ORIENTED_EDGE('',*,*,#2338,.T.);
#3912=ORIENTED_EDGE('',*,*,#2798,.F.);
#3913=ORIENTED_EDGE('',*,*,#2278,.F.);
#3914=ORIENTED_EDGE('',*,*,#2799,.T.);
#3915=ORIENTED_EDGE('',*,*,#2339,.T.);
#3916=ORIENTED_EDGE('',*,*,#2799,.F.);
#3917=ORIENTED_EDGE('',*,*,#2277,.F.);
#3918=ORIENTED_EDGE('',*,*,#2549,.F.);
#3919=ORIENTED_EDGE('',*,*,#2305,.T.);
#3920=ORIENTED_EDGE('',*,*,#2628,.F.);
#3921=ORIENTED_EDGE('',*,*,#2263,.F.);
#3922=ORIENTED_EDGE('',*,*,#2800,.T.);
#3923=ORIENTED_EDGE('',*,*,#2306,.T.);
#3924=ORIENTED_EDGE('',*,*,#2800,.F.);
#3925=ORIENTED_EDGE('',*,*,#2262,.F.);
#3926=ORIENTED_EDGE('',*,*,#2801,.T.);
#3927=ORIENTED_EDGE('',*,*,#2307,.T.);
#3928=ORIENTED_EDGE('',*,*,#2801,.F.);
#3929=ORIENTED_EDGE('',*,*,#2261,.F.);
#3930=ORIENTED_EDGE('',*,*,#2652,.F.);
#3931=ORIENTED_EDGE('',*,*,#2359,.T.);
#3932=ORIENTED_EDGE('',*,*,#2802,.T.);
#3933=ORIENTED_EDGE('',*,*,#2408,.T.);
#3934=ORIENTED_EDGE('',*,*,#2779,.F.);
#3935=ORIENTED_EDGE('',*,*,#2358,.T.);
#3936=ORIENTED_EDGE('',*,*,#2803,.T.);
#3937=ORIENTED_EDGE('',*,*,#2409,.T.);
#3938=ORIENTED_EDGE('',*,*,#2802,.F.);
#3939=ORIENTED_EDGE('',*,*,#2357,.T.);
#3940=ORIENTED_EDGE('',*,*,#2778,.F.);
#3941=ORIENTED_EDGE('',*,*,#2406,.T.);
#3942=ORIENTED_EDGE('',*,*,#2803,.F.);
#3943=ORIENTED_EDGE('',*,*,#2365,.T.);
#3944=ORIENTED_EDGE('',*,*,#2804,.T.);
#3945=ORIENTED_EDGE('',*,*,#2416,.T.);
#3946=ORIENTED_EDGE('',*,*,#2776,.F.);
#3947=ORIENTED_EDGE('',*,*,#2364,.T.);
#3948=ORIENTED_EDGE('',*,*,#2805,.T.);
#3949=ORIENTED_EDGE('',*,*,#2417,.T.);
#3950=ORIENTED_EDGE('',*,*,#2804,.F.);
#3951=ORIENTED_EDGE('',*,*,#2363,.T.);
#3952=ORIENTED_EDGE('',*,*,#2784,.F.);
#3953=ORIENTED_EDGE('',*,*,#2414,.T.);
#3954=ORIENTED_EDGE('',*,*,#2805,.F.);
#3955=ORIENTED_EDGE('',*,*,#2297,.T.);
#3956=ORIENTED_EDGE('',*,*,#2653,.F.);
#3957=ORIENTED_EDGE('',*,*,#2259,.F.);
#3958=ORIENTED_EDGE('',*,*,#2806,.T.);
#3959=ORIENTED_EDGE('',*,*,#2298,.T.);
#3960=ORIENTED_EDGE('',*,*,#2806,.F.);
#3961=ORIENTED_EDGE('',*,*,#2258,.F.);
#3962=ORIENTED_EDGE('',*,*,#2807,.T.);
#3963=ORIENTED_EDGE('',*,*,#2299,.T.);
#3964=ORIENTED_EDGE('',*,*,#2807,.F.);
#3965=ORIENTED_EDGE('',*,*,#2257,.F.);
#3966=ORIENTED_EDGE('',*,*,#2677,.F.);
#3967=ORIENTED_EDGE('',*,*,#2329,.T.);
#3968=ORIENTED_EDGE('',*,*,#2550,.F.);
#3969=ORIENTED_EDGE('',*,*,#2275,.F.);
#3970=ORIENTED_EDGE('',*,*,#2808,.T.);
#3971=ORIENTED_EDGE('',*,*,#2330,.T.);
#3972=ORIENTED_EDGE('',*,*,#2808,.F.);
#3973=ORIENTED_EDGE('',*,*,#2274,.F.);
#3974=ORIENTED_EDGE('',*,*,#2809,.T.);
#3975=ORIENTED_EDGE('',*,*,#2331,.T.);
#3976=ORIENTED_EDGE('',*,*,#2809,.F.);
#3977=ORIENTED_EDGE('',*,*,#2273,.F.);
#3978=ORIENTED_EDGE('',*,*,#2577,.F.);
#3979=ORIENTED_EDGE('',*,*,#2496,.T.);
#3980=ORIENTED_EDGE('',*,*,#2509,.T.);
#3981=ORIENTED_EDGE('',*,*,#2516,.T.);
#3982=ORIENTED_EDGE('',*,*,#2520,.F.);
#3983=ORIENTED_EDGE('',*,*,#2534,.T.);
#3984=ORIENTED_EDGE('',*,*,#2537,.T.);
#3985=ORIENTED_EDGE('',*,*,#2544,.T.);
#3986=ORIENTED_EDGE('',*,*,#2548,.F.);
#3987=ORIENTED_EDGE('',*,*,#2562,.T.);
#3988=ORIENTED_EDGE('',*,*,#2565,.T.);
#3989=ORIENTED_EDGE('',*,*,#2572,.T.);
#3990=ORIENTED_EDGE('',*,*,#2576,.F.);
#3991=ORIENTED_EDGE('',*,*,#2588,.T.);
#3992=ORIENTED_EDGE('',*,*,#2591,.T.);
#3993=ORIENTED_EDGE('',*,*,#2597,.T.);
#3994=ORIENTED_EDGE('',*,*,#2601,.F.);
#3995=ORIENTED_EDGE('',*,*,#2613,.T.);
#3996=ORIENTED_EDGE('',*,*,#2616,.T.);
#3997=ORIENTED_EDGE('',*,*,#2622,.T.);
#3998=ORIENTED_EDGE('',*,*,#2626,.F.);
#3999=ORIENTED_EDGE('',*,*,#2638,.T.);
#4000=ORIENTED_EDGE('',*,*,#2641,.T.);
#4001=ORIENTED_EDGE('',*,*,#2647,.T.);
#4002=ORIENTED_EDGE('',*,*,#2651,.F.);
#4003=ORIENTED_EDGE('',*,*,#2663,.T.);
#4004=ORIENTED_EDGE('',*,*,#2666,.T.);
#4005=ORIENTED_EDGE('',*,*,#2672,.T.);
#4006=ORIENTED_EDGE('',*,*,#2676,.F.);
#4007=ORIENTED_EDGE('',*,*,#2685,.T.);
#4008=ORIENTED_EDGE('',*,*,#2688,.T.);
#4009=ORIENTED_EDGE('',*,*,#2680,.T.);
#4010=ORIENTED_EDGE('',*,*,#2786,.F.);
#4011=ORIENTED_EDGE('',*,*,#2669,.T.);
#4012=ORIENTED_EDGE('',*,*,#2660,.T.);
#4013=ORIENTED_EDGE('',*,*,#2655,.T.);
#4014=ORIENTED_EDGE('',*,*,#2780,.F.);
#4015=ORIENTED_EDGE('',*,*,#2644,.T.);
#4016=ORIENTED_EDGE('',*,*,#2635,.T.);
#4017=ORIENTED_EDGE('',*,*,#2630,.T.);
#4018=ORIENTED_EDGE('',*,*,#2777,.F.);
#4019=ORIENTED_EDGE('',*,*,#2619,.T.);
#4020=ORIENTED_EDGE('',*,*,#2610,.T.);
#4021=ORIENTED_EDGE('',*,*,#2605,.T.);
#4022=ORIENTED_EDGE('',*,*,#2783,.F.);
#4023=ORIENTED_EDGE('',*,*,#2594,.T.);
#4024=ORIENTED_EDGE('',*,*,#2585,.T.);
#4025=ORIENTED_EDGE('',*,*,#2580,.T.);
#4026=ORIENTED_EDGE('',*,*,#2772,.F.);
#4027=ORIENTED_EDGE('',*,*,#2567,.T.);
#4028=ORIENTED_EDGE('',*,*,#2556,.T.);
#4029=ORIENTED_EDGE('',*,*,#2552,.T.);
#4030=ORIENTED_EDGE('',*,*,#2774,.F.);
#4031=ORIENTED_EDGE('',*,*,#2539,.T.);
#4032=ORIENTED_EDGE('',*,*,#2528,.T.);
#4033=ORIENTED_EDGE('',*,*,#2524,.T.);
#4034=ORIENTED_EDGE('',*,*,#2775,.F.);
#4035=ORIENTED_EDGE('',*,*,#2511,.T.);
#4036=ORIENTED_EDGE('',*,*,#2503,.T.);
#4037=ORIENTED_EDGE('',*,*,#2499,.T.);
#4038=ORIENTED_EDGE('',*,*,#2768,.T.);
#4039=ORIENTED_EDGE('',*,*,#2709,.F.);
#4040=ORIENTED_EDGE('',*,*,#2706,.F.);
#4041=ORIENTED_EDGE('',*,*,#2702,.F.);
#4042=ORIENTED_EDGE('',*,*,#2707,.T.);
#4043=ORIENTED_EDGE('',*,*,#2695,.F.);
#4044=ORIENTED_EDGE('',*,*,#2693,.F.);
#4045=ORIENTED_EDGE('',*,*,#2690,.F.);
#4046=ORIENTED_EDGE('',*,*,#2708,.F.);
#4047=ORIENTED_EDGE('',*,*,#2698,.F.);
#4048=ORIENTED_EDGE('',*,*,#2701,.F.);
#4049=ORIENTED_EDGE('',*,*,#2746,.F.);
#4050=ORIENTED_EDGE('',*,*,#2743,.T.);
#4051=ORIENTED_EDGE('',*,*,#2741,.F.);
#4052=ORIENTED_EDGE('',*,*,#2734,.T.);
#4053=ORIENTED_EDGE('',*,*,#2732,.F.);
#4054=ORIENTED_EDGE('',*,*,#2730,.F.);
#4055=ORIENTED_EDGE('',*,*,#2727,.F.);
#4056=ORIENTED_EDGE('',*,*,#2745,.F.);
#4057=ORIENTED_EDGE('',*,*,#2737,.F.);
#4058=ORIENTED_EDGE('',*,*,#2740,.F.);
#4059=ORIENTED_EDGE('',*,*,#2767,.F.);
#4060=ORIENTED_EDGE('',*,*,#2751,.T.);
#4061=ORIENTED_EDGE('',*,*,#2753,.F.);
#4062=ORIENTED_EDGE('',*,*,#2760,.T.);
#4063=ORIENTED_EDGE('',*,*,#2762,.F.);
#4064=ORIENTED_EDGE('',*,*,#2764,.F.);
#4065=ORIENTED_EDGE('',*,*,#2765,.F.);
#4066=ORIENTED_EDGE('',*,*,#2749,.F.);
#4067=ORIENTED_EDGE('',*,*,#2758,.F.);
#4068=ORIENTED_EDGE('',*,*,#2757,.F.);
#4069=ORIENTED_EDGE('',*,*,#2766,.F.);
#4070=ORIENTED_EDGE('',*,*,#2724,.T.);
#4071=ORIENTED_EDGE('',*,*,#2722,.F.);
#4072=ORIENTED_EDGE('',*,*,#2718,.T.);
#4073=ORIENTED_EDGE('',*,*,#2716,.F.);
#4074=ORIENTED_EDGE('',*,*,#2714,.F.);
#4075=ORIENTED_EDGE('',*,*,#2711,.F.);
#4076=ORIENTED_EDGE('',*,*,#2726,.F.);
#4077=ORIENTED_EDGE('',*,*,#2720,.F.);
#4078=ORIENTED_EDGE('',*,*,#2287,.F.);
#4079=ORIENTED_EDGE('',*,*,#2176,.T.);
#4080=PLANE('',#4588);
#4081=PLANE('',#4589);
#4082=PLANE('',#4590);
#4083=PLANE('',#4591);
#4084=PLANE('',#4592);
#4085=PLANE('',#4593);
#4086=PLANE('',#4594);
#4087=PLANE('',#4595);
#4088=PLANE('',#4596);
#4089=PLANE('',#4597);
#4090=PLANE('',#4598);
#4091=PLANE('',#4599);
#4092=PLANE('',#4600);
#4093=PLANE('',#4601);
#4094=PLANE('',#4602);
#4095=PLANE('',#4603);
#4096=PLANE('',#4604);
#4097=PLANE('',#4605);
#4098=PLANE('',#4606);
#4099=PLANE('',#4607);
#4100=PLANE('',#4608);
#4101=PLANE('',#4609);
#4102=PLANE('',#4610);
#4103=PLANE('',#4611);
#4104=PLANE('',#4612);
#4105=PLANE('',#4613);
#4106=PLANE('',#4614);
#4107=PLANE('',#4615);
#4108=PLANE('',#4616);
#4109=PLANE('',#4617);
#4110=PLANE('',#4618);
#4111=PLANE('',#4619);
#4112=PLANE('',#4620);
#4113=PLANE('',#4621);
#4114=PLANE('',#4622);
#4115=PLANE('',#4623);
#4116=PLANE('',#4624);
#4117=PLANE('',#4625);
#4118=PLANE('',#4626);
#4119=PLANE('',#4627);
#4120=PLANE('',#4628);
#4121=PLANE('',#4629);
#4122=PLANE('',#4630);
#4123=PLANE('',#4631);
#4124=PLANE('',#4632);
#4125=PLANE('',#4633);
#4126=PLANE('',#4634);
#4127=PLANE('',#4635);
#4128=PLANE('',#4636);
#4129=PLANE('',#4637);
#4130=PLANE('',#4638);
#4131=PLANE('',#4639);
#4132=PLANE('',#4640);
#4133=PLANE('',#4641);
#4134=PLANE('',#4642);
#4135=PLANE('',#4643);
#4136=PLANE('',#4644);
#4137=PLANE('',#4645);
#4138=PLANE('',#4646);
#4139=PLANE('',#4647);
#4140=PLANE('',#4648);
#4141=PLANE('',#4649);
#4142=PLANE('',#4650);
#4143=PLANE('',#4651);
#4144=PLANE('',#4652);
#4145=PLANE('',#4653);
#4146=PLANE('',#4654);
#4147=PLANE('',#4655);
#4148=PLANE('',#4656);
#4149=PLANE('',#4657);
#4150=PLANE('',#4658);
#4151=PLANE('',#4659);
#4152=PLANE('',#4660);
#4153=PLANE('',#4661);
#4154=PLANE('',#4662);
#4155=PLANE('',#4663);
#4156=PLANE('',#4664);
#4157=PLANE('',#4665);
#4158=PLANE('',#4666);
#4159=PLANE('',#4667);
#4160=PLANE('',#4668);
#4161=PLANE('',#4669);
#4162=PLANE('',#4670);
#4163=PLANE('',#4671);
#4164=PLANE('',#4672);
#4165=PLANE('',#4673);
#4166=PLANE('',#4674);
#4167=PLANE('',#4675);
#4168=PLANE('',#4676);
#4169=PLANE('',#4677);
#4170=PLANE('',#4678);
#4171=PLANE('',#4679);
#4172=PLANE('',#4680);
#4173=PLANE('',#4681);
#4174=PLANE('',#4682);
#4175=PLANE('',#4683);
#4176=PLANE('',#4684);
#4177=PLANE('',#4685);
#4178=PLANE('',#4686);
#4179=PLANE('',#4687);
#4180=PLANE('',#4688);
#4181=PLANE('',#4689);
#4182=PLANE('',#4690);
#4183=PLANE('',#4691);
#4184=PLANE('',#4692);
#4185=PLANE('',#4693);
#4186=PLANE('',#4694);
#4187=PLANE('',#4695);
#4188=PLANE('',#4696);
#4189=PLANE('',#4697);
#4190=PLANE('',#4698);
#4191=PLANE('',#4699);
#4192=PLANE('',#4700);
#4193=PLANE('',#4701);
#4194=PLANE('',#4702);
#4195=PLANE('',#4703);
#4196=PLANE('',#4704);
#4197=PLANE('',#4705);
#4198=PLANE('',#4706);
#4199=PLANE('',#4707);
#4200=PLANE('',#4708);
#4201=PLANE('',#4709);
#4202=PLANE('',#4710);
#4203=PLANE('',#4711);
#4204=PLANE('',#4712);
#4205=PLANE('',#4713);
#4206=PLANE('',#4714);
#4207=PLANE('',#4715);
#4208=PLANE('',#4716);
#4209=PLANE('',#4717);
#4210=PLANE('',#4718);
#4211=PLANE('',#4719);
#4212=PLANE('',#4720);
#4213=PLANE('',#4721);
#4214=PLANE('',#4722);
#4215=PLANE('',#4723);
#4216=PLANE('',#4724);
#4217=PLANE('',#4725);
#4218=PLANE('',#4726);
#4219=PLANE('',#4727);
#4220=PLANE('',#4728);
#4221=PLANE('',#4729);
#4222=PLANE('',#4730);
#4223=PLANE('',#4731);
#4224=PLANE('',#4732);
#4225=PLANE('',#4733);
#4226=PLANE('',#4734);
#4227=PLANE('',#4735);
#4228=PLANE('',#4736);
#4229=PLANE('',#4737);
#4230=PLANE('',#4738);
#4231=PLANE('',#4739);
#4232=PLANE('',#4740);
#4233=PLANE('',#4741);
#4234=PLANE('',#4742);
#4235=PLANE('',#4743);
#4236=PLANE('',#4744);
#4237=PLANE('',#4745);
#4238=PLANE('',#4746);
#4239=PLANE('',#4747);
#4240=PLANE('',#4748);
#4241=PLANE('',#4749);
#4242=PLANE('',#4750);
#4243=PLANE('',#4751);
#4244=PLANE('',#4752);
#4245=PLANE('',#4753);
#4246=PLANE('',#4754);
#4247=PLANE('',#4755);
#4248=PLANE('',#4756);
#4249=PLANE('',#4757);
#4250=PLANE('',#4758);
#4251=PLANE('',#4759);
#4252=PLANE('',#4760);
#4253=PLANE('',#4761);
#4254=PLANE('',#4762);
#4255=PLANE('',#4763);
#4256=PLANE('',#4764);
#4257=PLANE('',#4765);
#4258=PLANE('',#4766);
#4259=PLANE('',#4767);
#4260=PLANE('',#4768);
#4261=PLANE('',#4769);
#4262=PLANE('',#4770);
#4263=PLANE('',#4771);
#4264=PLANE('',#4772);
#4265=PLANE('',#4773);
#4266=PLANE('',#4774);
#4267=PLANE('',#4775);
#4268=PLANE('',#4776);
#4269=PLANE('',#4777);
#4270=PLANE('',#4778);
#4271=PLANE('',#4779);
#4272=PLANE('',#4780);
#4273=PLANE('',#4781);
#4274=PLANE('',#4782);
#4275=PLANE('',#4783);
#4276=PLANE('',#4784);
#4277=PLANE('',#4785);
#4278=PLANE('',#4786);
#4279=PLANE('',#4787);
#4280=PLANE('',#4788);
#4281=PLANE('',#4789);
#4282=PLANE('',#4790);
#4283=PLANE('',#4791);
#4284=PLANE('',#4792);
#4285=PLANE('',#4793);
#4286=PLANE('',#4794);
#4287=PLANE('',#4795);
#4288=PLANE('',#4796);
#4289=PLANE('',#4797);
#4290=PLANE('',#4798);
#4291=PLANE('',#4799);
#4292=PLANE('',#4800);
#4293=PLANE('',#4801);
#4294=PLANE('',#4802);
#4295=PLANE('',#4803);
#4296=PLANE('',#4804);
#4297=PLANE('',#4805);
#4298=PLANE('',#4806);
#4299=PLANE('',#4807);
#4300=PLANE('',#4808);
#4301=PLANE('',#4809);
#4302=PLANE('',#4810);
#4303=PLANE('',#4811);
#4304=PLANE('',#4812);
#4305=PLANE('',#4813);
#4306=PLANE('',#4814);
#4307=PLANE('',#4815);
#4308=PLANE('',#4816);
#4309=PLANE('',#4817);
#4310=PLANE('',#4818);
#4311=PLANE('',#4819);
#4312=PLANE('',#4820);
#4313=PLANE('',#4821);
#4314=PLANE('',#4822);
#4315=PLANE('',#4823);
#4316=PLANE('',#4824);
#4317=PLANE('',#4825);
#4318=PLANE('',#4826);
#4319=PLANE('',#4827);
#4320=PLANE('',#4828);
#4321=PLANE('',#4829);
#4322=PLANE('',#4830);
#4323=PLANE('',#4831);
#4324=PLANE('',#4832);
#4325=PLANE('',#4833);
#4326=PLANE('',#4834);
#4327=PLANE('',#4835);
#4328=PLANE('',#4836);
#4329=PLANE('',#4837);
#4330=PLANE('',#4838);
#4331=PLANE('',#4839);
#4332=PLANE('',#4840);
#4333=ADVANCED_FACE('',(#15),#4080,.F.);
#4334=ADVANCED_FACE('',(#16),#4081,.T.);
#4335=ADVANCED_FACE('',(#17),#4082,.F.);
#4336=ADVANCED_FACE('',(#18),#4083,.T.);
#4337=ADVANCED_FACE('',(#19),#4084,.F.);
#4338=ADVANCED_FACE('',(#20),#4085,.F.);
#4339=ADVANCED_FACE('',(#21),#4086,.F.);
#4340=ADVANCED_FACE('',(#22),#4087,.F.);
#4341=ADVANCED_FACE('',(#23),#4088,.F.);
#4342=ADVANCED_FACE('',(#24),#4089,.F.);
#4343=ADVANCED_FACE('',(#25),#4090,.F.);
#4344=ADVANCED_FACE('',(#26),#4091,.F.);
#4345=ADVANCED_FACE('',(#27),#4092,.F.);
#4346=ADVANCED_FACE('',(#28),#4093,.F.);
#4347=ADVANCED_FACE('',(#29),#4094,.F.);
#4348=ADVANCED_FACE('',(#30),#4095,.F.);
#4349=ADVANCED_FACE('',(#31),#4096,.F.);
#4350=ADVANCED_FACE('',(#32),#4097,.F.);
#4351=ADVANCED_FACE('',(#33),#4098,.F.);
#4352=ADVANCED_FACE('',(#34),#4099,.F.);
#4353=ADVANCED_FACE('',(#35),#4100,.F.);
#4354=ADVANCED_FACE('',(#36),#4101,.F.);
#4355=ADVANCED_FACE('',(#37),#4102,.F.);
#4356=ADVANCED_FACE('',(#38),#4103,.F.);
#4357=ADVANCED_FACE('',(#39),#4104,.F.);
#4358=ADVANCED_FACE('',(#40),#4105,.F.);
#4359=ADVANCED_FACE('',(#41),#4106,.F.);
#4360=ADVANCED_FACE('',(#42),#4107,.F.);
#4361=ADVANCED_FACE('',(#43),#4108,.F.);
#4362=ADVANCED_FACE('',(#44),#4109,.F.);
#4363=ADVANCED_FACE('',(#45),#4110,.F.);
#4364=ADVANCED_FACE('',(#46),#4111,.F.);
#4365=ADVANCED_FACE('',(#47),#4112,.F.);
#4366=ADVANCED_FACE('',(#48),#4113,.F.);
#4367=ADVANCED_FACE('',(#49),#4114,.F.);
#4368=ADVANCED_FACE('',(#50),#4115,.F.);
#4369=ADVANCED_FACE('',(#51),#4116,.F.);
#4370=ADVANCED_FACE('',(#52),#4117,.F.);
#4371=ADVANCED_FACE('',(#53),#4118,.F.);
#4372=ADVANCED_FACE('',(#54),#4119,.F.);
#4373=ADVANCED_FACE('',(#55),#4120,.F.);
#4374=ADVANCED_FACE('',(#56),#4121,.F.);
#4375=ADVANCED_FACE('',(#57),#4122,.F.);
#4376=ADVANCED_FACE('',(#58),#4123,.F.);
#4377=ADVANCED_FACE('',(#59),#4124,.F.);
#4378=ADVANCED_FACE('',(#60),#4125,.F.);
#4379=ADVANCED_FACE('',(#61),#4126,.F.);
#4380=ADVANCED_FACE('',(#62),#4127,.F.);
#4381=ADVANCED_FACE('',(#63),#4128,.F.);
#4382=ADVANCED_FACE('',(#64),#4129,.F.);
#4383=ADVANCED_FACE('',(#65),#4130,.F.);
#4384=ADVANCED_FACE('',(#66),#4131,.F.);
#4385=ADVANCED_FACE('',(#67),#4132,.F.);
#4386=ADVANCED_FACE('',(#68),#4133,.F.);
#4387=ADVANCED_FACE('',(#69),#4134,.F.);
#4388=ADVANCED_FACE('',(#70),#4135,.F.);
#4389=ADVANCED_FACE('',(#71),#4136,.F.);
#4390=ADVANCED_FACE('',(#72),#4137,.F.);
#4391=ADVANCED_FACE('',(#73),#4138,.F.);
#4392=ADVANCED_FACE('',(#74),#4139,.F.);
#4393=ADVANCED_FACE('',(#75),#4140,.F.);
#4394=ADVANCED_FACE('',(#76),#4141,.F.);
#4395=ADVANCED_FACE('',(#77),#4142,.F.);
#4396=ADVANCED_FACE('',(#78),#4143,.T.);
#4397=ADVANCED_FACE('',(#79),#4144,.T.);
#4398=ADVANCED_FACE('',(#80),#4145,.T.);
#4399=ADVANCED_FACE('',(#81),#4146,.T.);
#4400=ADVANCED_FACE('',(#82),#4147,.T.);
#4401=ADVANCED_FACE('',(#83),#4148,.T.);
#4402=ADVANCED_FACE('',(#84),#4149,.T.);
#4403=ADVANCED_FACE('',(#85),#4150,.T.);
#4404=ADVANCED_FACE('',(#86),#4151,.T.);
#4405=ADVANCED_FACE('',(#87),#4152,.T.);
#4406=ADVANCED_FACE('',(#88),#4153,.T.);
#4407=ADVANCED_FACE('',(#89),#4154,.T.);
#4408=ADVANCED_FACE('',(#90),#4155,.T.);
#4409=ADVANCED_FACE('',(#91),#4156,.T.);
#4410=ADVANCED_FACE('',(#92),#4157,.T.);
#4411=ADVANCED_FACE('',(#93),#4158,.T.);
#4412=ADVANCED_FACE('',(#94),#4159,.T.);
#4413=ADVANCED_FACE('',(#95),#4160,.T.);
#4414=ADVANCED_FACE('',(#96),#4161,.T.);
#4415=ADVANCED_FACE('',(#97),#4162,.T.);
#4416=ADVANCED_FACE('',(#98),#4163,.T.);
#4417=ADVANCED_FACE('',(#99),#4164,.T.);
#4418=ADVANCED_FACE('',(#100),#4165,.T.);
#4419=ADVANCED_FACE('',(#101),#4166,.T.);
#4420=ADVANCED_FACE('',(#102),#4167,.T.);
#4421=ADVANCED_FACE('',(#103),#4168,.T.);
#4422=ADVANCED_FACE('',(#104),#4169,.T.);
#4423=ADVANCED_FACE('',(#105),#4170,.T.);
#4424=ADVANCED_FACE('',(#106),#4171,.T.);
#4425=ADVANCED_FACE('',(#107),#4172,.T.);
#4426=ADVANCED_FACE('',(#108),#4173,.T.);
#4427=ADVANCED_FACE('',(#109),#4174,.T.);
#4428=ADVANCED_FACE('',(#110),#4175,.T.);
#4429=ADVANCED_FACE('',(#111),#4176,.T.);
#4430=ADVANCED_FACE('',(#112),#4177,.T.);
#4431=ADVANCED_FACE('',(#113),#4178,.T.);
#4432=ADVANCED_FACE('',(#114),#4179,.T.);
#4433=ADVANCED_FACE('',(#115),#4180,.T.);
#4434=ADVANCED_FACE('',(#116),#4181,.T.);
#4435=ADVANCED_FACE('',(#117),#4182,.T.);
#4436=ADVANCED_FACE('',(#118),#4183,.T.);
#4437=ADVANCED_FACE('',(#119),#4184,.T.);
#4438=ADVANCED_FACE('',(#120),#4185,.T.);
#4439=ADVANCED_FACE('',(#121),#4186,.T.);
#4440=ADVANCED_FACE('',(#122),#4187,.T.);
#4441=ADVANCED_FACE('',(#123),#4188,.T.);
#4442=ADVANCED_FACE('',(#124),#4189,.T.);
#4443=ADVANCED_FACE('',(#125),#4190,.T.);
#4444=ADVANCED_FACE('',(#126),#4191,.T.);
#4445=ADVANCED_FACE('',(#127),#4192,.T.);
#4446=ADVANCED_FACE('',(#128),#4193,.T.);
#4447=ADVANCED_FACE('',(#129),#4194,.T.);
#4448=ADVANCED_FACE('',(#130),#4195,.T.);
#4449=ADVANCED_FACE('',(#131),#4196,.T.);
#4450=ADVANCED_FACE('',(#132),#4197,.T.);
#4451=ADVANCED_FACE('',(#133),#4198,.T.);
#4452=ADVANCED_FACE('',(#134),#4199,.T.);
#4453=ADVANCED_FACE('',(#135),#4200,.T.);
#4454=ADVANCED_FACE('',(#136),#4201,.T.);
#4455=ADVANCED_FACE('',(#137),#4202,.T.);
#4456=ADVANCED_FACE('',(#138),#4203,.T.);
#4457=ADVANCED_FACE('',(#139),#4204,.T.);
#4458=ADVANCED_FACE('',(#140),#4205,.T.);
#4459=ADVANCED_FACE('',(#141),#4206,.T.);
#4460=ADVANCED_FACE('',(#142),#4207,.T.);
#4461=ADVANCED_FACE('',(#143),#4208,.T.);
#4462=ADVANCED_FACE('',(#144),#4209,.T.);
#4463=ADVANCED_FACE('',(#145),#4210,.T.);
#4464=ADVANCED_FACE('',(#146),#4211,.T.);
#4465=ADVANCED_FACE('',(#147),#4212,.T.);
#4466=ADVANCED_FACE('',(#148),#4213,.T.);
#4467=ADVANCED_FACE('',(#149),#4214,.T.);
#4468=ADVANCED_FACE('',(#150),#4215,.T.);
#4469=ADVANCED_FACE('',(#151),#4216,.T.);
#4470=ADVANCED_FACE('',(#152),#4217,.T.);
#4471=ADVANCED_FACE('',(#153),#4218,.T.);
#4472=ADVANCED_FACE('',(#154),#4219,.T.);
#4473=ADVANCED_FACE('',(#155),#4220,.T.);
#4474=ADVANCED_FACE('',(#156),#4221,.T.);
#4475=ADVANCED_FACE('',(#157),#4222,.T.);
#4476=ADVANCED_FACE('',(#158),#4223,.T.);
#4477=ADVANCED_FACE('',(#159),#4224,.T.);
#4478=ADVANCED_FACE('',(#160),#4225,.T.);
#4479=ADVANCED_FACE('',(#161),#4226,.T.);
#4480=ADVANCED_FACE('',(#162),#4227,.T.);
#4481=ADVANCED_FACE('',(#163),#4228,.T.);
#4482=ADVANCED_FACE('',(#164),#4229,.T.);
#4483=ADVANCED_FACE('',(#165),#4230,.T.);
#4484=ADVANCED_FACE('',(#166),#4231,.T.);
#4485=ADVANCED_FACE('',(#167),#4232,.T.);
#4486=ADVANCED_FACE('',(#168),#4233,.T.);
#4487=ADVANCED_FACE('',(#169),#4234,.T.);
#4488=ADVANCED_FACE('',(#170),#4235,.T.);
#4489=ADVANCED_FACE('',(#171),#4236,.T.);
#4490=ADVANCED_FACE('',(#172),#4237,.T.);
#4491=ADVANCED_FACE('',(#173),#4238,.T.);
#4492=ADVANCED_FACE('',(#174),#4239,.T.);
#4493=ADVANCED_FACE('',(#175),#4240,.T.);
#4494=ADVANCED_FACE('',(#176),#4241,.T.);
#4495=ADVANCED_FACE('',(#177),#4242,.T.);
#4496=ADVANCED_FACE('',(#178),#4243,.T.);
#4497=ADVANCED_FACE('',(#179),#4244,.T.);
#4498=ADVANCED_FACE('',(#180),#4245,.T.);
#4499=ADVANCED_FACE('',(#181),#4246,.T.);
#4500=ADVANCED_FACE('',(#182),#4247,.T.);
#4501=ADVANCED_FACE('',(#183),#4248,.T.);
#4502=ADVANCED_FACE('',(#184),#4249,.T.);
#4503=ADVANCED_FACE('',(#185),#4250,.T.);
#4504=ADVANCED_FACE('',(#186),#4251,.T.);
#4505=ADVANCED_FACE('',(#187),#4252,.T.);
#4506=ADVANCED_FACE('',(#188),#4253,.T.);
#4507=ADVANCED_FACE('',(#189),#4254,.T.);
#4508=ADVANCED_FACE('',(#190),#4255,.T.);
#4509=ADVANCED_FACE('',(#191),#4256,.F.);
#4510=ADVANCED_FACE('',(#192),#4257,.T.);
#4511=ADVANCED_FACE('',(#193),#4258,.T.);
#4512=ADVANCED_FACE('',(#194),#4259,.T.);
#4513=ADVANCED_FACE('',(#195),#4260,.T.);
#4514=ADVANCED_FACE('',(#196),#4261,.T.);
#4515=ADVANCED_FACE('',(#197),#4262,.T.);
#4516=ADVANCED_FACE('',(#198),#4263,.T.);
#4517=ADVANCED_FACE('',(#199),#4264,.T.);
#4518=ADVANCED_FACE('',(#200),#4265,.T.);
#4519=ADVANCED_FACE('',(#201),#4266,.T.);
#4520=ADVANCED_FACE('',(#202),#4267,.T.);
#4521=ADVANCED_FACE('',(#203),#4268,.T.);
#4522=ADVANCED_FACE('',(#204),#4269,.T.);
#4523=ADVANCED_FACE('',(#205),#4270,.T.);
#4524=ADVANCED_FACE('',(#206),#4271,.T.);
#4525=ADVANCED_FACE('',(#207),#4272,.T.);
#4526=ADVANCED_FACE('',(#208),#4273,.T.);
#4527=ADVANCED_FACE('',(#209),#4274,.F.);
#4528=ADVANCED_FACE('',(#210),#4275,.T.);
#4529=ADVANCED_FACE('',(#211),#4276,.T.);
#4530=ADVANCED_FACE('',(#212),#4277,.T.);
#4531=ADVANCED_FACE('',(#213),#4278,.T.);
#4532=ADVANCED_FACE('',(#214),#4279,.T.);
#4533=ADVANCED_FACE('',(#215),#4280,.T.);
#4534=ADVANCED_FACE('',(#216),#4281,.T.);
#4535=ADVANCED_FACE('',(#217),#4282,.T.);
#4536=ADVANCED_FACE('',(#218),#4283,.T.);
#4537=ADVANCED_FACE('',(#219),#4284,.F.);
#4538=ADVANCED_FACE('',(#220),#4285,.F.);
#4539=ADVANCED_FACE('',(#221),#4286,.F.);
#4540=ADVANCED_FACE('',(#222),#4287,.T.);
#4541=ADVANCED_FACE('',(#223),#4288,.T.);
#4542=ADVANCED_FACE('',(#224),#4289,.T.);
#4543=ADVANCED_FACE('',(#225),#4290,.T.);
#4544=ADVANCED_FACE('',(#226),#4291,.T.);
#4545=ADVANCED_FACE('',(#227),#4292,.T.);
#4546=ADVANCED_FACE('',(#228),#4293,.T.);
#4547=ADVANCED_FACE('',(#229),#4294,.T.);
#4548=ADVANCED_FACE('',(#230),#4295,.T.);
#4549=ADVANCED_FACE('',(#231),#4296,.T.);
#4550=ADVANCED_FACE('',(#232),#4297,.T.);
#4551=ADVANCED_FACE('',(#233),#4298,.T.);
#4552=ADVANCED_FACE('',(#234),#4299,.T.);
#4553=ADVANCED_FACE('',(#235),#4300,.T.);
#4554=ADVANCED_FACE('',(#236),#4301,.T.);
#4555=ADVANCED_FACE('',(#237),#4302,.T.);
#4556=ADVANCED_FACE('',(#238),#4303,.T.);
#4557=ADVANCED_FACE('',(#239),#4304,.T.);
#4558=ADVANCED_FACE('',(#240),#4305,.T.);
#4559=ADVANCED_FACE('',(#241),#4306,.T.);
#4560=ADVANCED_FACE('',(#242),#4307,.T.);
#4561=ADVANCED_FACE('',(#243),#4308,.T.);
#4562=ADVANCED_FACE('',(#244),#4309,.T.);
#4563=ADVANCED_FACE('',(#245),#4310,.T.);
#4564=ADVANCED_FACE('',(#246),#4311,.T.);
#4565=ADVANCED_FACE('',(#247),#4312,.T.);
#4566=ADVANCED_FACE('',(#248),#4313,.T.);
#4567=ADVANCED_FACE('',(#249),#4314,.T.);
#4568=ADVANCED_FACE('',(#250),#4315,.T.);
#4569=ADVANCED_FACE('',(#251),#4316,.T.);
#4570=ADVANCED_FACE('',(#252),#4317,.T.);
#4571=ADVANCED_FACE('',(#253),#4318,.T.);
#4572=ADVANCED_FACE('',(#254),#4319,.T.);
#4573=ADVANCED_FACE('',(#255),#4320,.T.);
#4574=ADVANCED_FACE('',(#256),#4321,.T.);
#4575=ADVANCED_FACE('',(#257),#4322,.T.);
#4576=ADVANCED_FACE('',(#258),#4323,.T.);
#4577=ADVANCED_FACE('',(#259),#4324,.T.);
#4578=ADVANCED_FACE('',(#260),#4325,.T.);
#4579=ADVANCED_FACE('',(#261),#4326,.T.);
#4580=ADVANCED_FACE('',(#262),#4327,.T.);
#4581=ADVANCED_FACE('',(#263),#4328,.T.);
#4582=ADVANCED_FACE('',(#264),#4329,.T.);
#4583=ADVANCED_FACE('',(#265),#4330,.T.);
#4584=ADVANCED_FACE('',(#266),#4331,.T.);
#4585=ADVANCED_FACE('',(#267),#4332,.T.);
#4586=CLOSED_SHELL('',(#4333,#4334,#4335,#4336,#4337,#4338,#4339,#4340,
#4341,#4342,#4343,#4344,#4345,#4346,#4347,#4348,#4349,#4350,#4351,#4352,
#4353,#4354,#4355,#4356,#4357,#4358,#4359,#4360,#4361,#4362,#4363,#4364,
#4365,#4366,#4367,#4368,#4369,#4370,#4371,#4372,#4373,#4374,#4375,#4376,
#4377,#4378,#4379,#4380,#4381,#4382,#4383,#4384,#4385,#4386,#4387,#4388,
#4389,#4390,#4391,#4392,#4393,#4394,#4395,#4396,#4397,#4398,#4399,#4400,
#4401,#4402,#4403,#4404,#4405,#4406,#4407,#4408,#4409,#4410,#4411,#4412,
#4413,#4414,#4415,#4416,#4417,#4418,#4419,#4420,#4421,#4422,#4423,#4424,
#4425,#4426,#4427,#4428,#4429,#4430,#4431,#4432,#4433,#4434,#4435,#4436,
#4437,#4438,#4439,#4440,#4441,#4442,#4443,#4444,#4445,#4446,#4447,#4448,
#4449,#4450,#4451,#4452,#4453,#4454,#4455,#4456,#4457,#4458,#4459,#4460,
#4461,#4462,#4463,#4464,#4465,#4466,#4467,#4468,#4469,#4470,#4471,#4472,
#4473,#4474,#4475,#4476,#4477,#4478,#4479,#4480,#4481,#4482,#4483,#4484,
#4485,#4486,#4487,#4488,#4489,#4490,#4491,#4492,#4493,#4494,#4495,#4496,
#4497,#4498,#4499,#4500,#4501,#4502,#4503,#4504,#4505,#4506,#4507,#4508,
#4509,#4510,#4511,#4512,#4513,#4514,#4515,#4516,#4517,#4518,#4519,#4520,
#4521,#4522,#4523,#4524,#4525,#4526,#4527,#4528,#4529,#4530,#4531,#4532,
#4533,#4534,#4535,#4536,#4537,#4538,#4539,#4540,#4541,#4542,#4543,#4544,
#4545,#4546,#4547,#4548,#4549,#4550,#4551,#4552,#4553,#4554,#4555,#4556,
#4557,#4558,#4559,#4560,#4561,#4562,#4563,#4564,#4565,#4566,#4567,#4568,
#4569,#4570,#4571,#4572,#4573,#4574,#4575,#4576,#4577,#4578,#4579,#4580,
#4581,#4582,#4583,#4584,#4585));
#4587=AXIS2_PLACEMENT_3D('',#5984,#4841,#4842);
#4588=AXIS2_PLACEMENT_3D('',#5985,#4843,#4844);
#4589=AXIS2_PLACEMENT_3D('',#6002,#4853,#4854);
#4590=AXIS2_PLACEMENT_3D('',#6202,#4955,#4956);
#4591=AXIS2_PLACEMENT_3D('',#6210,#4961,#4962);
#4592=AXIS2_PLACEMENT_3D('',#6214,#4965,#4966);
#4593=AXIS2_PLACEMENT_3D('',#6223,#4971,#4972);
#4594=AXIS2_PLACEMENT_3D('',#6232,#4977,#4978);
#4595=AXIS2_PLACEMENT_3D('',#6241,#4983,#4984);
#4596=AXIS2_PLACEMENT_3D('',#6250,#4989,#4990);
#4597=AXIS2_PLACEMENT_3D('',#6259,#4995,#4996);
#4598=AXIS2_PLACEMENT_3D('',#6268,#5001,#5002);
#4599=AXIS2_PLACEMENT_3D('',#6277,#5007,#5008);
#4600=AXIS2_PLACEMENT_3D('',#6286,#5013,#5014);
#4601=AXIS2_PLACEMENT_3D('',#6295,#5019,#5020);
#4602=AXIS2_PLACEMENT_3D('',#6304,#5025,#5026);
#4603=AXIS2_PLACEMENT_3D('',#6313,#5031,#5032);
#4604=AXIS2_PLACEMENT_3D('',#6322,#5037,#5038);
#4605=AXIS2_PLACEMENT_3D('',#6331,#5043,#5044);
#4606=AXIS2_PLACEMENT_3D('',#6340,#5049,#5050);
#4607=AXIS2_PLACEMENT_3D('',#6346,#5054,#5055);
#4608=AXIS2_PLACEMENT_3D('',#6352,#5059,#5060);
#4609=AXIS2_PLACEMENT_3D('',#6358,#5064,#5065);
#4610=AXIS2_PLACEMENT_3D('',#6364,#5069,#5070);
#4611=AXIS2_PLACEMENT_3D('',#6370,#5074,#5075);
#4612=AXIS2_PLACEMENT_3D('',#6376,#5079,#5080);
#4613=AXIS2_PLACEMENT_3D('',#6382,#5084,#5085);
#4614=AXIS2_PLACEMENT_3D('',#6388,#5089,#5090);
#4615=AXIS2_PLACEMENT_3D('',#6394,#5094,#5095);
#4616=AXIS2_PLACEMENT_3D('',#6400,#5099,#5100);
#4617=AXIS2_PLACEMENT_3D('',#6406,#5104,#5105);
#4618=AXIS2_PLACEMENT_3D('',#6412,#5109,#5110);
#4619=AXIS2_PLACEMENT_3D('',#6418,#5114,#5115);
#4620=AXIS2_PLACEMENT_3D('',#6426,#5120,#5121);
#4621=AXIS2_PLACEMENT_3D('',#6432,#5125,#5126);
#4622=AXIS2_PLACEMENT_3D('',#6438,#5130,#5131);
#4623=AXIS2_PLACEMENT_3D('',#6447,#5136,#5137);
#4624=AXIS2_PLACEMENT_3D('',#6456,#5142,#5143);
#4625=AXIS2_PLACEMENT_3D('',#6465,#5148,#5149);
#4626=AXIS2_PLACEMENT_3D('',#6474,#5154,#5155);
#4627=AXIS2_PLACEMENT_3D('',#6483,#5160,#5161);
#4628=AXIS2_PLACEMENT_3D('',#6492,#5166,#5167);
#4629=AXIS2_PLACEMENT_3D('',#6501,#5172,#5173);
#4630=AXIS2_PLACEMENT_3D('',#6510,#5178,#5179);
#4631=AXIS2_PLACEMENT_3D('',#6519,#5184,#5185);
#4632=AXIS2_PLACEMENT_3D('',#6528,#5190,#5191);
#4633=AXIS2_PLACEMENT_3D('',#6537,#5196,#5197);
#4634=AXIS2_PLACEMENT_3D('',#6546,#5202,#5203);
#4635=AXIS2_PLACEMENT_3D('',#6555,#5208,#5209);
#4636=AXIS2_PLACEMENT_3D('',#6564,#5214,#5215);
#4637=AXIS2_PLACEMENT_3D('',#6570,#5219,#5220);
#4638=AXIS2_PLACEMENT_3D('',#6576,#5224,#5225);
#4639=AXIS2_PLACEMENT_3D('',#6582,#5229,#5230);
#4640=AXIS2_PLACEMENT_3D('',#6588,#5234,#5235);
#4641=AXIS2_PLACEMENT_3D('',#6594,#5239,#5240);
#4642=AXIS2_PLACEMENT_3D('',#6600,#5244,#5245);
#4643=AXIS2_PLACEMENT_3D('',#6606,#5249,#5250);
#4644=AXIS2_PLACEMENT_3D('',#6612,#5254,#5255);
#4645=AXIS2_PLACEMENT_3D('',#6618,#5259,#5260);
#4646=AXIS2_PLACEMENT_3D('',#6624,#5264,#5265);
#4647=AXIS2_PLACEMENT_3D('',#6630,#5269,#5270);
#4648=AXIS2_PLACEMENT_3D('',#6636,#5274,#5275);
#4649=AXIS2_PLACEMENT_3D('',#6642,#5279,#5280);
#4650=AXIS2_PLACEMENT_3D('',#6648,#5284,#5285);
#4651=AXIS2_PLACEMENT_3D('',#6654,#5289,#5290);
#4652=AXIS2_PLACEMENT_3D('',#6658,#5293,#5294);
#4653=AXIS2_PLACEMENT_3D('',#6660,#5296,#5297);
#4654=AXIS2_PLACEMENT_3D('',#6666,#5301,#5302);
#4655=AXIS2_PLACEMENT_3D('',#6669,#5305,#5306);
#4656=AXIS2_PLACEMENT_3D('',#6673,#5309,#5310);
#4657=AXIS2_PLACEMENT_3D('',#6676,#5313,#5314);
#4658=AXIS2_PLACEMENT_3D('',#6678,#5316,#5317);
#4659=AXIS2_PLACEMENT_3D('',#6682,#5320,#5321);
#4660=AXIS2_PLACEMENT_3D('',#6684,#5323,#5324);
#4661=AXIS2_PLACEMENT_3D('',#6688,#5327,#5328);
#4662=AXIS2_PLACEMENT_3D('',#6690,#5330,#5331);
#4663=AXIS2_PLACEMENT_3D('',#6692,#5333,#5334);
#4664=AXIS2_PLACEMENT_3D('',#6696,#5337,#5338);
#4665=AXIS2_PLACEMENT_3D('',#6698,#5340,#5341);
#4666=AXIS2_PLACEMENT_3D('',#6705,#5347,#5348);
#4667=AXIS2_PLACEMENT_3D('',#6711,#5352,#5353);
#4668=AXIS2_PLACEMENT_3D('',#6714,#5356,#5357);
#4669=AXIS2_PLACEMENT_3D('',#6718,#5360,#5361);
#4670=AXIS2_PLACEMENT_3D('',#6721,#5364,#5365);
#4671=AXIS2_PLACEMENT_3D('',#6723,#5367,#5368);
#4672=AXIS2_PLACEMENT_3D('',#6727,#5371,#5372);
#4673=AXIS2_PLACEMENT_3D('',#6729,#5374,#5375);
#4674=AXIS2_PLACEMENT_3D('',#6733,#5378,#5379);
#4675=AXIS2_PLACEMENT_3D('',#6735,#5381,#5382);
#4676=AXIS2_PLACEMENT_3D('',#6739,#5385,#5386);
#4677=AXIS2_PLACEMENT_3D('',#6741,#5388,#5389);
#4678=AXIS2_PLACEMENT_3D('',#6743,#5391,#5392);
#4679=AXIS2_PLACEMENT_3D('',#6747,#5395,#5396);
#4680=AXIS2_PLACEMENT_3D('',#6749,#5398,#5399);
#4681=AXIS2_PLACEMENT_3D('',#6756,#5405,#5406);
#4682=AXIS2_PLACEMENT_3D('',#6762,#5410,#5411);
#4683=AXIS2_PLACEMENT_3D('',#6765,#5414,#5415);
#4684=AXIS2_PLACEMENT_3D('',#6769,#5418,#5419);
#4685=AXIS2_PLACEMENT_3D('',#6772,#5422,#5423);
#4686=AXIS2_PLACEMENT_3D('',#6774,#5425,#5426);
#4687=AXIS2_PLACEMENT_3D('',#6778,#5429,#5430);
#4688=AXIS2_PLACEMENT_3D('',#6780,#5432,#5433);
#4689=AXIS2_PLACEMENT_3D('',#6784,#5436,#5437);
#4690=AXIS2_PLACEMENT_3D('',#6786,#5439,#5440);
#4691=AXIS2_PLACEMENT_3D('',#6790,#5443,#5444);
#4692=AXIS2_PLACEMENT_3D('',#6792,#5446,#5447);
#4693=AXIS2_PLACEMENT_3D('',#6794,#5449,#5450);
#4694=AXIS2_PLACEMENT_3D('',#6798,#5453,#5454);
#4695=AXIS2_PLACEMENT_3D('',#6800,#5456,#5457);
#4696=AXIS2_PLACEMENT_3D('',#6807,#5463,#5464);
#4697=AXIS2_PLACEMENT_3D('',#6813,#5468,#5469);
#4698=AXIS2_PLACEMENT_3D('',#6816,#5472,#5473);
#4699=AXIS2_PLACEMENT_3D('',#6818,#5475,#5476);
#4700=AXIS2_PLACEMENT_3D('',#6822,#5479,#5480);
#4701=AXIS2_PLACEMENT_3D('',#6826,#5483,#5484);
#4702=AXIS2_PLACEMENT_3D('',#6828,#5486,#5487);
#4703=AXIS2_PLACEMENT_3D('',#6832,#5490,#5491);
#4704=AXIS2_PLACEMENT_3D('',#6834,#5493,#5494);
#4705=AXIS2_PLACEMENT_3D('',#6836,#5496,#5497);
#4706=AXIS2_PLACEMENT_3D('',#6840,#5500,#5501);
#4707=AXIS2_PLACEMENT_3D('',#6844,#5504,#5505);
#4708=AXIS2_PLACEMENT_3D('',#6846,#5507,#5508);
#4709=AXIS2_PLACEMENT_3D('',#6853,#5514,#5515);
#4710=AXIS2_PLACEMENT_3D('',#6859,#5519,#5520);
#4711=AXIS2_PLACEMENT_3D('',#6862,#5523,#5524);
#4712=AXIS2_PLACEMENT_3D('',#6864,#5526,#5527);
#4713=AXIS2_PLACEMENT_3D('',#6868,#5530,#5531);
#4714=AXIS2_PLACEMENT_3D('',#6872,#5534,#5535);
#4715=AXIS2_PLACEMENT_3D('',#6874,#5537,#5538);
#4716=AXIS2_PLACEMENT_3D('',#6878,#5541,#5542);
#4717=AXIS2_PLACEMENT_3D('',#6880,#5544,#5545);
#4718=AXIS2_PLACEMENT_3D('',#6882,#5547,#5548);
#4719=AXIS2_PLACEMENT_3D('',#6886,#5551,#5552);
#4720=AXIS2_PLACEMENT_3D('',#6890,#5555,#5556);
#4721=AXIS2_PLACEMENT_3D('',#6892,#5558,#5559);
#4722=AXIS2_PLACEMENT_3D('',#6899,#5565,#5566);
#4723=AXIS2_PLACEMENT_3D('',#6905,#5570,#5571);
#4724=AXIS2_PLACEMENT_3D('',#6908,#5574,#5575);
#4725=AXIS2_PLACEMENT_3D('',#6910,#5577,#5578);
#4726=AXIS2_PLACEMENT_3D('',#6914,#5581,#5582);
#4727=AXIS2_PLACEMENT_3D('',#6918,#5585,#5586);
#4728=AXIS2_PLACEMENT_3D('',#6920,#5588,#5589);
#4729=AXIS2_PLACEMENT_3D('',#6924,#5592,#5593);
#4730=AXIS2_PLACEMENT_3D('',#6926,#5595,#5596);
#4731=AXIS2_PLACEMENT_3D('',#6928,#5598,#5599);
#4732=AXIS2_PLACEMENT_3D('',#6932,#5602,#5603);
#4733=AXIS2_PLACEMENT_3D('',#6936,#5606,#5607);
#4734=AXIS2_PLACEMENT_3D('',#6938,#5609,#5610);
#4735=AXIS2_PLACEMENT_3D('',#6945,#5616,#5617);
#4736=AXIS2_PLACEMENT_3D('',#6951,#5621,#5622);
#4737=AXIS2_PLACEMENT_3D('',#6954,#5625,#5626);
#4738=AXIS2_PLACEMENT_3D('',#6956,#5628,#5629);
#4739=AXIS2_PLACEMENT_3D('',#6960,#5632,#5633);
#4740=AXIS2_PLACEMENT_3D('',#6964,#5636,#5637);
#4741=AXIS2_PLACEMENT_3D('',#6966,#5639,#5640);
#4742=AXIS2_PLACEMENT_3D('',#6970,#5643,#5644);
#4743=AXIS2_PLACEMENT_3D('',#6972,#5646,#5647);
#4744=AXIS2_PLACEMENT_3D('',#6974,#5649,#5650);
#4745=AXIS2_PLACEMENT_3D('',#6978,#5653,#5654);
#4746=AXIS2_PLACEMENT_3D('',#6982,#5657,#5658);
#4747=AXIS2_PLACEMENT_3D('',#6984,#5660,#5661);
#4748=AXIS2_PLACEMENT_3D('',#6991,#5667,#5668);
#4749=AXIS2_PLACEMENT_3D('',#6997,#5672,#5673);
#4750=AXIS2_PLACEMENT_3D('',#7000,#5676,#5677);
#4751=AXIS2_PLACEMENT_3D('',#7004,#5680,#5681);
#4752=AXIS2_PLACEMENT_3D('',#7006,#5683,#5684);
#4753=AXIS2_PLACEMENT_3D('',#7008,#5686,#5687);
#4754=AXIS2_PLACEMENT_3D('',#7010,#5689,#5690);
#4755=AXIS2_PLACEMENT_3D('',#7012,#5692,#5693);
#4756=AXIS2_PLACEMENT_3D('',#7018,#5697,#5698);
#4757=AXIS2_PLACEMENT_3D('',#7022,#5701,#5702);
#4758=AXIS2_PLACEMENT_3D('',#7026,#5705,#5706);
#4759=AXIS2_PLACEMENT_3D('',#7032,#5710,#5711);
#4760=AXIS2_PLACEMENT_3D('',#7036,#5714,#5715);
#4761=AXIS2_PLACEMENT_3D('',#7042,#5719,#5720);
#4762=AXIS2_PLACEMENT_3D('',#7046,#5723,#5724);
#4763=AXIS2_PLACEMENT_3D('',#7048,#5726,#5727);
#4764=AXIS2_PLACEMENT_3D('',#7050,#5729,#5730);
#4765=AXIS2_PLACEMENT_3D('',#7054,#5733,#5734);
#4766=AXIS2_PLACEMENT_3D('',#7060,#5738,#5739);
#4767=AXIS2_PLACEMENT_3D('',#7064,#5742,#5743);
#4768=AXIS2_PLACEMENT_3D('',#7068,#5746,#5747);
#4769=AXIS2_PLACEMENT_3D('',#7072,#5750,#5751);
#4770=AXIS2_PLACEMENT_3D('',#7076,#5754,#5755);
#4771=AXIS2_PLACEMENT_3D('',#7080,#5758,#5759);
#4772=AXIS2_PLACEMENT_3D('',#7084,#5762,#5763);
#4773=AXIS2_PLACEMENT_3D('',#7086,#5765,#5766);
#4774=AXIS2_PLACEMENT_3D('',#7092,#5770,#5771);
#4775=AXIS2_PLACEMENT_3D('',#7096,#5774,#5775);
#4776=AXIS2_PLACEMENT_3D('',#7100,#5778,#5779);
#4777=AXIS2_PLACEMENT_3D('',#7104,#5782,#5783);
#4778=AXIS2_PLACEMENT_3D('',#7110,#5787,#5788);
#4779=AXIS2_PLACEMENT_3D('',#7114,#5791,#5792);
#4780=AXIS2_PLACEMENT_3D('',#7118,#5795,#5796);
#4781=AXIS2_PLACEMENT_3D('',#7122,#5799,#5800);
#4782=AXIS2_PLACEMENT_3D('',#7124,#5802,#5803);
#4783=AXIS2_PLACEMENT_3D('',#7126,#5805,#5806);
#4784=AXIS2_PLACEMENT_3D('',#7132,#5810,#5811);
#4785=AXIS2_PLACEMENT_3D('',#7138,#5815,#5816);
#4786=AXIS2_PLACEMENT_3D('',#7142,#5819,#5820);
#4787=AXIS2_PLACEMENT_3D('',#7148,#5824,#5825);
#4788=AXIS2_PLACEMENT_3D('',#7150,#5827,#5828);
#4789=AXIS2_PLACEMENT_3D('',#7154,#5831,#5832);
#4790=AXIS2_PLACEMENT_3D('',#7158,#5835,#5836);
#4791=AXIS2_PLACEMENT_3D('',#7162,#5839,#5840);
#4792=AXIS2_PLACEMENT_3D('',#7164,#5842,#5843);
#4793=AXIS2_PLACEMENT_3D('',#7166,#5845,#5846);
#4794=AXIS2_PLACEMENT_3D('',#7168,#5848,#5849);
#4795=AXIS2_PLACEMENT_3D('',#7171,#5852,#5853);
#4796=AXIS2_PLACEMENT_3D('',#7172,#5854,#5855);
#4797=AXIS2_PLACEMENT_3D('',#7174,#5857,#5858);
#4798=AXIS2_PLACEMENT_3D('',#7176,#5860,#5861);
#4799=AXIS2_PLACEMENT_3D('',#7179,#5864,#5865);
#4800=AXIS2_PLACEMENT_3D('',#7181,#5867,#5868);
#4801=AXIS2_PLACEMENT_3D('',#7183,#5870,#5871);
#4802=AXIS2_PLACEMENT_3D('',#7187,#5875,#5876);
#4803=AXIS2_PLACEMENT_3D('',#7191,#5880,#5881);
#4804=AXIS2_PLACEMENT_3D('',#7195,#5885,#5886);
#4805=AXIS2_PLACEMENT_3D('',#7199,#5890,#5891);
#4806=AXIS2_PLACEMENT_3D('',#7201,#5893,#5894);
#4807=AXIS2_PLACEMENT_3D('',#7203,#5896,#5897);
#4808=AXIS2_PLACEMENT_3D('',#7204,#5898,#5899);
#4809=AXIS2_PLACEMENT_3D('',#7206,#5901,#5902);
#4810=AXIS2_PLACEMENT_3D('',#7208,#5904,#5905);
#4811=AXIS2_PLACEMENT_3D('',#7209,#5906,#5907);
#4812=AXIS2_PLACEMENT_3D('',#7211,#5909,#5910);
#4813=AXIS2_PLACEMENT_3D('',#7213,#5912,#5913);
#4814=AXIS2_PLACEMENT_3D('',#7214,#5914,#5915);
#4815=AXIS2_PLACEMENT_3D('',#7216,#5917,#5918);
#4816=AXIS2_PLACEMENT_3D('',#7218,#5920,#5921);
#4817=AXIS2_PLACEMENT_3D('',#7219,#5922,#5923);
#4818=AXIS2_PLACEMENT_3D('',#7220,#5924,#5925);
#4819=AXIS2_PLACEMENT_3D('',#7221,#5926,#5927);
#4820=AXIS2_PLACEMENT_3D('',#7223,#5929,#5930);
#4821=AXIS2_PLACEMENT_3D('',#7225,#5932,#5933);
#4822=AXIS2_PLACEMENT_3D('',#7226,#5934,#5935);
#4823=AXIS2_PLACEMENT_3D('',#7228,#5937,#5938);
#4824=AXIS2_PLACEMENT_3D('',#7230,#5940,#5941);
#4825=AXIS2_PLACEMENT_3D('',#7231,#5942,#5943);
#4826=AXIS2_PLACEMENT_3D('',#7233,#5945,#5946);
#4827=AXIS2_PLACEMENT_3D('',#7235,#5948,#5949);
#4828=AXIS2_PLACEMENT_3D('',#7236,#5950,#5951);
#4829=AXIS2_PLACEMENT_3D('',#7238,#5953,#5954);
#4830=AXIS2_PLACEMENT_3D('',#7240,#5956,#5957);
#4831=AXIS2_PLACEMENT_3D('',#7241,#5958,#5959);
#4832=AXIS2_PLACEMENT_3D('',#7243,#5961,#5962);
#4833=AXIS2_PLACEMENT_3D('',#7245,#5964,#5965);
#4834=AXIS2_PLACEMENT_3D('',#7246,#5966,#5967);
#4835=AXIS2_PLACEMENT_3D('',#7248,#5969,#5970);
#4836=AXIS2_PLACEMENT_3D('',#7250,#5972,#5973);
#4837=AXIS2_PLACEMENT_3D('',#7251,#5974,#5975);
#4838=AXIS2_PLACEMENT_3D('',#7253,#5977,#5978);
#4839=AXIS2_PLACEMENT_3D('',#7255,#5980,#5981);
#4840=AXIS2_PLACEMENT_3D('',#7256,#5982,#5983);
#4841=DIRECTION('axis',(0.,0.,1.));
#4842=DIRECTION('refdir',(1.,0.,0.));
#4843=DIRECTION('center_axis',(-3.69770446460177E-16,0.,-1.));
#4844=DIRECTION('ref_axis',(1.,0.,-3.69770446460177E-16));
#4845=DIRECTION('',(0.,-1.,0.));
#4846=DIRECTION('',(1.,0.,-3.69770446460177E-16));
#4847=DIRECTION('',(0.,1.,0.));
#4848=DIRECTION('',(0.,1.,0.));
#4849=DIRECTION('',(0.,1.,0.));
#4850=DIRECTION('',(-1.,0.,3.69770446460177E-16));
#4851=DIRECTION('',(0.,-1.,0.));
#4852=DIRECTION('',(0.,-1.,0.));
#4853=DIRECTION('center_axis',(0.,-1.,0.));
#4854=DIRECTION('ref_axis',(1.,0.,0.));
#4855=DIRECTION('',(0.707106781186547,0.,-0.707106781186548));
#4856=DIRECTION('',(0.,0.,-1.));
#4857=DIRECTION('',(-0.707106781186548,0.,-0.707106781186547));
#4858=DIRECTION('',(0.,0.,-1.));
#4859=DIRECTION('',(0.707106781186548,0.,-0.707106781186547));
#4860=DIRECTION('',(1.,0.,0.));
#4861=DIRECTION('',(0.707106781186546,0.,0.707106781186549));
#4862=DIRECTION('',(0.,0.,1.));
#4863=DIRECTION('',(-0.707106781186546,0.,0.707106781186549));
#4864=DIRECTION('',(0.,0.,1.));
#4865=DIRECTION('',(-1.,0.,0.));
#4866=DIRECTION('',(0.,0.,-1.));
#4867=DIRECTION('',(-0.707106781186546,0.,-0.707106781186549));
#4868=DIRECTION('',(0.,0.,-1.));
#4869=DIRECTION('',(0.707106781186546,0.,-0.707106781186549));
#4870=DIRECTION('',(1.,0.,0.));
#4871=DIRECTION('',(0.707106781186546,0.,0.707106781186549));
#4872=DIRECTION('',(0.,0.,1.));
#4873=DIRECTION('',(-0.707106781186546,0.,0.707106781186549));
#4874=DIRECTION('',(0.,0.,1.));
#4875=DIRECTION('',(-1.,0.,0.));
#4876=DIRECTION('',(0.,0.,-1.));
#4877=DIRECTION('',(-0.707106781186546,0.,-0.707106781186549));
#4878=DIRECTION('',(0.,0.,-1.));
#4879=DIRECTION('',(0.707106781186546,0.,-0.707106781186549));
#4880=DIRECTION('',(1.,0.,0.));
#4881=DIRECTION('',(0.707106781186546,0.,0.707106781186549));
#4882=DIRECTION('',(0.,0.,1.));
#4883=DIRECTION('',(-0.707106781186546,0.,0.707106781186549));
#4884=DIRECTION('',(0.,0.,1.));
#4885=DIRECTION('',(-1.,0.,0.));
#4886=DIRECTION('',(0.,0.,-1.));
#4887=DIRECTION('',(-0.707106781186546,0.,-0.707106781186549));
#4888=DIRECTION('',(0.,0.,-1.));
#4889=DIRECTION('',(0.707106781186546,0.,-0.707106781186549));
#4890=DIRECTION('',(1.,0.,0.));
#4891=DIRECTION('',(0.707106781186546,0.,0.707106781186549));
#4892=DIRECTION('',(0.,0.,1.));
#4893=DIRECTION('',(-0.707106781186549,0.,0.707106781186546));
#4894=DIRECTION('',(0.,0.,1.));
#4895=DIRECTION('',(-1.,0.,0.));
#4896=DIRECTION('',(0.,0.,1.));
#4897=DIRECTION('',(-0.707106781186546,0.,0.707106781186549));
#4898=DIRECTION('',(-0.707106781186549,0.,-0.707106781186546));
#4899=DIRECTION('',(0.707106781186545,0.,-0.70710678118655));
#4900=DIRECTION('',(1.,0.,0.));
#4901=DIRECTION('',(-0.707106781186546,0.,0.707106781186549));
#4902=DIRECTION('',(-0.707106781186549,0.,-0.707106781186546));
#4903=DIRECTION('',(0.707106781186545,0.,-0.70710678118655));
#4904=DIRECTION('',(1.,0.,0.));
#4905=DIRECTION('',(-0.707106781186546,0.,0.707106781186549));
#4906=DIRECTION('',(-0.707106781186549,0.,-0.707106781186546));
#4907=DIRECTION('',(0.707106781186545,0.,-0.70710678118655));
#4908=DIRECTION('',(1.,0.,0.));
#4909=DIRECTION('',(-0.707106781186546,0.,0.707106781186549));
#4910=DIRECTION('',(-0.707106781186549,0.,-0.707106781186546));
#4911=DIRECTION('',(0.707106781186545,0.,-0.70710678118655));
#4912=DIRECTION('',(1.,0.,0.));
#4913=DIRECTION('',(-0.707106781186546,0.,0.707106781186549));
#4914=DIRECTION('',(-0.707106781186549,0.,-0.707106781186546));
#4915=DIRECTION('',(0.707106781186545,0.,-0.70710678118655));
#4916=DIRECTION('',(1.,0.,0.));
#4917=DIRECTION('',(-0.707106781186546,0.,0.707106781186549));
#4918=DIRECTION('',(-0.707106781186549,0.,-0.707106781186546));
#4919=DIRECTION('',(0.707106781186545,0.,-0.70710678118655));
#4920=DIRECTION('',(1.,0.,0.));
#4921=DIRECTION('',(-0.707106781186546,0.,0.707106781186549));
#4922=DIRECTION('',(-0.707106781186549,0.,-0.707106781186546));
#4923=DIRECTION('',(0.707106781186545,0.,-0.70710678118655));
#4924=DIRECTION('',(1.,0.,0.));
#4925=DIRECTION('',(-0.707106781186546,0.,0.707106781186549));
#4926=DIRECTION('',(-0.707106781186549,0.,-0.707106781186546));
#4927=DIRECTION('',(0.707106781186545,0.,-0.70710678118655));
#4928=DIRECTION('',(1.,0.,0.));
#4929=DIRECTION('',(-0.707106781186546,0.,0.707106781186549));
#4930=DIRECTION('',(-0.707106781186549,0.,-0.707106781186546));
#4931=DIRECTION('',(0.707106781186545,0.,-0.70710678118655));
#4932=DIRECTION('',(1.,0.,0.));
#4933=DIRECTION('',(-0.707106781186546,0.,0.707106781186549));
#4934=DIRECTION('',(-0.707106781186549,0.,-0.707106781186546));
#4935=DIRECTION('',(0.707106781186545,0.,-0.70710678118655));
#4936=DIRECTION('',(1.,0.,0.));
#4937=DIRECTION('',(-0.707106781186546,0.,0.707106781186549));
#4938=DIRECTION('',(-0.707106781186549,0.,-0.707106781186546));
#4939=DIRECTION('',(0.707106781186545,0.,-0.70710678118655));
#4940=DIRECTION('',(1.,0.,0.));
#4941=DIRECTION('',(-0.707106781186546,0.,0.707106781186549));
#4942=DIRECTION('',(-0.707106781186549,0.,-0.707106781186546));
#4943=DIRECTION('',(0.707106781186545,0.,-0.70710678118655));
#4944=DIRECTION('',(1.,0.,0.));
#4945=DIRECTION('',(-0.707106781186546,0.,0.707106781186549));
#4946=DIRECTION('',(-0.707106781186549,0.,-0.707106781186546));
#4947=DIRECTION('',(0.707106781186545,0.,-0.70710678118655));
#4948=DIRECTION('',(1.,0.,0.));
#4949=DIRECTION('',(-0.707106781186547,0.,0.707106781186548));
#4950=DIRECTION('',(-0.707106781186549,0.,-0.707106781186546));
#4951=DIRECTION('',(0.707106781186546,0.,-0.707106781186549));
#4952=DIRECTION('',(1.,0.,0.));
#4953=DIRECTION('',(-0.707106781186546,0.,0.707106781186549));
#4954=DIRECTION('',(-0.707106781186549,0.,-0.707106781186546));
#4955=DIRECTION('center_axis',(0.,0.866025403784438,-0.5));
#4956=DIRECTION('ref_axis',(0.,-0.5,-0.866025403784438));
#4957=DIRECTION('',(-0.654653670707975,0.377964473009228,0.654653670707979));
#4958=DIRECTION('',(-1.,0.,0.));
#4959=DIRECTION('',(0.654653670707976,-0.377964473009228,-0.654653670707978));
#4960=DIRECTION('',(0.654653670707978,0.377964473009227,0.654653670707976));
#4961=DIRECTION('center_axis',(-1.,0.,0.));
#4962=DIRECTION('ref_axis',(0.,-1.,0.));
#4963=DIRECTION('',(0.,0.,1.));
#4964=DIRECTION('',(0.,1.,0.));
#4965=DIRECTION('center_axis',(0.,-0.866025403784439,-0.5));
#4966=DIRECTION('ref_axis',(0.,-0.5,0.866025403784439));
#4967=DIRECTION('',(-0.654653670707976,-0.377964473009228,0.654653670707978));
#4968=DIRECTION('',(-1.,0.,0.));
#4969=DIRECTION('',(0.654653670707975,0.377964473009228,-0.654653670707979));
#4970=DIRECTION('',(-0.654653670707978,0.377964473009227,-0.654653670707976));
#4971=DIRECTION('center_axis',(0.,-0.866025403784439,-0.5));
#4972=DIRECTION('ref_axis',(0.,-0.5,0.866025403784439));
#4973=DIRECTION('',(-0.654653670707976,-0.377964473009228,0.654653670707978));
#4974=DIRECTION('',(-1.,0.,0.));
#4975=DIRECTION('',(0.654653670707975,0.377964473009228,-0.654653670707979));
#4976=DIRECTION('',(-0.654653670707978,0.377964473009227,-0.654653670707976));
#4977=DIRECTION('center_axis',(0.,-0.866025403784439,-0.5));
#4978=DIRECTION('ref_axis',(0.,-0.5,0.866025403784439));
#4979=DIRECTION('',(0.654653670707975,0.377964473009228,-0.654653670707979));
#4980=DIRECTION('',(-0.654653670707978,0.377964473009227,-0.654653670707976));
#4981=DIRECTION('',(-0.654653670707976,-0.377964473009228,0.654653670707978));
#4982=DIRECTION('',(-1.,0.,0.));
#4983=DIRECTION('center_axis',(0.,-0.866025403784439,-0.5));
#4984=DIRECTION('ref_axis',(0.,-0.5,0.866025403784439));
#4985=DIRECTION('',(-0.654653670707976,-0.377964473009228,0.654653670707978));
#4986=DIRECTION('',(-1.,0.,0.));
#4987=DIRECTION('',(0.654653670707975,0.377964473009228,-0.654653670707979));
#4988=DIRECTION('',(-0.654653670707978,0.377964473009227,-0.654653670707976));
#4989=DIRECTION('center_axis',(0.,-0.866025403784439,-0.5));
#4990=DIRECTION('ref_axis',(0.,-0.5,0.866025403784439));
#4991=DIRECTION('',(0.654653670707975,0.377964473009228,-0.654653670707979));
#4992=DIRECTION('',(-0.654653670707978,0.377964473009227,-0.654653670707976));
#4993=DIRECTION('',(-0.654653670707976,-0.377964473009228,0.654653670707978));
#4994=DIRECTION('',(-1.,0.,0.));
#4995=DIRECTION('center_axis',(0.,-0.866025403784439,-0.5));
#4996=DIRECTION('ref_axis',(0.,-0.5,0.866025403784439));
#4997=DIRECTION('',(-0.654653670707976,-0.377964473009228,0.654653670707978));
#4998=DIRECTION('',(-1.,0.,0.));
#4999=DIRECTION('',(0.654653670707975,0.377964473009228,-0.654653670707979));
#5000=DIRECTION('',(-0.654653670707978,0.377964473009227,-0.654653670707976));
#5001=DIRECTION('center_axis',(0.,-0.866025403784439,-0.5));
#5002=DIRECTION('ref_axis',(0.,-0.5,0.866025403784439));
#5003=DIRECTION('',(0.654653670707975,0.377964473009228,-0.654653670707979));
#5004=DIRECTION('',(-0.654653670707978,0.377964473009227,-0.654653670707976));
#5005=DIRECTION('',(-0.654653670707976,-0.377964473009228,0.654653670707978));
#5006=DIRECTION('',(-1.,0.,0.));
#5007=DIRECTION('center_axis',(0.,-0.866025403784439,-0.5));
#5008=DIRECTION('ref_axis',(0.,-0.5,0.866025403784439));
#5009=DIRECTION('',(-0.654653670707976,-0.377964473009228,0.654653670707978));
#5010=DIRECTION('',(-1.,0.,0.));
#5011=DIRECTION('',(0.654653670707975,0.377964473009228,-0.654653670707979));
#5012=DIRECTION('',(-0.654653670707978,0.377964473009227,-0.654653670707976));
#5013=DIRECTION('center_axis',(0.,-0.866025403784439,-0.5));
#5014=DIRECTION('ref_axis',(0.,-0.5,0.866025403784439));
#5015=DIRECTION('',(0.654653670707975,0.377964473009228,-0.654653670707979));
#5016=DIRECTION('',(-0.654653670707978,0.377964473009227,-0.654653670707976));
#5017=DIRECTION('',(-0.654653670707976,-0.377964473009228,0.654653670707978));
#5018=DIRECTION('',(-1.,0.,0.));
#5019=DIRECTION('center_axis',(0.,-0.866025403784439,-0.5));
#5020=DIRECTION('ref_axis',(0.,-0.5,0.866025403784439));
#5021=DIRECTION('',(-0.654653670707976,-0.377964473009228,0.654653670707978));
#5022=DIRECTION('',(-1.,0.,0.));
#5023=DIRECTION('',(0.654653670707975,0.377964473009228,-0.654653670707979));
#5024=DIRECTION('',(-0.654653670707978,0.377964473009227,-0.654653670707976));
#5025=DIRECTION('center_axis',(0.,-0.866025403784439,-0.5));
#5026=DIRECTION('ref_axis',(0.,-0.5,0.866025403784439));
#5027=DIRECTION('',(0.654653670707975,0.377964473009228,-0.654653670707979));
#5028=DIRECTION('',(-0.654653670707978,0.377964473009227,-0.654653670707976));
#5029=DIRECTION('',(-0.654653670707976,-0.377964473009228,0.654653670707978));
#5030=DIRECTION('',(-1.,0.,0.));
#5031=DIRECTION('center_axis',(0.,-0.866025403784439,-0.5));
#5032=DIRECTION('ref_axis',(0.,-0.5,0.866025403784439));
#5033=DIRECTION('',(-0.654653670707976,-0.377964473009228,0.654653670707978));
#5034=DIRECTION('',(-1.,0.,0.));
#5035=DIRECTION('',(0.654653670707975,0.377964473009228,-0.654653670707979));
#5036=DIRECTION('',(-0.654653670707978,0.377964473009227,-0.654653670707976));
#5037=DIRECTION('center_axis',(0.,-0.866025403784439,-0.5));
#5038=DIRECTION('ref_axis',(0.,-0.5,0.866025403784439));
#5039=DIRECTION('',(0.654653670707976,0.377964473009228,-0.654653670707978));
#5040=DIRECTION('',(-0.654653670707978,0.377964473009227,-0.654653670707976));
#5041=DIRECTION('',(-0.654653670707977,-0.377964473009227,0.654653670707978));
#5042=DIRECTION('',(-1.,0.,0.));
#5043=DIRECTION('center_axis',(0.,-0.866025403784439,-0.5));
#5044=DIRECTION('ref_axis',(0.,-0.5,0.866025403784439));
#5045=DIRECTION('',(-0.654653670707976,-0.377964473009228,0.654653670707978));
#5046=DIRECTION('',(-1.,0.,0.));
#5047=DIRECTION('',(0.654653670707975,0.377964473009228,-0.654653670707979));
#5048=DIRECTION('',(-0.654653670707978,0.377964473009227,-0.654653670707976));
#5049=DIRECTION('center_axis',(0.,0.866025403784438,-0.5));
#5050=DIRECTION('ref_axis',(0.,-0.5,-0.866025403784438));
#5051=DIRECTION('',(0.654653670707976,-0.377964473009228,-0.654653670707978));
#5052=DIRECTION('',(0.654653670707978,0.377964473009227,0.654653670707976));
#5053=DIRECTION('',(-0.654653670707975,0.377964473009228,0.654653670707979));
#5054=DIRECTION('center_axis',(0.,0.866025403784438,-0.5));
#5055=DIRECTION('ref_axis',(0.,-0.5,-0.866025403784438));
#5056=DIRECTION('',(-0.654653670707975,0.377964473009228,0.654653670707979));
#5057=DIRECTION('',(0.654653670707976,-0.377964473009228,-0.654653670707978));
#5058=DIRECTION('',(0.654653670707978,0.377964473009227,0.654653670707976));
#5059=DIRECTION('center_axis',(0.,0.866025403784438,-0.5));
#5060=DIRECTION('ref_axis',(0.,-0.5,-0.866025403784438));
#5061=DIRECTION('',(0.654653670707976,-0.377964473009228,-0.654653670707978));
#5062=DIRECTION('',(0.654653670707978,0.377964473009227,0.654653670707976));
#5063=DIRECTION('',(-0.654653670707975,0.377964473009228,0.654653670707979));
#5064=DIRECTION('center_axis',(0.,0.866025403784438,-0.5));
#5065=DIRECTION('ref_axis',(0.,-0.5,-0.866025403784438));
#5066=DIRECTION('',(-0.654653670707975,0.377964473009228,0.654653670707979));
#5067=DIRECTION('',(0.654653670707976,-0.377964473009228,-0.654653670707978));
#5068=DIRECTION('',(0.654653670707978,0.377964473009227,0.654653670707976));
#5069=DIRECTION('center_axis',(0.,0.866025403784438,-0.5));
#5070=DIRECTION('ref_axis',(0.,-0.5,-0.866025403784438));
#5071=DIRECTION('',(0.654653670707976,-0.377964473009228,-0.654653670707978));
#5072=DIRECTION('',(0.654653670707978,0.377964473009227,0.654653670707976));
#5073=DIRECTION('',(-0.654653670707975,0.377964473009228,0.654653670707979));
#5074=DIRECTION('center_axis',(0.,0.866025403784438,-0.5));
#5075=DIRECTION('ref_axis',(0.,-0.5,-0.866025403784438));
#5076=DIRECTION('',(-0.654653670707975,0.377964473009228,0.654653670707979));
#5077=DIRECTION('',(0.654653670707976,-0.377964473009228,-0.654653670707978));
#5078=DIRECTION('',(0.654653670707978,0.377964473009227,0.654653670707976));
#5079=DIRECTION('center_axis',(0.,0.866025403784438,-0.5));
#5080=DIRECTION('ref_axis',(0.,-0.5,-0.866025403784438));
#5081=DIRECTION('',(0.654653670707976,-0.377964473009228,-0.654653670707978));
#5082=DIRECTION('',(0.654653670707978,0.377964473009227,0.654653670707976));
#5083=DIRECTION('',(-0.654653670707975,0.377964473009228,0.654653670707979));
#5084=DIRECTION('center_axis',(0.,0.866025403784438,-0.5));
#5085=DIRECTION('ref_axis',(0.,-0.5,-0.866025403784438));
#5086=DIRECTION('',(-0.654653670707975,0.377964473009228,0.654653670707979));
#5087=DIRECTION('',(0.654653670707976,-0.377964473009228,-0.654653670707978));
#5088=DIRECTION('',(0.654653670707978,0.377964473009227,0.654653670707976));
#5089=DIRECTION('center_axis',(0.,0.866025403784438,-0.5));
#5090=DIRECTION('ref_axis',(0.,-0.5,-0.866025403784438));
#5091=DIRECTION('',(0.654653670707976,-0.377964473009228,-0.654653670707978));
#5092=DIRECTION('',(0.654653670707978,0.377964473009227,0.654653670707976));
#5093=DIRECTION('',(-0.654653670707975,0.377964473009228,0.654653670707979));
#5094=DIRECTION('center_axis',(0.,0.866025403784438,-0.5));
#5095=DIRECTION('ref_axis',(0.,-0.5,-0.866025403784438));
#5096=DIRECTION('',(-0.654653670707975,0.377964473009228,0.654653670707979));
#5097=DIRECTION('',(0.654653670707976,-0.377964473009228,-0.654653670707978));
#5098=DIRECTION('',(0.654653670707978,0.377964473009227,0.654653670707976));
#5099=DIRECTION('center_axis',(0.,0.866025403784438,-0.5));
#5100=DIRECTION('ref_axis',(0.,-0.5,-0.866025403784438));
#5101=DIRECTION('',(0.654653670707976,-0.377964473009228,-0.654653670707978));
#5102=DIRECTION('',(0.654653670707978,0.377964473009227,0.654653670707976));
#5103=DIRECTION('',(-0.654653670707975,0.377964473009228,0.654653670707979));
#5104=DIRECTION('center_axis',(0.,0.866025403784438,-0.5));
#5105=DIRECTION('ref_axis',(0.,-0.5,-0.866025403784438));
#5106=DIRECTION('',(-0.654653670707976,0.377964473009228,0.654653670707978));
#5107=DIRECTION('',(0.654653670707977,-0.377964473009228,-0.654653670707978));
#5108=DIRECTION('',(0.654653670707978,0.377964473009227,0.654653670707976));
#5109=DIRECTION('center_axis',(0.,0.866025403784438,-0.5));
#5110=DIRECTION('ref_axis',(0.,-0.5,-0.866025403784438));
#5111=DIRECTION('',(0.654653670707976,-0.377964473009228,-0.654653670707978));
#5112=DIRECTION('',(0.654653670707978,0.377964473009227,0.654653670707976));
#5113=DIRECTION('',(-0.654653670707975,0.377964473009228,0.654653670707979));
#5114=DIRECTION('center_axis',(0.,0.866025403784438,-0.5));
#5115=DIRECTION('ref_axis',(0.,-0.5,-0.866025403784438));
#5116=DIRECTION('',(-0.654653670707975,0.377964473009228,0.654653670707979));
#5117=DIRECTION('',(-1.,0.,0.));
#5118=DIRECTION('',(0.654653670707976,-0.377964473009228,-0.654653670707978));
#5119=DIRECTION('',(0.654653670707978,0.377964473009227,0.654653670707976));
#5120=DIRECTION('center_axis',(0.,0.866025403784438,-0.5));
#5121=DIRECTION('ref_axis',(0.,-0.5,-0.866025403784438));
#5122=DIRECTION('',(0.654653670707976,-0.377964473009228,-0.654653670707978));
#5123=DIRECTION('',(0.654653670707978,0.377964473009227,0.654653670707976));
#5124=DIRECTION('',(-0.654653670707975,0.377964473009228,0.654653670707979));
#5125=DIRECTION('center_axis',(0.,-0.866025403784439,-0.5));
#5126=DIRECTION('ref_axis',(0.,-0.5,0.866025403784439));
#5127=DIRECTION('',(0.654653670707975,0.377964473009228,-0.654653670707979));
#5128=DIRECTION('',(-0.654653670707978,0.377964473009227,-0.654653670707976));
#5129=DIRECTION('',(-0.654653670707976,-0.377964473009228,0.654653670707978));
#5130=DIRECTION('center_axis',(0.,-0.866025403784439,-0.5));
#5131=DIRECTION('ref_axis',(0.,-0.5,0.866025403784439));
#5132=DIRECTION('',(-0.654653670707976,-0.377964473009228,0.654653670707978));
#5133=DIRECTION('',(-1.,0.,0.));
#5134=DIRECTION('',(0.654653670707975,0.377964473009228,-0.654653670707979));
#5135=DIRECTION('',(-0.654653670707978,0.377964473009227,-0.654653670707976));
#5136=DIRECTION('center_axis',(0.,-0.866025403784439,-0.5));
#5137=DIRECTION('ref_axis',(0.,-0.5,0.866025403784439));
#5138=DIRECTION('',(-0.654653670707976,-0.377964473009228,0.654653670707978));
#5139=DIRECTION('',(-1.,0.,0.));
#5140=DIRECTION('',(0.654653670707975,0.377964473009228,-0.654653670707979));
#5141=DIRECTION('',(-0.654653670707978,0.377964473009227,-0.654653670707976));
#5142=DIRECTION('center_axis',(0.,-0.866025403784439,-0.5));
#5143=DIRECTION('ref_axis',(0.,-0.5,0.866025403784439));
#5144=DIRECTION('',(0.654653670707975,0.377964473009228,-0.654653670707979));
#5145=DIRECTION('',(-0.654653670707978,0.377964473009227,-0.654653670707976));
#5146=DIRECTION('',(-0.654653670707976,-0.377964473009228,0.654653670707978));
#5147=DIRECTION('',(-1.,0.,0.));
#5148=DIRECTION('center_axis',(0.,-0.866025403784439,-0.5));
#5149=DIRECTION('ref_axis',(0.,-0.5,0.866025403784439));
#5150=DIRECTION('',(-0.654653670707976,-0.377964473009228,0.654653670707978));
#5151=DIRECTION('',(-1.,0.,0.));
#5152=DIRECTION('',(0.654653670707975,0.377964473009228,-0.654653670707979));
#5153=DIRECTION('',(-0.654653670707978,0.377964473009227,-0.654653670707976));
#5154=DIRECTION('center_axis',(0.,-0.866025403784439,-0.5));
#5155=DIRECTION('ref_axis',(0.,-0.5,0.866025403784439));
#5156=DIRECTION('',(0.654653670707975,0.377964473009228,-0.654653670707979));
#5157=DIRECTION('',(-0.654653670707978,0.377964473009227,-0.654653670707976));
#5158=DIRECTION('',(-0.654653670707976,-0.377964473009228,0.654653670707978));
#5159=DIRECTION('',(-1.,0.,0.));
#5160=DIRECTION('center_axis',(0.,-0.866025403784439,-0.5));
#5161=DIRECTION('ref_axis',(0.,-0.5,0.866025403784439));
#5162=DIRECTION('',(-0.654653670707976,-0.377964473009228,0.654653670707978));
#5163=DIRECTION('',(-1.,0.,0.));
#5164=DIRECTION('',(0.654653670707975,0.377964473009228,-0.654653670707979));
#5165=DIRECTION('',(-0.654653670707978,0.377964473009227,-0.654653670707976));
#5166=DIRECTION('center_axis',(0.,-0.866025403784439,-0.5));
#5167=DIRECTION('ref_axis',(0.,-0.5,0.866025403784439));
#5168=DIRECTION('',(0.654653670707975,0.377964473009228,-0.654653670707979));
#5169=DIRECTION('',(-0.654653670707978,0.377964473009227,-0.654653670707976));
#5170=DIRECTION('',(-0.654653670707976,-0.377964473009228,0.654653670707978));
#5171=DIRECTION('',(-1.,0.,0.));
#5172=DIRECTION('center_axis',(0.,-0.866025403784439,-0.5));
#5173=DIRECTION('ref_axis',(0.,-0.5,0.866025403784439));
#5174=DIRECTION('',(-0.654653670707976,-0.377964473009228,0.654653670707978));
#5175=DIRECTION('',(-1.,0.,0.));
#5176=DIRECTION('',(0.654653670707975,0.377964473009228,-0.654653670707979));
#5177=DIRECTION('',(-0.654653670707978,0.377964473009227,-0.654653670707976));
#5178=DIRECTION('center_axis',(0.,-0.866025403784439,-0.5));
#5179=DIRECTION('ref_axis',(0.,-0.5,0.866025403784439));
#5180=DIRECTION('',(0.654653670707975,0.377964473009228,-0.654653670707979));
#5181=DIRECTION('',(-0.654653670707978,0.377964473009227,-0.654653670707976));
#5182=DIRECTION('',(-0.654653670707976,-0.377964473009228,0.654653670707978));
#5183=DIRECTION('',(-1.,0.,0.));
#5184=DIRECTION('center_axis',(0.,-0.866025403784439,-0.5));
#5185=DIRECTION('ref_axis',(0.,-0.5,0.866025403784439));
#5186=DIRECTION('',(-0.654653670707976,-0.377964473009228,0.654653670707978));
#5187=DIRECTION('',(-1.,0.,0.));
#5188=DIRECTION('',(0.654653670707975,0.377964473009228,-0.654653670707979));
#5189=DIRECTION('',(-0.654653670707978,0.377964473009227,-0.654653670707976));
#5190=DIRECTION('center_axis',(0.,-0.866025403784439,-0.5));
#5191=DIRECTION('ref_axis',(0.,-0.5,0.866025403784439));
#5192=DIRECTION('',(0.654653670707975,0.377964473009228,-0.654653670707979));
#5193=DIRECTION('',(-0.654653670707978,0.377964473009227,-0.654653670707976));
#5194=DIRECTION('',(-0.654653670707976,-0.377964473009228,0.654653670707978));
#5195=DIRECTION('',(-1.,0.,0.));
#5196=DIRECTION('center_axis',(0.,-0.866025403784439,-0.5));
#5197=DIRECTION('ref_axis',(0.,-0.5,0.866025403784439));
#5198=DIRECTION('',(-0.654653670707976,-0.377964473009228,0.654653670707978));
#5199=DIRECTION('',(-1.,0.,0.));
#5200=DIRECTION('',(0.654653670707975,0.377964473009228,-0.654653670707979));
#5201=DIRECTION('',(-0.654653670707978,0.377964473009227,-0.654653670707976));
#5202=DIRECTION('center_axis',(0.,-0.866025403784439,-0.5));
#5203=DIRECTION('ref_axis',(0.,-0.5,0.866025403784439));
#5204=DIRECTION('',(0.654653670707976,0.377964473009227,-0.654653670707978));
#5205=DIRECTION('',(-0.654653670707978,0.377964473009227,-0.654653670707976));
#5206=DIRECTION('',(-0.654653670707977,-0.377964473009227,0.654653670707978));
#5207=DIRECTION('',(-1.,0.,0.));
#5208=DIRECTION('center_axis',(0.,-0.866025403784439,-0.5));
#5209=DIRECTION('ref_axis',(0.,-0.5,0.866025403784439));
#5210=DIRECTION('',(-0.654653670707976,-0.377964473009228,0.654653670707978));
#5211=DIRECTION('',(-1.,0.,0.));
#5212=DIRECTION('',(0.654653670707975,0.377964473009228,-0.654653670707979));
#5213=DIRECTION('',(-0.654653670707978,0.377964473009227,-0.654653670707976));
#5214=DIRECTION('center_axis',(0.,0.866025403784438,-0.5));
#5215=DIRECTION('ref_axis',(0.,-0.5,-0.866025403784438));
#5216=DIRECTION('',(0.654653670707976,-0.377964473009228,-0.654653670707978));
#5217=DIRECTION('',(0.654653670707978,0.377964473009227,0.654653670707976));
#5218=DIRECTION('',(-0.654653670707975,0.377964473009228,0.654653670707979));
#5219=DIRECTION('center_axis',(0.,0.866025403784438,-0.5));
#5220=DIRECTION('ref_axis',(0.,-0.5,-0.866025403784438));
#5221=DIRECTION('',(-0.654653670707975,0.377964473009228,0.654653670707979));
#5222=DIRECTION('',(0.654653670707976,-0.377964473009228,-0.654653670707978));
#5223=DIRECTION('',(0.654653670707978,0.377964473009227,0.654653670707976));
#5224=DIRECTION('center_axis',(0.,0.866025403784438,-0.5));
#5225=DIRECTION('ref_axis',(0.,-0.5,-0.866025403784438));
#5226=DIRECTION('',(0.654653670707976,-0.377964473009228,-0.654653670707978));
#5227=DIRECTION('',(0.654653670707978,0.377964473009227,0.654653670707976));
#5228=DIRECTION('',(-0.654653670707975,0.377964473009228,0.654653670707979));
#5229=DIRECTION('center_axis',(0.,0.866025403784438,-0.5));
#5230=DIRECTION('ref_axis',(0.,-0.5,-0.866025403784438));
#5231=DIRECTION('',(-0.654653670707975,0.377964473009228,0.654653670707979));
#5232=DIRECTION('',(0.654653670707976,-0.377964473009228,-0.654653670707978));
#5233=DIRECTION('',(0.654653670707978,0.377964473009227,0.654653670707976));
#5234=DIRECTION('center_axis',(0.,0.866025403784438,-0.5));
#5235=DIRECTION('ref_axis',(0.,-0.5,-0.866025403784438));
#5236=DIRECTION('',(0.654653670707976,-0.377964473009228,-0.654653670707978));
#5237=DIRECTION('',(0.654653670707978,0.377964473009227,0.654653670707976));
#5238=DIRECTION('',(-0.654653670707975,0.377964473009228,0.654653670707979));
#5239=DIRECTION('center_axis',(0.,0.866025403784438,-0.5));
#5240=DIRECTION('ref_axis',(0.,-0.5,-0.866025403784438));
#5241=DIRECTION('',(-0.654653670707975,0.377964473009228,0.654653670707979));
#5242=DIRECTION('',(0.654653670707976,-0.377964473009228,-0.654653670707978));
#5243=DIRECTION('',(0.654653670707978,0.377964473009227,0.654653670707976));
#5244=DIRECTION('center_axis',(0.,0.866025403784438,-0.5));
#5245=DIRECTION('ref_axis',(0.,-0.5,-0.866025403784438));
#5246=DIRECTION('',(0.654653670707976,-0.377964473009228,-0.654653670707978));
#5247=DIRECTION('',(0.654653670707978,0.377964473009227,0.654653670707976));
#5248=DIRECTION('',(-0.654653670707975,0.377964473009228,0.654653670707979));
#5249=DIRECTION('center_axis',(0.,0.866025403784438,-0.5));
#5250=DIRECTION('ref_axis',(0.,-0.5,-0.866025403784438));
#5251=DIRECTION('',(-0.654653670707975,0.377964473009228,0.654653670707979));
#5252=DIRECTION('',(0.654653670707976,-0.377964473009228,-0.654653670707978));
#5253=DIRECTION('',(0.654653670707978,0.377964473009227,0.654653670707976));
#5254=DIRECTION('center_axis',(0.,0.866025403784438,-0.5));
#5255=DIRECTION('ref_axis',(0.,-0.5,-0.866025403784438));
#5256=DIRECTION('',(0.654653670707976,-0.377964473009228,-0.654653670707978));
#5257=DIRECTION('',(0.654653670707978,0.377964473009227,0.654653670707976));
#5258=DIRECTION('',(-0.654653670707975,0.377964473009228,0.654653670707979));
#5259=DIRECTION('center_axis',(0.,0.866025403784438,-0.5));
#5260=DIRECTION('ref_axis',(0.,-0.5,-0.866025403784438));
#5261=DIRECTION('',(-0.654653670707975,0.377964473009228,0.654653670707979));
#5262=DIRECTION('',(0.654653670707976,-0.377964473009228,-0.654653670707978));
#5263=DIRECTION('',(0.654653670707978,0.377964473009227,0.654653670707976));
#5264=DIRECTION('center_axis',(0.,0.866025403784438,-0.5));
#5265=DIRECTION('ref_axis',(0.,-0.5,-0.866025403784438));
#5266=DIRECTION('',(0.654653670707976,-0.377964473009228,-0.654653670707978));
#5267=DIRECTION('',(0.654653670707978,0.377964473009227,0.654653670707976));
#5268=DIRECTION('',(-0.654653670707975,0.377964473009228,0.654653670707979));
#5269=DIRECTION('center_axis',(0.,0.866025403784438,-0.5));
#5270=DIRECTION('ref_axis',(0.,-0.5,-0.866025403784438));
#5271=DIRECTION('',(-0.654653670707976,0.377964473009228,0.654653670707978));
#5272=DIRECTION('',(0.654653670707977,-0.377964473009228,-0.654653670707978));
#5273=DIRECTION('',(0.654653670707978,0.377964473009227,0.654653670707976));
#5274=DIRECTION('center_axis',(0.,0.866025403784438,-0.5));
#5275=DIRECTION('ref_axis',(0.,-0.5,-0.866025403784438));
#5276=DIRECTION('',(0.654653670707976,-0.377964473009228,-0.654653670707978));
#5277=DIRECTION('',(0.654653670707978,0.377964473009227,0.654653670707976));
#5278=DIRECTION('',(-0.654653670707975,0.377964473009228,0.654653670707979));
#5279=DIRECTION('center_axis',(0.,0.866025403784438,-0.5));
#5280=DIRECTION('ref_axis',(0.,-0.5,-0.866025403784438));
#5281=DIRECTION('',(0.654653670707976,-0.377964473009228,-0.654653670707978));
#5282=DIRECTION('',(0.654653670707978,0.377964473009227,0.654653670707976));
#5283=DIRECTION('',(-0.654653670707975,0.377964473009228,0.654653670707979));
#5284=DIRECTION('center_axis',(0.,-0.866025403784439,-0.5));
#5285=DIRECTION('ref_axis',(0.,-0.5,0.866025403784439));
#5286=DIRECTION('',(0.654653670707975,0.377964473009228,-0.654653670707979));
#5287=DIRECTION('',(-0.654653670707978,0.377964473009227,-0.654653670707976));
#5288=DIRECTION('',(-0.654653670707976,-0.377964473009228,0.654653670707978));
#5289=DIRECTION('center_axis',(-0.70710678118655,0.,-0.707106781186545));
#5290=DIRECTION('ref_axis',(-0.707106781186545,0.,0.70710678118655));
#5291=DIRECTION('',(0.,1.,0.));
#5292=DIRECTION('',(-0.707106781186547,0.,0.707106781186548));
#5293=DIRECTION('center_axis',(-0.70710678118655,0.,-0.707106781186545));
#5294=DIRECTION('ref_axis',(-0.707106781186545,0.,0.70710678118655));
#5295=DIRECTION('',(0.,1.,0.));
#5296=DIRECTION('center_axis',(0.707106781186549,0.,0.707106781186546));
#5297=DIRECTION('ref_axis',(0.707106781186546,0.,-0.707106781186549));
#5298=DIRECTION('',(0.,1.,0.));
#5299=DIRECTION('',(0.707106781186546,0.,-0.707106781186549));
#5300=DIRECTION('',(0.,1.,0.));
#5301=DIRECTION('center_axis',(0.707106781186549,0.,0.707106781186546));
#5302=DIRECTION('ref_axis',(0.707106781186546,0.,-0.707106781186549));
#5303=DIRECTION('',(0.,1.,0.));
#5304=DIRECTION('',(0.,1.,0.));
#5305=DIRECTION('center_axis',(-0.707106781186546,0.,0.707106781186549));
#5306=DIRECTION('ref_axis',(0.707106781186549,0.,0.707106781186546));
#5307=DIRECTION('',(0.707106781186549,0.,0.707106781186546));
#5308=DIRECTION('',(0.,1.,0.));
#5309=DIRECTION('center_axis',(-0.707106781186546,0.,0.707106781186549));
#5310=DIRECTION('ref_axis',(0.707106781186549,0.,0.707106781186546));
#5311=DIRECTION('',(0.,1.,0.));
#5312=DIRECTION('',(0.,1.,0.));
#5313=DIRECTION('center_axis',(-0.707106781186546,0.,0.707106781186549));
#5314=DIRECTION('ref_axis',(0.707106781186549,0.,0.707106781186546));
#5315=DIRECTION('',(0.,1.,0.));
#5316=DIRECTION('center_axis',(-0.707106781186546,0.,0.707106781186549));
#5317=DIRECTION('ref_axis',(0.707106781186549,0.,0.707106781186546));
#5318=DIRECTION('',(0.,1.,0.));
#5319=DIRECTION('',(0.707106781186549,0.,0.707106781186546));
#5320=DIRECTION('center_axis',(-0.707106781186546,0.,0.707106781186549));
#5321=DIRECTION('ref_axis',(0.707106781186549,0.,0.707106781186546));
#5322=DIRECTION('',(0.,1.,0.));
#5323=DIRECTION('center_axis',(-0.70710678118655,0.,-0.707106781186545));
#5324=DIRECTION('ref_axis',(-0.707106781186545,0.,0.70710678118655));
#5325=DIRECTION('',(-0.707106781186545,0.,0.70710678118655));
#5326=DIRECTION('',(0.,-1.,0.));
#5327=DIRECTION('center_axis',(-0.70710678118655,0.,-0.707106781186545));
#5328=DIRECTION('ref_axis',(-0.707106781186545,0.,0.70710678118655));
#5329=DIRECTION('',(0.,-1.,0.));
#5330=DIRECTION('center_axis',(-0.70710678118655,0.,-0.707106781186545));
#5331=DIRECTION('ref_axis',(-0.707106781186545,0.,0.70710678118655));
#5332=DIRECTION('',(0.,-1.,0.));
#5333=DIRECTION('center_axis',(0.707106781186549,0.,0.707106781186546));
#5334=DIRECTION('ref_axis',(0.707106781186546,0.,-0.707106781186549));
#5335=DIRECTION('',(0.,1.,0.));
#5336=DIRECTION('',(0.707106781186546,0.,-0.707106781186549));
#5337=DIRECTION('center_axis',(0.707106781186549,0.,0.707106781186546));
#5338=DIRECTION('ref_axis',(0.707106781186546,0.,-0.707106781186549));
#5339=DIRECTION('',(0.,1.,0.));
#5340=DIRECTION('center_axis',(0.,0.,1.));
#5341=DIRECTION('ref_axis',(1.,0.,0.));
#5342=DIRECTION('',(0.,-1.,0.));
#5343=DIRECTION('',(0.,-1.,0.));
#5344=DIRECTION('',(-1.,0.,0.));
#5345=DIRECTION('',(0.,1.,0.));
#5346=DIRECTION('',(0.,-1.,0.));
#5347=DIRECTION('center_axis',(0.707106781186549,0.,0.707106781186546));
#5348=DIRECTION('ref_axis',(0.707106781186546,0.,-0.707106781186549));
#5349=DIRECTION('',(0.,1.,0.));
#5350=DIRECTION('',(0.707106781186546,0.,-0.707106781186549));
#5351=DIRECTION('',(0.,1.,0.));
#5352=DIRECTION('center_axis',(0.707106781186549,0.,0.707106781186546));
#5353=DIRECTION('ref_axis',(0.707106781186546,0.,-0.707106781186549));
#5354=DIRECTION('',(0.,1.,0.));
#5355=DIRECTION('',(0.,1.,0.));
#5356=DIRECTION('center_axis',(-0.707106781186546,0.,0.707106781186549));
#5357=DIRECTION('ref_axis',(0.707106781186549,0.,0.707106781186546));
#5358=DIRECTION('',(0.707106781186549,0.,0.707106781186546));
#5359=DIRECTION('',(0.,1.,0.));
#5360=DIRECTION('center_axis',(-0.707106781186546,0.,0.707106781186549));
#5361=DIRECTION('ref_axis',(0.707106781186549,0.,0.707106781186546));
#5362=DIRECTION('',(0.,1.,0.));
#5363=DIRECTION('',(0.,1.,0.));
#5364=DIRECTION('center_axis',(-0.707106781186546,0.,0.707106781186549));
#5365=DIRECTION('ref_axis',(0.707106781186549,0.,0.707106781186546));
#5366=DIRECTION('',(0.,1.,0.));
#5367=DIRECTION('center_axis',(-0.707106781186549,0.,-0.707106781186546));
#5368=DIRECTION('ref_axis',(-0.707106781186546,0.,0.707106781186549));
#5369=DIRECTION('',(0.,1.,0.));
#5370=DIRECTION('',(-0.707106781186546,0.,0.707106781186549));
#5371=DIRECTION('center_axis',(-0.707106781186549,0.,-0.707106781186546));
#5372=DIRECTION('ref_axis',(-0.707106781186546,0.,0.707106781186549));
#5373=DIRECTION('',(0.,1.,0.));
#5374=DIRECTION('center_axis',(-0.707106781186546,0.,0.707106781186549));
#5375=DIRECTION('ref_axis',(0.707106781186549,0.,0.707106781186546));
#5376=DIRECTION('',(0.,1.,0.));
#5377=DIRECTION('',(0.707106781186549,0.,0.707106781186546));
#5378=DIRECTION('center_axis',(-0.707106781186546,0.,0.707106781186549));
#5379=DIRECTION('ref_axis',(0.707106781186549,0.,0.707106781186546));
#5380=DIRECTION('',(0.,1.,0.));
#5381=DIRECTION('center_axis',(-0.70710678118655,0.,-0.707106781186545));
#5382=DIRECTION('ref_axis',(-0.707106781186545,0.,0.70710678118655));
#5383=DIRECTION('',(-0.707106781186545,0.,0.70710678118655));
#5384=DIRECTION('',(0.,-1.,0.));
#5385=DIRECTION('center_axis',(-0.70710678118655,0.,-0.707106781186545));
#5386=DIRECTION('ref_axis',(-0.707106781186545,0.,0.70710678118655));
#5387=DIRECTION('',(0.,-1.,0.));
#5388=DIRECTION('center_axis',(-0.70710678118655,0.,-0.707106781186545));
#5389=DIRECTION('ref_axis',(-0.707106781186545,0.,0.70710678118655));
#5390=DIRECTION('',(0.,-1.,0.));
#5391=DIRECTION('center_axis',(0.707106781186548,0.,0.707106781186547));
#5392=DIRECTION('ref_axis',(0.707106781186547,0.,-0.707106781186548));
#5393=DIRECTION('',(0.,1.,0.));
#5394=DIRECTION('',(0.707106781186547,0.,-0.707106781186548));
#5395=DIRECTION('center_axis',(0.707106781186548,0.,0.707106781186547));
#5396=DIRECTION('ref_axis',(0.707106781186547,0.,-0.707106781186548));
#5397=DIRECTION('',(0.,1.,0.));
#5398=DIRECTION('center_axis',(0.,0.,1.));
#5399=DIRECTION('ref_axis',(1.,0.,0.));
#5400=DIRECTION('',(0.,-1.,0.));
#5401=DIRECTION('',(0.,-1.,0.));
#5402=DIRECTION('',(-1.,0.,0.));
#5403=DIRECTION('',(0.,1.,0.));
#5404=DIRECTION('',(0.,-1.,0.));
#5405=DIRECTION('center_axis',(0.707106781186549,0.,0.707106781186546));
#5406=DIRECTION('ref_axis',(0.707106781186546,0.,-0.707106781186549));
#5407=DIRECTION('',(0.,1.,0.));
#5408=DIRECTION('',(0.707106781186546,0.,-0.707106781186549));
#5409=DIRECTION('',(0.,1.,0.));
#5410=DIRECTION('center_axis',(0.707106781186549,0.,0.707106781186546));
#5411=DIRECTION('ref_axis',(0.707106781186546,0.,-0.707106781186549));
#5412=DIRECTION('',(0.,1.,0.));
#5413=DIRECTION('',(0.,1.,0.));
#5414=DIRECTION('center_axis',(-0.707106781186546,0.,0.707106781186549));
#5415=DIRECTION('ref_axis',(0.707106781186549,0.,0.707106781186546));
#5416=DIRECTION('',(0.707106781186549,0.,0.707106781186546));
#5417=DIRECTION('',(0.,1.,0.));
#5418=DIRECTION('center_axis',(-0.707106781186546,0.,0.707106781186549));
#5419=DIRECTION('ref_axis',(0.707106781186549,0.,0.707106781186546));
#5420=DIRECTION('',(0.,1.,0.));
#5421=DIRECTION('',(0.,1.,0.));
#5422=DIRECTION('center_axis',(-0.707106781186546,0.,0.707106781186549));
#5423=DIRECTION('ref_axis',(0.707106781186549,0.,0.707106781186546));
#5424=DIRECTION('',(0.,1.,0.));
#5425=DIRECTION('center_axis',(-0.70710678118655,0.,-0.707106781186545));
#5426=DIRECTION('ref_axis',(-0.707106781186545,0.,0.70710678118655));
#5427=DIRECTION('',(0.,1.,0.));
#5428=DIRECTION('',(-0.707106781186545,0.,0.70710678118655));
#5429=DIRECTION('center_axis',(-0.70710678118655,0.,-0.707106781186545));
#5430=DIRECTION('ref_axis',(-0.707106781186545,0.,0.70710678118655));
#5431=DIRECTION('',(0.,1.,0.));
#5432=DIRECTION('center_axis',(-0.707106781186546,0.,0.707106781186549));
#5433=DIRECTION('ref_axis',(0.707106781186549,0.,0.707106781186546));
#5434=DIRECTION('',(0.,1.,0.));
#5435=DIRECTION('',(0.707106781186549,0.,0.707106781186546));
#5436=DIRECTION('center_axis',(-0.707106781186546,0.,0.707106781186549));
#5437=DIRECTION('ref_axis',(0.707106781186549,0.,0.707106781186546));
#5438=DIRECTION('',(0.,1.,0.));
#5439=DIRECTION('center_axis',(-0.70710678118655,0.,-0.707106781186545));
#5440=DIRECTION('ref_axis',(-0.707106781186545,0.,0.70710678118655));
#5441=DIRECTION('',(-0.707106781186545,0.,0.70710678118655));
#5442=DIRECTION('',(0.,-1.,0.));
#5443=DIRECTION('center_axis',(-0.70710678118655,0.,-0.707106781186545));
#5444=DIRECTION('ref_axis',(-0.707106781186545,0.,0.70710678118655));
#5445=DIRECTION('',(0.,-1.,0.));
#5446=DIRECTION('center_axis',(-0.70710678118655,0.,-0.707106781186545));
#5447=DIRECTION('ref_axis',(-0.707106781186545,0.,0.70710678118655));
#5448=DIRECTION('',(0.,-1.,0.));
#5449=DIRECTION('center_axis',(0.707106781186549,0.,0.707106781186546));
#5450=DIRECTION('ref_axis',(0.707106781186546,0.,-0.707106781186549));
#5451=DIRECTION('',(0.,1.,0.));
#5452=DIRECTION('',(0.707106781186546,0.,-0.707106781186549));
#5453=DIRECTION('center_axis',(0.707106781186549,0.,0.707106781186546));
#5454=DIRECTION('ref_axis',(0.707106781186546,0.,-0.707106781186549));
#5455=DIRECTION('',(0.,1.,0.));
#5456=DIRECTION('center_axis',(0.,0.,1.));
#5457=DIRECTION('ref_axis',(1.,0.,0.));
#5458=DIRECTION('',(0.,-1.,0.));
#5459=DIRECTION('',(0.,-1.,0.));
#5460=DIRECTION('',(-1.,0.,0.));
#5461=DIRECTION('',(0.,1.,0.));
#5462=DIRECTION('',(0.,-1.,0.));
#5463=DIRECTION('center_axis',(0.707106781186549,0.,0.707106781186546));
#5464=DIRECTION('ref_axis',(0.707106781186546,0.,-0.707106781186549));
#5465=DIRECTION('',(0.,1.,0.));
#5466=DIRECTION('',(0.707106781186546,0.,-0.707106781186549));
#5467=DIRECTION('',(0.,1.,0.));
#5468=DIRECTION('center_axis',(0.707106781186549,0.,0.707106781186546));
#5469=DIRECTION('ref_axis',(0.707106781186546,0.,-0.707106781186549));
#5470=DIRECTION('',(0.,1.,0.));
#5471=DIRECTION('',(0.,1.,0.));
#5472=DIRECTION('center_axis',(-0.707106781186546,0.,0.707106781186549));
#5473=DIRECTION('ref_axis',(0.707106781186549,0.,0.707106781186546));
#5474=DIRECTION('',(0.,1.,0.));
#5475=DIRECTION('center_axis',(-0.707106781186546,0.,0.707106781186549));
#5476=DIRECTION('ref_axis',(0.707106781186549,0.,0.707106781186546));
#5477=DIRECTION('',(0.707106781186549,0.,0.707106781186546));
#5478=DIRECTION('',(0.,1.,0.));
#5479=DIRECTION('center_axis',(-0.70710678118655,0.,-0.707106781186545));
#5480=DIRECTION('ref_axis',(-0.707106781186545,0.,0.70710678118655));
#5481=DIRECTION('',(0.,1.,0.));
#5482=DIRECTION('',(-0.707106781186545,0.,0.70710678118655));
#5483=DIRECTION('center_axis',(-0.70710678118655,0.,-0.707106781186545));
#5484=DIRECTION('ref_axis',(-0.707106781186545,0.,0.70710678118655));
#5485=DIRECTION('',(0.,1.,0.));
#5486=DIRECTION('center_axis',(-0.707106781186546,0.,0.707106781186549));
#5487=DIRECTION('ref_axis',(0.707106781186549,0.,0.707106781186546));
#5488=DIRECTION('',(0.,1.,0.));
#5489=DIRECTION('',(0.707106781186549,0.,0.707106781186546));
#5490=DIRECTION('center_axis',(-0.707106781186546,0.,0.707106781186549));
#5491=DIRECTION('ref_axis',(0.707106781186549,0.,0.707106781186546));
#5492=DIRECTION('',(0.,1.,0.));
#5493=DIRECTION('center_axis',(-0.70710678118655,0.,-0.707106781186545));
#5494=DIRECTION('ref_axis',(-0.707106781186545,0.,0.70710678118655));
#5495=DIRECTION('',(0.,-1.,0.));
#5496=DIRECTION('center_axis',(-0.70710678118655,0.,-0.707106781186545));
#5497=DIRECTION('ref_axis',(-0.707106781186545,0.,0.70710678118655));
#5498=DIRECTION('',(-0.707106781186545,0.,0.70710678118655));
#5499=DIRECTION('',(0.,-1.,0.));
#5500=DIRECTION('center_axis',(0.707106781186549,0.,0.707106781186546));
#5501=DIRECTION('ref_axis',(0.707106781186546,0.,-0.707106781186549));
#5502=DIRECTION('',(0.,1.,0.));
#5503=DIRECTION('',(0.707106781186546,0.,-0.707106781186549));
#5504=DIRECTION('center_axis',(0.707106781186549,0.,0.707106781186546));
#5505=DIRECTION('ref_axis',(0.707106781186546,0.,-0.707106781186549));
#5506=DIRECTION('',(0.,1.,0.));
#5507=DIRECTION('center_axis',(0.,0.,1.));
#5508=DIRECTION('ref_axis',(1.,0.,0.));
#5509=DIRECTION('',(0.,-1.,0.));
#5510=DIRECTION('',(0.,-1.,0.));
#5511=DIRECTION('',(-1.,0.,0.));
#5512=DIRECTION('',(0.,1.,0.));
#5513=DIRECTION('',(0.,-1.,0.));
#5514=DIRECTION('center_axis',(0.707106781186549,0.,0.707106781186546));
#5515=DIRECTION('ref_axis',(0.707106781186546,0.,-0.707106781186549));
#5516=DIRECTION('',(0.,1.,0.));
#5517=DIRECTION('',(0.707106781186546,0.,-0.707106781186549));
#5518=DIRECTION('',(0.,1.,0.));
#5519=DIRECTION('center_axis',(0.707106781186549,0.,0.707106781186546));
#5520=DIRECTION('ref_axis',(0.707106781186546,0.,-0.707106781186549));
#5521=DIRECTION('',(0.,1.,0.));
#5522=DIRECTION('',(0.,1.,0.));
#5523=DIRECTION('center_axis',(-0.707106781186546,0.,0.707106781186549));
#5524=DIRECTION('ref_axis',(0.707106781186549,0.,0.707106781186546));
#5525=DIRECTION('',(0.,1.,0.));
#5526=DIRECTION('center_axis',(-0.707106781186546,0.,0.707106781186549));
#5527=DIRECTION('ref_axis',(0.707106781186549,0.,0.707106781186546));
#5528=DIRECTION('',(0.707106781186549,0.,0.707106781186546));
#5529=DIRECTION('',(0.,1.,0.));
#5530=DIRECTION('center_axis',(-0.70710678118655,0.,-0.707106781186545));
#5531=DIRECTION('ref_axis',(-0.707106781186545,0.,0.70710678118655));
#5532=DIRECTION('',(0.,1.,0.));
#5533=DIRECTION('',(-0.707106781186545,0.,0.70710678118655));
#5534=DIRECTION('center_axis',(-0.70710678118655,0.,-0.707106781186545));
#5535=DIRECTION('ref_axis',(-0.707106781186545,0.,0.70710678118655));
#5536=DIRECTION('',(0.,1.,0.));
#5537=DIRECTION('center_axis',(-0.707106781186546,0.,0.707106781186549));
#5538=DIRECTION('ref_axis',(0.707106781186549,0.,0.707106781186546));
#5539=DIRECTION('',(0.,1.,0.));
#5540=DIRECTION('',(0.707106781186549,0.,0.707106781186546));
#5541=DIRECTION('center_axis',(-0.707106781186546,0.,0.707106781186549));
#5542=DIRECTION('ref_axis',(0.707106781186549,0.,0.707106781186546));
#5543=DIRECTION('',(0.,1.,0.));
#5544=DIRECTION('center_axis',(-0.70710678118655,0.,-0.707106781186545));
#5545=DIRECTION('ref_axis',(-0.707106781186545,0.,0.70710678118655));
#5546=DIRECTION('',(0.,-1.,0.));
#5547=DIRECTION('center_axis',(-0.70710678118655,0.,-0.707106781186545));
#5548=DIRECTION('ref_axis',(-0.707106781186545,0.,0.70710678118655));
#5549=DIRECTION('',(-0.707106781186545,0.,0.70710678118655));
#5550=DIRECTION('',(0.,-1.,0.));
#5551=DIRECTION('center_axis',(0.707106781186549,0.,0.707106781186546));
#5552=DIRECTION('ref_axis',(0.707106781186546,0.,-0.707106781186549));
#5553=DIRECTION('',(0.,1.,0.));
#5554=DIRECTION('',(0.707106781186546,0.,-0.707106781186549));
#5555=DIRECTION('center_axis',(0.707106781186549,0.,0.707106781186546));
#5556=DIRECTION('ref_axis',(0.707106781186546,0.,-0.707106781186549));
#5557=DIRECTION('',(0.,1.,0.));
#5558=DIRECTION('center_axis',(0.,0.,1.));
#5559=DIRECTION('ref_axis',(1.,0.,0.));
#5560=DIRECTION('',(0.,-1.,0.));
#5561=DIRECTION('',(0.,-1.,0.));
#5562=DIRECTION('',(-1.,0.,0.));
#5563=DIRECTION('',(0.,1.,0.));
#5564=DIRECTION('',(0.,-1.,0.));
#5565=DIRECTION('center_axis',(0.707106781186549,0.,0.707106781186546));
#5566=DIRECTION('ref_axis',(0.707106781186546,0.,-0.707106781186549));
#5567=DIRECTION('',(0.,1.,0.));
#5568=DIRECTION('',(0.707106781186546,0.,-0.707106781186549));
#5569=DIRECTION('',(0.,1.,0.));
#5570=DIRECTION('center_axis',(0.707106781186549,0.,0.707106781186546));
#5571=DIRECTION('ref_axis',(0.707106781186546,0.,-0.707106781186549));
#5572=DIRECTION('',(0.,1.,0.));
#5573=DIRECTION('',(0.,1.,0.));
#5574=DIRECTION('center_axis',(-0.707106781186546,0.,0.707106781186549));
#5575=DIRECTION('ref_axis',(0.707106781186549,0.,0.707106781186546));
#5576=DIRECTION('',(0.,1.,0.));
#5577=DIRECTION('center_axis',(-0.707106781186546,0.,0.707106781186549));
#5578=DIRECTION('ref_axis',(0.707106781186549,0.,0.707106781186546));
#5579=DIRECTION('',(0.707106781186549,0.,0.707106781186546));
#5580=DIRECTION('',(0.,1.,0.));
#5581=DIRECTION('center_axis',(-0.70710678118655,0.,-0.707106781186545));
#5582=DIRECTION('ref_axis',(-0.707106781186545,0.,0.70710678118655));
#5583=DIRECTION('',(0.,1.,0.));
#5584=DIRECTION('',(-0.707106781186545,0.,0.70710678118655));
#5585=DIRECTION('center_axis',(-0.70710678118655,0.,-0.707106781186545));
#5586=DIRECTION('ref_axis',(-0.707106781186545,0.,0.70710678118655));
#5587=DIRECTION('',(0.,1.,0.));
#5588=DIRECTION('center_axis',(-0.707106781186546,0.,0.707106781186549));
#5589=DIRECTION('ref_axis',(0.707106781186549,0.,0.707106781186546));
#5590=DIRECTION('',(0.,1.,0.));
#5591=DIRECTION('',(0.707106781186549,0.,0.707106781186546));
#5592=DIRECTION('center_axis',(-0.707106781186546,0.,0.707106781186549));
#5593=DIRECTION('ref_axis',(0.707106781186549,0.,0.707106781186546));
#5594=DIRECTION('',(0.,1.,0.));
#5595=DIRECTION('center_axis',(-0.70710678118655,0.,-0.707106781186545));
#5596=DIRECTION('ref_axis',(-0.707106781186545,0.,0.70710678118655));
#5597=DIRECTION('',(0.,-1.,0.));
#5598=DIRECTION('center_axis',(-0.70710678118655,0.,-0.707106781186545));
#5599=DIRECTION('ref_axis',(-0.707106781186545,0.,0.70710678118655));
#5600=DIRECTION('',(-0.707106781186545,0.,0.70710678118655));
#5601=DIRECTION('',(0.,-1.,0.));
#5602=DIRECTION('center_axis',(0.707106781186549,0.,0.707106781186546));
#5603=DIRECTION('ref_axis',(0.707106781186546,0.,-0.707106781186549));
#5604=DIRECTION('',(0.,1.,0.));
#5605=DIRECTION('',(0.707106781186546,0.,-0.707106781186549));
#5606=DIRECTION('center_axis',(0.707106781186549,0.,0.707106781186546));
#5607=DIRECTION('ref_axis',(0.707106781186546,0.,-0.707106781186549));
#5608=DIRECTION('',(0.,1.,0.));
#5609=DIRECTION('center_axis',(0.,0.,1.));
#5610=DIRECTION('ref_axis',(1.,0.,0.));
#5611=DIRECTION('',(0.,-1.,0.));
#5612=DIRECTION('',(0.,-1.,0.));
#5613=DIRECTION('',(-1.,0.,0.));
#5614=DIRECTION('',(0.,1.,0.));
#5615=DIRECTION('',(0.,-1.,0.));
#5616=DIRECTION('center_axis',(0.707106781186549,0.,0.707106781186546));
#5617=DIRECTION('ref_axis',(0.707106781186546,0.,-0.707106781186549));
#5618=DIRECTION('',(0.,1.,0.));
#5619=DIRECTION('',(0.707106781186546,0.,-0.707106781186549));
#5620=DIRECTION('',(0.,1.,0.));
#5621=DIRECTION('center_axis',(0.707106781186549,0.,0.707106781186546));
#5622=DIRECTION('ref_axis',(0.707106781186546,0.,-0.707106781186549));
#5623=DIRECTION('',(0.,1.,0.));
#5624=DIRECTION('',(0.,1.,0.));
#5625=DIRECTION('center_axis',(-0.707106781186546,0.,0.707106781186549));
#5626=DIRECTION('ref_axis',(0.707106781186549,0.,0.707106781186546));
#5627=DIRECTION('',(0.,1.,0.));
#5628=DIRECTION('center_axis',(-0.707106781186546,0.,0.707106781186549));
#5629=DIRECTION('ref_axis',(0.707106781186549,0.,0.707106781186546));
#5630=DIRECTION('',(0.707106781186549,0.,0.707106781186546));
#5631=DIRECTION('',(0.,1.,0.));
#5632=DIRECTION('center_axis',(-0.70710678118655,0.,-0.707106781186545));
#5633=DIRECTION('ref_axis',(-0.707106781186545,0.,0.70710678118655));
#5634=DIRECTION('',(0.,1.,0.));
#5635=DIRECTION('',(-0.707106781186545,0.,0.70710678118655));
#5636=DIRECTION('center_axis',(-0.70710678118655,0.,-0.707106781186545));
#5637=DIRECTION('ref_axis',(-0.707106781186545,0.,0.70710678118655));
#5638=DIRECTION('',(0.,1.,0.));
#5639=DIRECTION('center_axis',(-0.707106781186546,0.,0.707106781186549));
#5640=DIRECTION('ref_axis',(0.707106781186549,0.,0.707106781186546));
#5641=DIRECTION('',(0.,1.,0.));
#5642=DIRECTION('',(0.707106781186549,0.,0.707106781186546));
#5643=DIRECTION('center_axis',(-0.707106781186546,0.,0.707106781186549));
#5644=DIRECTION('ref_axis',(0.707106781186549,0.,0.707106781186546));
#5645=DIRECTION('',(0.,1.,0.));
#5646=DIRECTION('center_axis',(-0.70710678118655,0.,-0.707106781186545));
#5647=DIRECTION('ref_axis',(-0.707106781186545,0.,0.70710678118655));
#5648=DIRECTION('',(0.,-1.,0.));
#5649=DIRECTION('center_axis',(-0.70710678118655,0.,-0.707106781186545));
#5650=DIRECTION('ref_axis',(-0.707106781186545,0.,0.70710678118655));
#5651=DIRECTION('',(-0.707106781186545,0.,0.70710678118655));
#5652=DIRECTION('',(0.,-1.,0.));
#5653=DIRECTION('center_axis',(0.707106781186549,0.,0.707106781186546));
#5654=DIRECTION('ref_axis',(0.707106781186546,0.,-0.707106781186549));
#5655=DIRECTION('',(0.,1.,0.));
#5656=DIRECTION('',(0.707106781186546,0.,-0.707106781186549));
#5657=DIRECTION('center_axis',(0.707106781186549,0.,0.707106781186546));
#5658=DIRECTION('ref_axis',(0.707106781186546,0.,-0.707106781186549));
#5659=DIRECTION('',(0.,1.,0.));
#5660=DIRECTION('center_axis',(0.,0.,1.));
#5661=DIRECTION('ref_axis',(1.,0.,0.));
#5662=DIRECTION('',(0.,-1.,0.));
#5663=DIRECTION('',(0.,-1.,0.));
#5664=DIRECTION('',(-1.,0.,0.));
#5665=DIRECTION('',(0.,1.,0.));
#5666=DIRECTION('',(0.,-1.,0.));
#5667=DIRECTION('center_axis',(0.707106781186549,0.,0.707106781186546));
#5668=DIRECTION('ref_axis',(0.707106781186546,0.,-0.707106781186549));
#5669=DIRECTION('',(0.,1.,0.));
#5670=DIRECTION('',(0.707106781186546,0.,-0.707106781186549));
#5671=DIRECTION('',(0.,1.,0.));
#5672=DIRECTION('center_axis',(0.707106781186549,0.,0.707106781186546));
#5673=DIRECTION('ref_axis',(0.707106781186546,0.,-0.707106781186549));
#5674=DIRECTION('',(0.,1.,0.));
#5675=DIRECTION('',(0.,1.,0.));
#5676=DIRECTION('center_axis',(-0.70710678118655,0.,-0.707106781186545));
#5677=DIRECTION('ref_axis',(-0.707106781186545,0.,0.70710678118655));
#5678=DIRECTION('',(0.,1.,0.));
#5679=DIRECTION('',(-0.707106781186545,0.,0.70710678118655));
#5680=DIRECTION('center_axis',(-0.70710678118655,0.,-0.707106781186545));
#5681=DIRECTION('ref_axis',(-0.707106781186545,0.,0.70710678118655));
#5682=DIRECTION('',(0.,1.,0.));
#5683=DIRECTION('center_axis',(-0.70710678118655,0.,-0.707106781186545));
#5684=DIRECTION('ref_axis',(-0.707106781186545,0.,0.70710678118655));
#5685=DIRECTION('',(0.,1.,0.));
#5686=DIRECTION('center_axis',(-0.707106781186546,0.,0.707106781186549));
#5687=DIRECTION('ref_axis',(0.707106781186549,0.,0.707106781186546));
#5688=DIRECTION('',(0.707106781186549,0.,0.707106781186546));
#5689=DIRECTION('center_axis',(-0.707106781186546,0.,0.707106781186549));
#5690=DIRECTION('ref_axis',(0.707106781186549,0.,0.707106781186546));
#5691=DIRECTION('',(0.,1.,0.));
#5692=DIRECTION('center_axis',(-0.707106781186549,0.,-0.707106781186546));
#5693=DIRECTION('ref_axis',(-0.707106781186546,0.,0.707106781186549));
#5694=DIRECTION('',(-0.707106781186546,0.,0.707106781186549));
#5695=DIRECTION('',(0.,-1.,0.));
#5696=DIRECTION('',(0.,1.,0.));
#5697=DIRECTION('center_axis',(0.,0.,-1.));
#5698=DIRECTION('ref_axis',(-1.,0.,0.));
#5699=DIRECTION('',(-1.,0.,0.));
#5700=DIRECTION('',(0.,1.,0.));
#5701=DIRECTION('center_axis',(0.707106781186549,0.,-0.707106781186546));
#5702=DIRECTION('ref_axis',(-0.707106781186546,0.,-0.707106781186549));
#5703=DIRECTION('',(-0.707106781186546,0.,-0.707106781186549));
#5704=DIRECTION('',(0.,-1.,0.));
#5705=DIRECTION('center_axis',(-0.707106781186549,0.,0.707106781186546));
#5706=DIRECTION('ref_axis',(0.707106781186546,0.,0.707106781186549));
#5707=DIRECTION('',(0.,1.,0.));
#5708=DIRECTION('',(0.707106781186546,0.,0.707106781186549));
#5709=DIRECTION('',(0.,-1.,0.));
#5710=DIRECTION('center_axis',(-1.,0.,0.));
#5711=DIRECTION('ref_axis',(0.,1.,0.));
#5712=DIRECTION('',(0.,-1.,0.));
#5713=DIRECTION('',(0.,0.,1.));
#5714=DIRECTION('center_axis',(0.707106781186546,0.,0.707106781186549));
#5715=DIRECTION('ref_axis',(0.707106781186549,0.,-0.707106781186546));
#5716=DIRECTION('',(0.707106781186549,0.,-0.707106781186546));
#5717=DIRECTION('',(0.,-1.,0.));
#5718=DIRECTION('',(0.,1.,0.));
#5719=DIRECTION('center_axis',(1.,0.,0.));
#5720=DIRECTION('ref_axis',(0.,1.,0.));
#5721=DIRECTION('',(0.,1.,0.));
#5722=DIRECTION('',(0.,0.,-1.));
#5723=DIRECTION('center_axis',(1.,0.,0.));
#5724=DIRECTION('ref_axis',(0.,-1.,0.));
#5725=DIRECTION('',(0.,0.,-1.));
#5726=DIRECTION('center_axis',(-1.,0.,0.));
#5727=DIRECTION('ref_axis',(0.,1.,0.));
#5728=DIRECTION('',(0.,0.,1.));
#5729=DIRECTION('center_axis',(0.,0.,1.));
#5730=DIRECTION('ref_axis',(1.,0.,0.));
#5731=DIRECTION('',(1.,0.,0.));
#5732=DIRECTION('',(0.,1.,0.));
#5733=DIRECTION('center_axis',(-0.707106781186547,0.,-0.707106781186548));
#5734=DIRECTION('ref_axis',(-0.707106781186548,0.,0.707106781186547));
#5735=DIRECTION('',(-0.707106781186548,0.,0.707106781186547));
#5736=DIRECTION('',(0.,-1.,0.));
#5737=DIRECTION('',(0.,1.,0.));
#5738=DIRECTION('center_axis',(0.,0.,-1.));
#5739=DIRECTION('ref_axis',(-1.,0.,0.));
#5740=DIRECTION('',(-1.,0.,0.));
#5741=DIRECTION('',(0.,1.,0.));
#5742=DIRECTION('center_axis',(0.707106781186549,0.,-0.707106781186546));
#5743=DIRECTION('ref_axis',(-0.707106781186546,0.,-0.707106781186549));
#5744=DIRECTION('',(-0.707106781186546,0.,-0.707106781186549));
#5745=DIRECTION('',(0.,-1.,0.));
#5746=DIRECTION('center_axis',(1.,0.,0.));
#5747=DIRECTION('ref_axis',(0.,-1.,0.));
#5748=DIRECTION('',(0.,0.,-1.));
#5749=DIRECTION('',(0.,1.,0.));
#5750=DIRECTION('center_axis',(-0.707106781186547,0.,0.707106781186548));
#5751=DIRECTION('ref_axis',(0.707106781186548,0.,0.707106781186547));
#5752=DIRECTION('',(0.707106781186548,0.,0.707106781186547));
#5753=DIRECTION('',(0.,-1.,0.));
#5754=DIRECTION('center_axis',(0.707106781186549,0.,0.707106781186546));
#5755=DIRECTION('ref_axis',(0.707106781186546,0.,-0.707106781186549));
#5756=DIRECTION('',(0.707106781186546,0.,-0.707106781186549));
#5757=DIRECTION('',(0.,-1.,0.));
#5758=DIRECTION('center_axis',(1.,0.,0.));
#5759=DIRECTION('ref_axis',(0.,-1.,0.));
#5760=DIRECTION('',(0.,0.,-1.));
#5761=DIRECTION('',(0.,1.,0.));
#5762=DIRECTION('center_axis',(-1.,0.,0.));
#5763=DIRECTION('ref_axis',(0.,1.,0.));
#5764=DIRECTION('',(0.,0.,1.));
#5765=DIRECTION('center_axis',(-0.707106781186549,0.,-0.707106781186546));
#5766=DIRECTION('ref_axis',(-0.707106781186546,0.,0.707106781186549));
#5767=DIRECTION('',(-0.707106781186546,0.,0.707106781186549));
#5768=DIRECTION('',(0.,-1.,0.));
#5769=DIRECTION('',(0.,1.,0.));
#5770=DIRECTION('center_axis',(0.,0.,-1.));
#5771=DIRECTION('ref_axis',(-1.,0.,0.));
#5772=DIRECTION('',(-1.,0.,0.));
#5773=DIRECTION('',(0.,1.,0.));
#5774=DIRECTION('center_axis',(0.707106781186549,0.,-0.707106781186546));
#5775=DIRECTION('ref_axis',(-0.707106781186546,0.,-0.707106781186549));
#5776=DIRECTION('',(-0.707106781186546,0.,-0.707106781186549));
#5777=DIRECTION('',(0.,-1.,0.));
#5778=DIRECTION('center_axis',(1.,0.,0.));
#5779=DIRECTION('ref_axis',(0.,-1.,0.));
#5780=DIRECTION('',(0.,0.,-1.));
#5781=DIRECTION('',(0.,1.,0.));
#5782=DIRECTION('center_axis',(-0.707106781186549,0.,0.707106781186546));
#5783=DIRECTION('ref_axis',(0.707106781186546,0.,0.707106781186549));
#5784=DIRECTION('',(0.,1.,0.));
#5785=DIRECTION('',(0.707106781186546,0.,0.707106781186549));
#5786=DIRECTION('',(0.,-1.,0.));
#5787=DIRECTION('center_axis',(-1.,0.,0.));
#5788=DIRECTION('ref_axis',(0.,1.,0.));
#5789=DIRECTION('',(0.,-1.,0.));
#5790=DIRECTION('',(0.,0.,1.));
#5791=DIRECTION('center_axis',(0.707106781186549,0.,0.707106781186546));
#5792=DIRECTION('ref_axis',(0.707106781186546,0.,-0.707106781186549));
#5793=DIRECTION('',(0.707106781186546,0.,-0.707106781186549));
#5794=DIRECTION('',(0.,-1.,0.));
#5795=DIRECTION('center_axis',(1.,0.,0.));
#5796=DIRECTION('ref_axis',(0.,-1.,0.));
#5797=DIRECTION('',(0.,0.,-1.));
#5798=DIRECTION('',(0.,1.,0.));
#5799=DIRECTION('center_axis',(-1.,0.,0.));
#5800=DIRECTION('ref_axis',(0.,1.,0.));
#5801=DIRECTION('',(0.,0.,1.));
#5802=DIRECTION('center_axis',(0.,0.,1.));
#5803=DIRECTION('ref_axis',(1.,0.,0.));
#5804=DIRECTION('',(1.,0.,0.));
#5805=DIRECTION('center_axis',(-1.,0.,0.));
#5806=DIRECTION('ref_axis',(0.,1.,0.));
#5807=DIRECTION('',(0.,1.,0.));
#5808=DIRECTION('',(0.,-1.,0.));
#5809=DIRECTION('',(0.,0.,1.));
#5810=DIRECTION('center_axis',(1.,0.,0.));
#5811=DIRECTION('ref_axis',(0.,-1.,0.));
#5812=DIRECTION('',(0.,-1.,0.));
#5813=DIRECTION('',(0.,0.,-1.));
#5814=DIRECTION('',(0.,1.,0.));
#5815=DIRECTION('center_axis',(0.707106781186549,0.,0.707106781186546));
#5816=DIRECTION('ref_axis',(0.707106781186546,0.,-0.707106781186549));
#5817=DIRECTION('',(0.707106781186546,0.,-0.707106781186549));
#5818=DIRECTION('',(0.,1.,0.));
#5819=DIRECTION('center_axis',(-1.,0.,0.));
#5820=DIRECTION('ref_axis',(0.,1.,0.));
#5821=DIRECTION('',(0.,1.,0.));
#5822=DIRECTION('',(0.,-1.,0.));
#5823=DIRECTION('',(0.,0.,1.));
#5824=DIRECTION('center_axis',(-0.707106781186549,0.,0.707106781186546));
#5825=DIRECTION('ref_axis',(0.707106781186546,0.,0.707106781186549));
#5826=DIRECTION('',(0.707106781186546,0.,0.707106781186549));
#5827=DIRECTION('center_axis',(1.,0.,0.));
#5828=DIRECTION('ref_axis',(0.,-1.,0.));
#5829=DIRECTION('',(0.,-1.,0.));
#5830=DIRECTION('',(0.,0.,-1.));
#5831=DIRECTION('center_axis',(0.707106781186549,0.,-0.707106781186546));
#5832=DIRECTION('ref_axis',(-0.707106781186546,0.,-0.707106781186549));
#5833=DIRECTION('',(0.,1.,0.));
#5834=DIRECTION('',(-0.707106781186546,0.,-0.707106781186549));
#5835=DIRECTION('center_axis',(0.,0.,-1.));
#5836=DIRECTION('ref_axis',(-1.,0.,0.));
#5837=DIRECTION('',(0.,-1.,0.));
#5838=DIRECTION('',(-1.,0.,0.));
#5839=DIRECTION('center_axis',(-0.707106781186549,0.,-0.707106781186546));
#5840=DIRECTION('ref_axis',(-0.707106781186546,0.,0.707106781186549));
#5841=DIRECTION('',(-0.707106781186546,0.,0.707106781186549));
#5842=DIRECTION('center_axis',(0.,0.,1.));
#5843=DIRECTION('ref_axis',(1.,0.,0.));
#5844=DIRECTION('',(1.,0.,0.));
#5845=DIRECTION('center_axis',(0.,0.,1.));
#5846=DIRECTION('ref_axis',(1.,0.,0.));
#5847=DIRECTION('',(1.,0.,0.));
#5848=DIRECTION('center_axis',(-1.,0.,0.));
#5849=DIRECTION('ref_axis',(0.,1.,0.));
#5850=DIRECTION('',(0.,0.,-1.));
#5851=DIRECTION('',(0.,1.,0.));
#5852=DIRECTION('center_axis',(0.707106781186549,0.,0.707106781186546));
#5853=DIRECTION('ref_axis',(0.707106781186546,0.,-0.707106781186549));
#5854=DIRECTION('center_axis',(0.707106781186549,0.,0.707106781186546));
#5855=DIRECTION('ref_axis',(0.707106781186546,0.,-0.707106781186549));
#5856=DIRECTION('',(0.,1.,0.));
#5857=DIRECTION('center_axis',(0.707106781186549,0.,0.707106781186546));
#5858=DIRECTION('ref_axis',(0.707106781186546,0.,-0.707106781186549));
#5859=DIRECTION('',(0.,1.,0.));
#5860=DIRECTION('center_axis',(0.,0.,1.));
#5861=DIRECTION('ref_axis',(1.,0.,0.));
#5862=DIRECTION('',(-1.,0.,0.));
#5863=DIRECTION('',(0.,1.,0.));
#5864=DIRECTION('center_axis',(0.,0.,1.));
#5865=DIRECTION('ref_axis',(1.,0.,0.));
#5866=DIRECTION('',(-1.,0.,0.));
#5867=DIRECTION('center_axis',(0.,0.,1.));
#5868=DIRECTION('ref_axis',(1.,0.,0.));
#5869=DIRECTION('',(-1.,0.,0.));
#5870=DIRECTION('center_axis',(0.,0.,1.));
#5871=DIRECTION('ref_axis',(1.,0.,0.));
#5872=DIRECTION('',(0.,-1.,0.));
#5873=DIRECTION('',(-1.,0.,0.));
#5874=DIRECTION('',(0.,1.,0.));
#5875=DIRECTION('center_axis',(0.,0.,1.));
#5876=DIRECTION('ref_axis',(1.,0.,0.));
#5877=DIRECTION('',(0.,-1.,0.));
#5878=DIRECTION('',(-1.,0.,0.));
#5879=DIRECTION('',(0.,1.,0.));
#5880=DIRECTION('center_axis',(0.,0.,1.));
#5881=DIRECTION('ref_axis',(1.,0.,0.));
#5882=DIRECTION('',(0.,-1.,0.));
#5883=DIRECTION('',(-1.,0.,0.));
#5884=DIRECTION('',(0.,1.,0.));
#5885=DIRECTION('center_axis',(0.,0.,1.));
#5886=DIRECTION('ref_axis',(1.,0.,0.));
#5887=DIRECTION('',(0.,-1.,0.));
#5888=DIRECTION('',(-1.,0.,0.));
#5889=DIRECTION('',(0.,1.,0.));
#5890=DIRECTION('center_axis',(-0.70710678118655,0.,-0.707106781186545));
#5891=DIRECTION('ref_axis',(-0.707106781186545,0.,0.70710678118655));
#5892=DIRECTION('',(0.,1.,0.));
#5893=DIRECTION('center_axis',(-0.707106781186546,0.,0.707106781186549));
#5894=DIRECTION('ref_axis',(0.707106781186549,0.,0.707106781186546));
#5895=DIRECTION('',(0.,1.,0.));
#5896=DIRECTION('center_axis',(0.707106781186549,0.,0.707106781186546));
#5897=DIRECTION('ref_axis',(0.707106781186546,0.,-0.707106781186549));
#5898=DIRECTION('center_axis',(-0.70710678118655,0.,-0.707106781186545));
#5899=DIRECTION('ref_axis',(-0.707106781186545,0.,0.70710678118655));
#5900=DIRECTION('',(0.,1.,0.));
#5901=DIRECTION('center_axis',(-0.707106781186546,0.,0.707106781186549));
#5902=DIRECTION('ref_axis',(0.707106781186549,0.,0.707106781186546));
#5903=DIRECTION('',(0.,1.,0.));
#5904=DIRECTION('center_axis',(0.707106781186549,0.,0.707106781186546));
#5905=DIRECTION('ref_axis',(0.707106781186546,0.,-0.707106781186549));
#5906=DIRECTION('center_axis',(-0.70710678118655,0.,-0.707106781186545));
#5907=DIRECTION('ref_axis',(-0.707106781186545,0.,0.70710678118655));
#5908=DIRECTION('',(0.,1.,0.));
#5909=DIRECTION('center_axis',(-0.707106781186546,0.,0.707106781186549));
#5910=DIRECTION('ref_axis',(0.707106781186549,0.,0.707106781186546));
#5911=DIRECTION('',(0.,1.,0.));
#5912=DIRECTION('center_axis',(0.707106781186549,0.,0.707106781186546));
#5913=DIRECTION('ref_axis',(0.707106781186546,0.,-0.707106781186549));
#5914=DIRECTION('center_axis',(-0.70710678118655,0.,-0.707106781186545));
#5915=DIRECTION('ref_axis',(-0.707106781186545,0.,0.70710678118655));
#5916=DIRECTION('',(0.,1.,0.));
#5917=DIRECTION('center_axis',(-0.707106781186546,0.,0.707106781186549));
#5918=DIRECTION('ref_axis',(0.707106781186549,0.,0.707106781186546));
#5919=DIRECTION('',(0.,1.,0.));
#5920=DIRECTION('center_axis',(0.707106781186549,0.,0.707106781186546));
#5921=DIRECTION('ref_axis',(0.707106781186546,0.,-0.707106781186549));
#5922=DIRECTION('center_axis',(-0.707106781186546,0.,0.707106781186549));
#5923=DIRECTION('ref_axis',(0.707106781186549,0.,0.707106781186546));
#5924=DIRECTION('center_axis',(0.707106781186549,0.,0.707106781186546));
#5925=DIRECTION('ref_axis',(0.707106781186546,0.,-0.707106781186549));
#5926=DIRECTION('center_axis',(-0.70710678118655,0.,-0.707106781186545));
#5927=DIRECTION('ref_axis',(-0.707106781186545,0.,0.70710678118655));
#5928=DIRECTION('',(0.,1.,0.));
#5929=DIRECTION('center_axis',(-0.707106781186546,0.,0.707106781186549));
#5930=DIRECTION('ref_axis',(0.707106781186549,0.,0.707106781186546));
#5931=DIRECTION('',(0.,1.,0.));
#5932=DIRECTION('center_axis',(0.707106781186549,0.,0.707106781186546));
#5933=DIRECTION('ref_axis',(0.707106781186546,0.,-0.707106781186549));
#5934=DIRECTION('center_axis',(-0.707106781186549,0.,-0.707106781186546));
#5935=DIRECTION('ref_axis',(-0.707106781186546,0.,0.707106781186549));
#5936=DIRECTION('',(0.,1.,0.));
#5937=DIRECTION('center_axis',(-0.707106781186546,0.,0.707106781186549));
#5938=DIRECTION('ref_axis',(0.707106781186549,0.,0.707106781186546));
#5939=DIRECTION('',(0.,1.,0.));
#5940=DIRECTION('center_axis',(0.707106781186548,0.,0.707106781186547));
#5941=DIRECTION('ref_axis',(0.707106781186547,0.,-0.707106781186548));
#5942=DIRECTION('center_axis',(-0.70710678118655,0.,-0.707106781186545));
#5943=DIRECTION('ref_axis',(-0.707106781186545,0.,0.70710678118655));
#5944=DIRECTION('',(0.,1.,0.));
#5945=DIRECTION('center_axis',(-0.707106781186546,0.,0.707106781186549));
#5946=DIRECTION('ref_axis',(0.707106781186549,0.,0.707106781186546));
#5947=DIRECTION('',(0.,1.,0.));
#5948=DIRECTION('center_axis',(0.707106781186549,0.,0.707106781186546));
#5949=DIRECTION('ref_axis',(0.707106781186546,0.,-0.707106781186549));
#5950=DIRECTION('center_axis',(-0.70710678118655,0.,-0.707106781186545));
#5951=DIRECTION('ref_axis',(-0.707106781186545,0.,0.70710678118655));
#5952=DIRECTION('',(0.,1.,0.));
#5953=DIRECTION('center_axis',(-0.707106781186546,0.,0.707106781186549));
#5954=DIRECTION('ref_axis',(0.707106781186549,0.,0.707106781186546));
#5955=DIRECTION('',(0.,1.,0.));
#5956=DIRECTION('center_axis',(0.707106781186549,0.,0.707106781186546));
#5957=DIRECTION('ref_axis',(0.707106781186546,0.,-0.707106781186549));
#5958=DIRECTION('center_axis',(-0.70710678118655,0.,-0.707106781186545));
#5959=DIRECTION('ref_axis',(-0.707106781186545,0.,0.70710678118655));
#5960=DIRECTION('',(0.,1.,0.));
#5961=DIRECTION('center_axis',(-0.707106781186546,0.,0.707106781186549));
#5962=DIRECTION('ref_axis',(0.707106781186549,0.,0.707106781186546));
#5963=DIRECTION('',(0.,1.,0.));
#5964=DIRECTION('center_axis',(0.707106781186549,0.,0.707106781186546));
#5965=DIRECTION('ref_axis',(0.707106781186546,0.,-0.707106781186549));
#5966=DIRECTION('center_axis',(-0.70710678118655,0.,-0.707106781186545));
#5967=DIRECTION('ref_axis',(-0.707106781186545,0.,0.70710678118655));
#5968=DIRECTION('',(0.,1.,0.));
#5969=DIRECTION('center_axis',(-0.707106781186546,0.,0.707106781186549));
#5970=DIRECTION('ref_axis',(0.707106781186549,0.,0.707106781186546));
#5971=DIRECTION('',(0.,1.,0.));
#5972=DIRECTION('center_axis',(0.707106781186549,0.,0.707106781186546));
#5973=DIRECTION('ref_axis',(0.707106781186546,0.,-0.707106781186549));
#5974=DIRECTION('center_axis',(-0.70710678118655,0.,-0.707106781186545));
#5975=DIRECTION('ref_axis',(-0.707106781186545,0.,0.70710678118655));
#5976=DIRECTION('',(0.,1.,0.));
#5977=DIRECTION('center_axis',(-0.707106781186546,0.,0.707106781186549));
#5978=DIRECTION('ref_axis',(0.707106781186549,0.,0.707106781186546));
#5979=DIRECTION('',(0.,1.,0.));
#5980=DIRECTION('center_axis',(0.707106781186549,0.,0.707106781186546));
#5981=DIRECTION('ref_axis',(0.707106781186546,0.,-0.707106781186549));
#5982=DIRECTION('center_axis',(0.,1.,0.));
#5983=DIRECTION('ref_axis',(-1.,0.,0.));
#5984=CARTESIAN_POINT('',(0.,0.,0.));
#5985=CARTESIAN_POINT('Origin',(37.5060899860186,17.,2.50000336976574));
#5986=CARTESIAN_POINT('',(38.0247191361201,17.,2.50000336976574));
#5987=CARTESIAN_POINT('',(38.0247191361201,12.0000021028411,2.50000336976574));
#5988=CARTESIAN_POINT('',(38.0247191361201,17.,2.50000336976574));
#5989=CARTESIAN_POINT('',(37.5060899860186,17.,2.50000336976574));
#5990=CARTESIAN_POINT('',(52.5060899860186,17.,2.50000336976573));
#5991=CARTESIAN_POINT('',(37.5060899860186,12.0000001788139,2.5000000372529));
#5992=CARTESIAN_POINT('',(37.5060899860186,17.,2.50000336976574));
#5993=CARTESIAN_POINT('',(37.5060899860186,6.00000008940697,2.5000000372529));
#5994=CARTESIAN_POINT('',(37.5060899860186,17.,2.50000336976574));
#5995=CARTESIAN_POINT('',(37.5060899860186,1.,2.50000336976574));
#5996=CARTESIAN_POINT('',(37.5060899860186,17.,2.50000336976574));
#5997=CARTESIAN_POINT('',(38.0247191361201,1.,2.50000336976574));
#5998=CARTESIAN_POINT('',(37.5060899860186,1.,2.50000336976574));
#5999=CARTESIAN_POINT('',(38.0247191361201,6.00000201343415,2.50000336976574));
#6000=CARTESIAN_POINT('',(38.0247191361201,17.,2.50000336976574));
#6001=CARTESIAN_POINT('',(38.0247191361201,17.,2.50000336976574));
#6002=CARTESIAN_POINT('Origin',(37.5060899860186,1.,1.00000336976574));
#6003=CARTESIAN_POINT('',(35.9690842175097,1.,4.55563828837615));
#6004=CARTESIAN_POINT('',(38.2700618485948,1.,2.25466065729112));
#6005=CARTESIAN_POINT('',(37.5060899860186,1.,-0.999996630234263));
#6006=CARTESIAN_POINT('',(37.5060899860186,1.,1.00000336976574));
#6007=CARTESIAN_POINT('',(36.5060899860186,1.,-1.99999663023426));
#6008=CARTESIAN_POINT('',(37.7560899860186,1.,-0.749996630234263));
#6009=CARTESIAN_POINT('',(36.5060899860186,1.,-2.99999663023426));
#6010=CARTESIAN_POINT('',(36.5060899860186,1.,-0.499996630234263));
#6011=CARTESIAN_POINT('',(37.5060899860186,1.,-3.99999663023426));
#6012=CARTESIAN_POINT('',(36.0060899860186,1.,-2.49999663023426));
#6013=CARTESIAN_POINT('',(40.5060899860186,1.,-3.99999663023426));
#6014=CARTESIAN_POINT('',(45.0060899860186,1.,-3.99999663023426));
#6015=CARTESIAN_POINT('',(41.5060899860186,1.,-2.99999663023426));
#6016=CARTESIAN_POINT('',(41.2560899860186,1.,-3.24999663023426));
#6017=CARTESIAN_POINT('',(41.5060899860186,1.,-1.99999663023426));
#6018=CARTESIAN_POINT('',(41.5060899860186,1.,-0.499996630234263));
#6019=CARTESIAN_POINT('',(40.5060899860186,1.,-0.999996630234263));
#6020=CARTESIAN_POINT('',(39.5060899860186,1.,3.36976573887815E-6));
#6021=CARTESIAN_POINT('',(40.5060899860186,1.,1.00000336976574));
#6022=CARTESIAN_POINT('',(40.5060899860186,1.,1.00000336976574));
#6023=CARTESIAN_POINT('',(46.5060899860186,1.,1.00000336976574));
#6024=CARTESIAN_POINT('',(44.8718385438914,1.,1.00000336976574));
#6025=CARTESIAN_POINT('',(46.5060899860186,1.,-0.999996630234263));
#6026=CARTESIAN_POINT('',(46.5060899860186,1.,1.00000336976574));
#6027=CARTESIAN_POINT('',(45.5060899860186,1.,-1.99999663023426));
#6028=CARTESIAN_POINT('',(44.5060899860186,1.,-2.99999663023426));
#6029=CARTESIAN_POINT('',(45.5060899860186,1.,-2.99999663023426));
#6030=CARTESIAN_POINT('',(45.5060899860186,1.,-0.499996630234263));
#6031=CARTESIAN_POINT('',(46.5060899860186,1.,-3.99999663023426));
#6032=CARTESIAN_POINT('',(42.7560899860186,1.,-0.249996630234256));
#6033=CARTESIAN_POINT('',(49.5060899860186,1.,-3.99999663023426));
#6034=CARTESIAN_POINT('',(45.0060899860186,1.,-3.99999663023426));
#6035=CARTESIAN_POINT('',(50.5060899860186,1.,-2.99999663023426));
#6036=CARTESIAN_POINT('',(48.0060899860186,1.,-5.49999663023426));
#6037=CARTESIAN_POINT('',(50.5060899860186,1.,-1.99999663023426));
#6038=CARTESIAN_POINT('',(50.5060899860186,1.,-0.499996630234263));
#6039=CARTESIAN_POINT('',(49.5060899860186,1.,-0.999996630234263));
#6040=CARTESIAN_POINT('',(46.2560899860186,1.,2.25000336976574));
#6041=CARTESIAN_POINT('',(49.5060899860186,1.,1.00000336976574));
#6042=CARTESIAN_POINT('',(49.5060899860186,1.,1.00000336976574));
#6043=CARTESIAN_POINT('',(55.5060899860186,1.,1.00000336976574));
#6044=CARTESIAN_POINT('',(44.8718385438914,1.,1.00000336976574));
#6045=CARTESIAN_POINT('',(55.5060899860186,1.,-0.999996630234263));
#6046=CARTESIAN_POINT('',(55.5060899860186,1.,1.00000336976574));
#6047=CARTESIAN_POINT('',(54.5060899860186,1.,-1.99999663023426));
#6048=CARTESIAN_POINT('',(51.2560899860186,1.,-5.24999663023426));
#6049=CARTESIAN_POINT('',(54.5060899860186,1.,-2.99999663023426));
#6050=CARTESIAN_POINT('',(54.5060899860186,1.,-0.499996630234263));
#6051=CARTESIAN_POINT('',(55.5060899860186,1.,-3.99999663023426));
#6052=CARTESIAN_POINT('',(49.5060899860186,1.,2.00000336976574));
#6053=CARTESIAN_POINT('',(58.5060899860186,1.,-3.99999663023426));
#6054=CARTESIAN_POINT('',(45.0060899860186,1.,-3.99999663023426));
#6055=CARTESIAN_POINT('',(59.5060899860186,1.,-2.99999663023426));
#6056=CARTESIAN_POINT('',(54.7560899860186,1.,-7.74999663023426));
#6057=CARTESIAN_POINT('',(59.5060899860186,1.,-1.99999663023426));
#6058=CARTESIAN_POINT('',(59.5060899860186,1.,-0.499996630234263));
#6059=CARTESIAN_POINT('',(58.5060899860186,1.,-0.999996630234263));
#6060=CARTESIAN_POINT('',(53.0060899860186,1.,4.50000336976574));
#6061=CARTESIAN_POINT('',(58.5060899860186,1.,1.00000336976574));
#6062=CARTESIAN_POINT('',(58.5060899860186,1.,1.00000336976574));
#6063=CARTESIAN_POINT('',(64.5060899860186,1.,1.00000336976574));
#6064=CARTESIAN_POINT('',(44.8718385438914,1.,1.00000336976574));
#6065=CARTESIAN_POINT('',(64.5060899860186,1.,-0.999996630234263));
#6066=CARTESIAN_POINT('',(64.5060899860186,1.,1.00000336976574));
#6067=CARTESIAN_POINT('',(63.5060899860186,1.,-1.99999663023426));
#6068=CARTESIAN_POINT('',(58.0060899860186,1.,-7.49999663023426));
#6069=CARTESIAN_POINT('',(63.5060899860186,1.,-2.99999663023426));
#6070=CARTESIAN_POINT('',(63.5060899860186,1.,-0.499996630234263));
#6071=CARTESIAN_POINT('',(64.5060899860186,1.,-3.99999663023426));
#6072=CARTESIAN_POINT('',(56.2560899860186,1.,4.25000336976574));
#6073=CARTESIAN_POINT('',(67.5060899860186,1.,-3.99999663023426));
#6074=CARTESIAN_POINT('',(45.0060899860186,1.,-3.99999663023426));
#6075=CARTESIAN_POINT('',(68.5060899860186,1.,-2.99999663023426));
#6076=CARTESIAN_POINT('',(61.5060899860186,1.,-9.99999663023426));
#6077=CARTESIAN_POINT('',(68.5060899860186,1.,-1.99999663023426));
#6078=CARTESIAN_POINT('',(68.5060899860186,1.,-0.499996630234263));
#6079=CARTESIAN_POINT('',(67.5060899860186,1.,-0.999996630234263));
#6080=CARTESIAN_POINT('',(59.7560899860186,1.,6.75000336976573));
#6081=CARTESIAN_POINT('',(67.5060899860186,1.,1.00000336976574));
#6082=CARTESIAN_POINT('',(67.5060899860186,1.,1.00000336976574));
#6083=CARTESIAN_POINT('',(75.8742718042004,1.,1.00000336976574));
#6084=CARTESIAN_POINT('',(44.8718385438914,1.,1.00000336976574));
#6085=CARTESIAN_POINT('',(75.8742718042004,1.,2.50000336976574));
#6086=CARTESIAN_POINT('',(75.8742718042004,1.,2.00000336976574));
#6087=CARTESIAN_POINT('',(73.2529514606408,1.,5.12132371332538));
#6088=CARTESIAN_POINT('',(70.5920207233297,1.,7.78225445063647));
#6089=CARTESIAN_POINT('',(72.6872660356916,1.,4.55563828837615));
#6090=CARTESIAN_POINT('',(68.2485178390752,1.,0.116890091759855));
#6091=CARTESIAN_POINT('',(74.7429009543019,1.,2.50000336976574));
#6092=CARTESIAN_POINT('',(70.8041527576857,1.,6.43875156638202));
#6093=CARTESIAN_POINT('',(73.2515445314732,1.,2.50000336976574));
#6094=CARTESIAN_POINT('',(54.0774036422546,1.,2.50000336976574));
#6095=CARTESIAN_POINT('',(70.6302241879135,1.,5.12132371332538));
#6096=CARTESIAN_POINT('',(68.6249752687843,1.,7.12657263245465));
#6097=CARTESIAN_POINT('',(70.0645387629643,1.,4.55563828837615));
#6098=CARTESIAN_POINT('',(66.2814723845298,1.,0.772571909941672));
#6099=CARTESIAN_POINT('',(72.1201736815747,1.,2.50000336976574));
#6100=CARTESIAN_POINT('',(68.8371073031402,1.,5.78306974820021));
#6101=CARTESIAN_POINT('',(70.6288172587459,1.,2.50000336976574));
#6102=CARTESIAN_POINT('',(54.0774036422546,1.,2.50000336976574));
#6103=CARTESIAN_POINT('',(68.0074969151862,1.,5.12132371332538));
#6104=CARTESIAN_POINT('',(66.6579298142388,1.,6.47089081427283));
#6105=CARTESIAN_POINT('',(67.441811490237,1.,4.55563828837615));
#6106=CARTESIAN_POINT('',(64.3144269299843,1.,1.42825372812349));
#6107=CARTESIAN_POINT('',(69.4974464088474,1.,2.50000336976574));
#6108=CARTESIAN_POINT('',(66.8700618485948,1.,5.12738793001839));
#6109=CARTESIAN_POINT('',(68.0060899860186,1.,2.50000336976574));
#6110=CARTESIAN_POINT('',(54.0774036422546,1.,2.50000336976574));
#6111=CARTESIAN_POINT('',(65.384769642459,1.,5.12132371332538));
#6112=CARTESIAN_POINT('',(59.4454298142388,1.,11.0606635415456));
#6113=CARTESIAN_POINT('',(64.8190842175097,1.,4.55563828837615));
#6114=CARTESIAN_POINT('',(57.1019269299843,1.,-3.16151899914923));
#6115=CARTESIAN_POINT('',(66.8747191361201,1.,2.50000336976574));
#6116=CARTESIAN_POINT('',(59.6575618485948,1.,9.71716065729112));
#6117=CARTESIAN_POINT('',(65.3833627132913,1.,2.50000336976574));
#6118=CARTESIAN_POINT('',(43.5864945513455,1.,2.50000336976574));
#6119=CARTESIAN_POINT('',(62.7620423697317,1.,5.12132371332538));
#6120=CARTESIAN_POINT('',(57.4783843596934,1.,10.4049817233637));
#6121=CARTESIAN_POINT('',(62.1963569447825,1.,4.55563828837615));
#6122=CARTESIAN_POINT('',(55.1348814754389,1.,-2.50583718096741));
#6123=CARTESIAN_POINT('',(64.2519918633929,1.,2.50000336976574));
#6124=CARTESIAN_POINT('',(57.6905163940493,1.,9.0614788391093));
#6125=CARTESIAN_POINT('',(62.7606354405641,1.,2.50000336976574));
#6126=CARTESIAN_POINT('',(43.5864945513455,1.,2.50000336976574));
#6127=CARTESIAN_POINT('',(60.1393150970044,1.,5.12132371332538));
#6128=CARTESIAN_POINT('',(55.5113389051479,1.,9.74929990518192));
#6129=CARTESIAN_POINT('',(59.5736296720552,1.,4.55563828837615));
#6130=CARTESIAN_POINT('',(53.1678360208934,1.,-1.8501553627856));
#6131=CARTESIAN_POINT('',(61.6292645906656,1.,2.50000336976574));
#6132=CARTESIAN_POINT('',(55.7234709395039,1.,8.40579702092748));
#6133=CARTESIAN_POINT('',(60.1379081678368,1.,2.50000336976574));
#6134=CARTESIAN_POINT('',(43.5864945513455,1.,2.50000336976574));
#6135=CARTESIAN_POINT('',(57.5165878242772,1.,5.12132371332538));
#6136=CARTESIAN_POINT('',(53.5442934506025,1.,9.0936180870001));
#6137=CARTESIAN_POINT('',(56.9509023993279,1.,4.55563828837615));
#6138=CARTESIAN_POINT('',(51.200790566348,1.,-1.19447354460378));
#6139=CARTESIAN_POINT('',(59.0065373179383,1.,2.50000336976574));
#6140=CARTESIAN_POINT('',(53.7564254849584,1.,7.75011520274566));
#6141=CARTESIAN_POINT('',(57.5151808951095,1.,2.50000336976574));
#6142=CARTESIAN_POINT('',(43.5864945513455,1.,2.50000336976574));
#6143=CARTESIAN_POINT('',(54.8938605515499,1.,5.12132371332538));
#6144=CARTESIAN_POINT('',(51.577247996057,1.,8.43793626881829));
#6145=CARTESIAN_POINT('',(54.3281751266006,1.,4.55563828837615));
#6146=CARTESIAN_POINT('',(49.2337451118025,1.,-0.538791726421962));
#6147=CARTESIAN_POINT('',(56.383810045211,1.,2.50000336976574));
#6148=CARTESIAN_POINT('',(51.789380030413,1.,7.09443338456384));
#6149=CARTESIAN_POINT('',(54.8924536223822,1.,2.50000336976574));
#6150=CARTESIAN_POINT('',(43.5864945513455,1.,2.50000336976574));
#6151=CARTESIAN_POINT('',(52.2711332788226,1.,5.12132371332538));
#6152=CARTESIAN_POINT('',(49.6102025415115,1.,7.78225445063647));
#6153=CARTESIAN_POINT('',(51.7054478538734,1.,4.55563828837615));
#6154=CARTESIAN_POINT('',(47.2666996572571,1.,0.116890091759855));
#6155=CARTESIAN_POINT('',(53.7610827724838,1.,2.50000336976574));
#6156=CARTESIAN_POINT('',(49.8223345758675,1.,6.43875156638202));
#6157=CARTESIAN_POINT('',(52.269726349655,1.,2.50000336976574));
#6158=CARTESIAN_POINT('',(43.5864945513455,1.,2.50000336976574));
#6159=CARTESIAN_POINT('',(49.6484060060953,1.,5.12132371332538));
#6160=CARTESIAN_POINT('',(47.6431570869661,1.,7.12657263245465));
#6161=CARTESIAN_POINT('',(49.0827205811461,1.,4.55563828837615));
#6162=CARTESIAN_POINT('',(45.2996542027116,1.,0.772571909941672));
#6163=CARTESIAN_POINT('',(51.1383554997565,1.,2.50000336976574));
#6164=CARTESIAN_POINT('',(47.8552891213221,1.,5.78306974820021));
#6165=CARTESIAN_POINT('',(49.6469990769277,1.,2.50000336976574));
#6166=CARTESIAN_POINT('',(43.5864945513455,1.,2.50000336976574));
#6167=CARTESIAN_POINT('',(47.0256787333681,1.,5.12132371332538));
#6168=CARTESIAN_POINT('',(45.6761116324206,1.,6.47089081427283));
#6169=CARTESIAN_POINT('',(46.4599933084188,1.,4.55563828837615));
#6170=CARTESIAN_POINT('',(43.3326087481662,1.,1.42825372812349));
#6171=CARTESIAN_POINT('',(48.5156282270292,1.,2.50000336976574));
#6172=CARTESIAN_POINT('',(45.8882436667766,1.,5.12738793001839));
#6173=CARTESIAN_POINT('',(47.0242718042004,1.,2.50000336976574));
#6174=CARTESIAN_POINT('',(43.5864945513455,1.,2.50000336976574));
#6175=CARTESIAN_POINT('',(44.4029514606408,1.,5.12132371332538));
#6176=CARTESIAN_POINT('',(43.7090661778752,1.,5.81520899609101));
#6177=CARTESIAN_POINT('',(43.8372660356915,1.,4.55563828837615));
#6178=CARTESIAN_POINT('',(41.3655632936207,1.,2.08393554630531));
#6179=CARTESIAN_POINT('',(45.8929009543019,1.,2.50000336976574));
#6180=CARTESIAN_POINT('',(43.9211982122311,1.,4.47170611183657));
#6181=CARTESIAN_POINT('',(44.4015445314732,1.,2.50000336976574));
#6182=CARTESIAN_POINT('',(43.5864945513455,1.,2.50000336976574));
#6183=CARTESIAN_POINT('',(41.7802241879135,1.,5.12132371332538));
#6184=CARTESIAN_POINT('',(41.7420207233297,1.,5.1595271779092));
#6185=CARTESIAN_POINT('',(41.2145387629643,1.,4.55563828837615));
#6186=CARTESIAN_POINT('',(39.3985178390753,1.,2.73961736448713));
#6187=CARTESIAN_POINT('',(43.2701736815747,1.,2.50000336976574));
#6188=CARTESIAN_POINT('',(41.9541527576857,1.,3.81602429365475));
#6189=CARTESIAN_POINT('',(41.7788172587459,1.,2.50000336976574));
#6190=CARTESIAN_POINT('',(43.5864945513455,1.,2.50000336976574));
#6191=CARTESIAN_POINT('',(39.1574969151863,1.,5.12132371332538));
#6192=CARTESIAN_POINT('',(39.7749752687842,1.,4.50384535972738));
#6193=CARTESIAN_POINT('',(38.591811490237,1.,4.55563828837615));
#6194=CARTESIAN_POINT('',(37.4314723845298,1.,3.39529918266895));
#6195=CARTESIAN_POINT('',(40.6474464088474,1.,2.50000336976574));
#6196=CARTESIAN_POINT('',(39.9871073031402,1.,3.16034247547294));
#6197=CARTESIAN_POINT('',(39.1560899860186,1.,2.50000336976574));
#6198=CARTESIAN_POINT('',(43.5864945513455,1.,2.50000336976574));
#6199=CARTESIAN_POINT('',(36.534769642459,1.,5.12132371332538));
#6200=CARTESIAN_POINT('',(37.8079298142388,1.,3.84816354154556));
#6201=CARTESIAN_POINT('',(35.4644269299844,1.,4.05098100085076));
#6202=CARTESIAN_POINT('Origin',(75.8742718042004,13.5134221088275,5.12132371332538));
#6203=CARTESIAN_POINT('',(35.9690842175097,13.1868234764564,4.55563828837615));
#6204=CARTESIAN_POINT('',(46.5330005043692,7.08774356454141,-6.00827799848337));
#6205=CARTESIAN_POINT('',(39.1560899860186,11.9999982547868,2.50000336976574));
#6206=CARTESIAN_POINT('',(75.8742718042004,12.0000001788139,2.5000000372529));
#6207=CARTESIAN_POINT('',(36.534769642459,13.5134221088275,5.12132371332538));
#6208=CARTESIAN_POINT('',(46.5127974534782,7.75260506615399,-4.85670409769385));
#6209=CARTESIAN_POINT('',(43.1740918614936,17.3466365792238,11.76064593236));
#6210=CARTESIAN_POINT('Origin',(37.5060899860186,17.,1.00000336976574));
#6211=CARTESIAN_POINT('',(37.5060899860186,17.,-0.999996630234263));
#6212=CARTESIAN_POINT('',(37.5060899860186,17.,1.00000336976574));
#6213=CARTESIAN_POINT('',(37.5060899860186,13.,-0.999996630234263));
#6214=CARTESIAN_POINT('Origin',(75.8742718042004,6.00000008940697,2.5000000372529));
#6215=CARTESIAN_POINT('',(57.5151808951095,6.00000201343415,2.50000336976574));
#6216=CARTESIAN_POINT('',(54.8938605515499,4.48657815939338,5.12132371332538));
#6217=CARTESIAN_POINT('',(59.7072604048079,7.2655958603892,0.307923860067371));
#6218=CARTESIAN_POINT('',(56.383810045211,6.00000201343415,2.50000336976574));
#6219=CARTESIAN_POINT('',(75.8742718042004,6.00000008940697,2.5000000372529));
#6220=CARTESIAN_POINT('',(54.3281751266006,4.81317679176447,4.55563828837615));
#6221=CARTESIAN_POINT('',(59.7274634556989,7.93045736200178,-0.84365004072215));
#6222=CARTESIAN_POINT('',(58.8296289101639,2.21426123807959,9.05709207193936));
#6223=CARTESIAN_POINT('Origin',(75.8742718042004,6.00000008940697,2.5000000372529));
#6224=CARTESIAN_POINT('',(60.1379081678368,6.00000201343415,2.50000336976574));
#6225=CARTESIAN_POINT('',(57.5165878242772,4.48657815939338,5.12132371332538));
#6226=CARTESIAN_POINT('',(61.7679746905222,6.94111751104919,0.869936847080356));
#6227=CARTESIAN_POINT('',(59.0065373179383,6.00000201343415,2.50000336976574));
#6228=CARTESIAN_POINT('',(75.8742718042004,6.00000008940697,2.5000000372529));
#6229=CARTESIAN_POINT('',(56.9509023993279,4.81317679176447,4.55563828837615));
#6230=CARTESIAN_POINT('',(61.7881777414132,7.60597901266176,-0.281637053709164));
#6231=CARTESIAN_POINT('',(60.8903431958781,2.53873958741961,8.49507908492637));
#6232=CARTESIAN_POINT('Origin',(75.8742718042004,6.00000008940697,2.5000000372529));
#6233=CARTESIAN_POINT('',(51.7054478538734,4.81317679176447,4.55563828837615));
#6234=CARTESIAN_POINT('',(53.7610827724838,6.00000201343415,2.50000336976574));
#6235=CARTESIAN_POINT('',(57.6667491699846,8.25493571134179,-1.40566302773514));
#6236=CARTESIAN_POINT('',(52.2711332788226,4.48657815939338,5.12132371332538));
#6237=CARTESIAN_POINT('',(56.7689146244496,1.88978288873958,9.61910505895234));
#6238=CARTESIAN_POINT('',(54.8924536223822,6.00000201343415,2.50000336976574));
#6239=CARTESIAN_POINT('',(57.6465461190936,7.59007420972922,-0.25408912694562));
#6240=CARTESIAN_POINT('',(75.8742718042004,6.00000008940697,2.5000000372529));
#6241=CARTESIAN_POINT('Origin',(75.8742718042004,6.00000008940697,2.5000000372529));
#6242=CARTESIAN_POINT('',(62.7606354405641,6.00000201343415,2.50000336976574));
#6243=CARTESIAN_POINT('',(60.1393150970044,4.48657815939338,5.12132371332538));
#6244=CARTESIAN_POINT('',(63.8286889762365,6.61663916170917,1.43194983409334));
#6245=CARTESIAN_POINT('',(61.6292645906656,6.00000201343415,2.50000336976574));
#6246=CARTESIAN_POINT('',(75.8742718042004,6.00000008940697,2.5000000372529));
#6247=CARTESIAN_POINT('',(59.5736296720552,4.81317679176447,4.55563828837615));
#6248=CARTESIAN_POINT('',(63.8488920271275,7.28150066332175,0.280375933303825));
#6249=CARTESIAN_POINT('',(62.9510574815924,2.86321793675962,7.93306609791338));
#6250=CARTESIAN_POINT('Origin',(75.8742718042004,6.00000008940697,2.5000000372529));
#6251=CARTESIAN_POINT('',(49.0827205811461,4.81317679176447,4.55563828837615));
#6252=CARTESIAN_POINT('',(51.1383554997565,6.00000201343415,2.50000336976574));
#6253=CARTESIAN_POINT('',(55.6060348842703,8.5794140606818,-1.96767601474813));
#6254=CARTESIAN_POINT('',(49.6484060060953,4.48657815939338,5.12132371332538));
#6255=CARTESIAN_POINT('',(54.7082003387353,1.56530453939957,10.1811180459653));
#6256=CARTESIAN_POINT('',(52.269726349655,6.00000201343415,2.50000336976574));
#6257=CARTESIAN_POINT('',(55.5858318333793,7.91455255906923,-0.816102113958606));
#6258=CARTESIAN_POINT('',(75.8742718042004,6.00000008940697,2.5000000372529));
#6259=CARTESIAN_POINT('Origin',(75.8742718042004,6.00000008940697,2.5000000372529));
#6260=CARTESIAN_POINT('',(65.3833627132913,6.00000201343415,2.50000336976574));
#6261=CARTESIAN_POINT('',(62.7620423697317,4.48657815939338,5.12132371332538));
#6262=CARTESIAN_POINT('',(65.8894032619507,6.29216081236916,1.99396282110633));
#6263=CARTESIAN_POINT('',(64.2519918633929,6.00000201343415,2.50000336976574));
#6264=CARTESIAN_POINT('',(75.8742718042004,6.00000008940697,2.5000000372529));
#6265=CARTESIAN_POINT('',(62.1963569447825,4.81317679176447,4.55563828837615));
#6266=CARTESIAN_POINT('',(65.9096063128418,6.95702231398174,0.842388920316809));
#6267=CARTESIAN_POINT('',(65.0117717673067,3.18769628609963,7.3710531109004));
#6268=CARTESIAN_POINT('Origin',(75.8742718042004,6.00000008940697,2.5000000372529));
#6269=CARTESIAN_POINT('',(46.4599933084188,4.81317679176447,4.55563828837615));
#6270=CARTESIAN_POINT('',(48.5156282270292,6.00000201343415,2.50000336976574));
#6271=CARTESIAN_POINT('',(53.545320598556,8.90389241002182,-2.52968900176111));
#6272=CARTESIAN_POINT('',(47.0256787333681,4.48657815939338,5.12132371332538));
#6273=CARTESIAN_POINT('',(52.647486053021,1.24082619005955,10.7431310329783));
#6274=CARTESIAN_POINT('',(49.6469990769277,6.00000201343415,2.50000336976574));
#6275=CARTESIAN_POINT('',(53.525117547665,8.23903090840924,-1.37811510097159));
#6276=CARTESIAN_POINT('',(75.8742718042004,6.00000008940697,2.5000000372529));
#6277=CARTESIAN_POINT('Origin',(75.8742718042004,6.00000008940697,2.5000000372529));
#6278=CARTESIAN_POINT('',(68.0060899860186,6.00000201343415,2.50000336976574));
#6279=CARTESIAN_POINT('',(65.384769642459,4.48657815939338,5.12132371332538));
#6280=CARTESIAN_POINT('',(67.950117547665,5.96768246302915,2.55597580811932));
#6281=CARTESIAN_POINT('',(66.8747191361201,6.00000201343415,2.50000336976574));
#6282=CARTESIAN_POINT('',(75.8742718042004,6.00000008940697,2.5000000372529));
#6283=CARTESIAN_POINT('',(64.8190842175097,4.81317679176447,4.55563828837615));
#6284=CARTESIAN_POINT('',(67.9703205985561,6.63254396464172,1.4044019073298));
#6285=CARTESIAN_POINT('',(67.072486053021,3.51217463543965,6.80904012388741));
#6286=CARTESIAN_POINT('Origin',(75.8742718042004,6.00000008940697,2.5000000372529));
#6287=CARTESIAN_POINT('',(43.8372660356915,4.81317679176447,4.55563828837615));
#6288=CARTESIAN_POINT('',(45.8929009543019,6.00000201343415,2.50000336976574));
#6289=CARTESIAN_POINT('',(51.4846063128417,9.22837075936183,-3.0917019887741));
#6290=CARTESIAN_POINT('',(44.4029514606408,4.48657815939338,5.12132371332538));
#6291=CARTESIAN_POINT('',(50.5867717673067,0.916347840719536,11.3051440199913));
#6292=CARTESIAN_POINT('',(47.0242718042004,6.00000201343415,2.50000336976574));
#6293=CARTESIAN_POINT('',(51.4644032619507,8.56350925774925,-1.94012808798458));
#6294=CARTESIAN_POINT('',(75.8742718042004,6.00000008940697,2.5000000372529));
#6295=CARTESIAN_POINT('Origin',(75.8742718042004,6.00000008940697,2.5000000372529));
#6296=CARTESIAN_POINT('',(70.6288205912587,6.00000008940697,2.5000000372529));
#6297=CARTESIAN_POINT('',(68.0074969151862,4.48657815939338,5.12132371332538));
#6298=CARTESIAN_POINT('',(70.0108318333793,5.64320411368913,3.1179887951323));
#6299=CARTESIAN_POINT('',(69.4974497413602,6.00000008940697,2.5000000372529));
#6300=CARTESIAN_POINT('',(75.8742718042004,6.00000008940697,2.5000000372529));
#6301=CARTESIAN_POINT('',(67.441811490237,4.81317679176447,4.55563828837615));
#6302=CARTESIAN_POINT('',(70.0310348842704,6.30806561530171,1.96641489434278));
#6303=CARTESIAN_POINT('',(69.1332003387353,3.83665298477966,6.24702713687442));
#6304=CARTESIAN_POINT('Origin',(75.8742718042004,6.00000008940697,2.5000000372529));
#6305=CARTESIAN_POINT('',(41.2145387629643,4.81317679176447,4.55563828837615));
#6306=CARTESIAN_POINT('',(43.2701736815747,6.00000201343415,2.50000336976574));
#6307=CARTESIAN_POINT('',(49.4238920271275,9.55284910870184,-3.65371497578708));
#6308=CARTESIAN_POINT('',(41.7802241879135,4.48657815939338,5.12132371332538));
#6309=CARTESIAN_POINT('',(48.5260574815925,0.591869491379524,11.8671570070043));
#6310=CARTESIAN_POINT('',(44.4015445314732,6.00000201343415,2.50000336976574));
#6311=CARTESIAN_POINT('',(49.4036889762364,8.88798760708927,-2.50214107499756));
#6312=CARTESIAN_POINT('',(75.8742718042004,6.00000008940697,2.5000000372529));
#6313=CARTESIAN_POINT('Origin',(75.8742718042004,6.00000008940697,2.5000000372529));
#6314=CARTESIAN_POINT('',(73.251547863986,6.00000008940697,2.5000000372529));
#6315=CARTESIAN_POINT('',(70.6302241879135,4.48657815939338,5.12132371332538));
#6316=CARTESIAN_POINT('',(72.0715461190936,5.31872576434912,3.68000178214529));
#6317=CARTESIAN_POINT('',(72.1201770140875,6.00000008940697,2.5000000372529));
#6318=CARTESIAN_POINT('',(75.8742718042004,6.00000008940697,2.5000000372529));
#6319=CARTESIAN_POINT('',(70.0645387629643,4.81317679176447,4.55563828837615));
#6320=CARTESIAN_POINT('',(72.0917491699847,5.9835872659617,2.52842788135577));
#6321=CARTESIAN_POINT('',(71.1939146244496,4.16113133411968,5.68501414986143));
#6322=CARTESIAN_POINT('Origin',(75.8742718042004,6.00000008940697,2.5000000372529));
#6323=CARTESIAN_POINT('',(38.591811490237,4.81317679176447,4.55563828837615));
#6324=CARTESIAN_POINT('',(40.6474464088474,6.00000201343415,2.50000336976574));
#6325=CARTESIAN_POINT('',(47.3631777414132,9.87732745804186,-4.21572796280007));
#6326=CARTESIAN_POINT('',(39.1574969151862,4.48657815939338,5.12132371332538));
#6327=CARTESIAN_POINT('',(46.4653431958782,0.267391142039511,12.4291699940173));
#6328=CARTESIAN_POINT('',(41.7788172587459,6.00000201343415,2.50000336976574));
#6329=CARTESIAN_POINT('',(47.3429746905222,9.21246595642928,-3.06415406201055));
#6330=CARTESIAN_POINT('',(75.8742718042004,6.00000008940697,2.5000000372529));
#6331=CARTESIAN_POINT('Origin',(75.8742718042004,6.00000008940697,2.5000000372529));
#6332=CARTESIAN_POINT('',(75.8742718042004,6.00000008940697,2.5000000372529));
#6333=CARTESIAN_POINT('',(73.2529514606408,4.48657815939338,5.12132371332538));
#6334=CARTESIAN_POINT('',(74.1322604048079,4.99424741500911,4.24201476915827));
#6335=CARTESIAN_POINT('',(74.7429042868148,6.00000008940697,2.5000000372529));
#6336=CARTESIAN_POINT('',(75.8742718042004,6.00000008940697,2.5000000372529));
#6337=CARTESIAN_POINT('',(72.6872660356916,4.81317679176447,4.55563828837615));
#6338=CARTESIAN_POINT('',(74.1524634556989,5.65910891662169,3.09044086836875));
#6339=CARTESIAN_POINT('',(73.2546289101638,4.48560968345969,5.12300116284845));
#6340=CARTESIAN_POINT('Origin',(75.8742718042004,7.51342201942055,5.12132371332538));
#6341=CARTESIAN_POINT('',(54.8938605515499,7.51342201942055,5.12132371332538));
#6342=CARTESIAN_POINT('',(60.1954899534589,4.45252485708476,-0.180305688583609));
#6343=CARTESIAN_POINT('',(54.3281751266006,7.18682338704946,4.55563828837615));
#6344=CARTESIAN_POINT('',(58.3413993615129,9.50385947939438,8.56886252328838));
#6345=CARTESIAN_POINT('',(60.2156930043499,3.78766335547218,-1.33187958937313));
#6346=CARTESIAN_POINT('Origin',(75.8742718042004,7.51342201942055,5.12132371332538));
#6347=CARTESIAN_POINT('',(51.7054478538734,7.18682338704946,4.55563828837615));
#6348=CARTESIAN_POINT('',(58.1549787186356,3.46318500613217,-1.89389257638612));
#6349=CARTESIAN_POINT('',(52.2711332788226,7.51342201942055,5.12132371332538));
#6350=CARTESIAN_POINT('',(58.1347756677446,4.12804650774475,-0.742318675596599));
#6351=CARTESIAN_POINT('',(56.2806850757986,9.82833782873439,9.13087551030136));
#6352=CARTESIAN_POINT('Origin',(75.8742718042004,7.51342201942055,5.12132371332538));
#6353=CARTESIAN_POINT('',(57.5165878242772,7.51342201942055,5.12132371332538));
#6354=CARTESIAN_POINT('',(62.2562042391731,4.77700320642478,0.381707298429377));
#6355=CARTESIAN_POINT('',(56.9509023993279,7.18682338704946,4.55563828837615));
#6356=CARTESIAN_POINT('',(60.4021136472272,9.17938113005436,8.00684953627539));
#6357=CARTESIAN_POINT('',(62.2764072900642,4.1121417048122,-0.769866602360142));
#6358=CARTESIAN_POINT('Origin',(75.8742718042004,7.51342201942055,5.12132371332538));
#6359=CARTESIAN_POINT('',(49.0827205811461,7.18682338704946,4.55563828837615));
#6360=CARTESIAN_POINT('',(56.0942644329213,3.13870665679216,-2.4559055633991));
#6361=CARTESIAN_POINT('',(49.6484060060953,7.51342201942055,5.12132371332538));
#6362=CARTESIAN_POINT('',(56.0740613820303,3.80356815840473,-1.30433166260958));
#6363=CARTESIAN_POINT('',(54.2199707900843,10.1528161780744,9.69288849731435));
#6364=CARTESIAN_POINT('Origin',(75.8742718042004,7.51342201942055,5.12132371332538));
#6365=CARTESIAN_POINT('',(60.1393150970044,7.51342201942055,5.12132371332538));
#6366=CARTESIAN_POINT('',(64.3169185248874,5.10148155576479,0.943720285442366));
#6367=CARTESIAN_POINT('',(59.5736296720552,7.18682338704946,4.55563828837615));
#6368=CARTESIAN_POINT('',(62.4628279329415,8.85490278071435,7.44483654926241));
#6369=CARTESIAN_POINT('',(64.3371215757785,4.43662005415221,-0.207853615347154));
#6370=CARTESIAN_POINT('Origin',(75.8742718042004,7.51342201942055,5.12132371332538));
#6371=CARTESIAN_POINT('',(46.4599933084188,7.18682338704946,4.55563828837615));
#6372=CARTESIAN_POINT('',(54.033550147207,2.81422830745214,-3.01791855041209));
#6373=CARTESIAN_POINT('',(47.0256787333681,7.51342201942055,5.12132371332538));
#6374=CARTESIAN_POINT('',(54.013347096316,3.47908980906472,-1.86634464962257));
#6375=CARTESIAN_POINT('',(52.15925650437,10.4772945274144,10.2549014843273));
#6376=CARTESIAN_POINT('Origin',(75.8742718042004,7.51342201942055,5.12132371332538));
#6377=CARTESIAN_POINT('',(62.7620423697317,7.51342201942055,5.12132371332538));
#6378=CARTESIAN_POINT('',(66.3776328106017,5.4259599051048,1.50573327245535));
#6379=CARTESIAN_POINT('',(62.1963569447825,7.18682338704946,4.55563828837615));
#6380=CARTESIAN_POINT('',(64.5235422186557,8.53042443137434,6.88282356224942));
#6381=CARTESIAN_POINT('',(66.3978358614928,4.76109840349223,0.354159371665832));
#6382=CARTESIAN_POINT('Origin',(75.8742718042004,7.51342201942055,5.12132371332538));
#6383=CARTESIAN_POINT('',(43.8372660356915,7.18682338704946,4.55563828837615));
#6384=CARTESIAN_POINT('',(51.9728358614927,2.48974995811213,-3.57993153742507));
#6385=CARTESIAN_POINT('',(44.4029514606408,7.51342201942055,5.12132371332538));
#6386=CARTESIAN_POINT('',(51.9526328106017,3.15461145972471,-2.42835763663555));
#6387=CARTESIAN_POINT('',(50.0985422186558,10.8017728767544,10.8169144713403));
#6388=CARTESIAN_POINT('Origin',(75.8742718042004,7.51342201942055,5.12132371332538));
#6389=CARTESIAN_POINT('',(65.384769642459,7.51342201942055,5.12132371332538));
#6390=CARTESIAN_POINT('',(68.438347096316,5.75043825444482,2.06774625946834));
#6391=CARTESIAN_POINT('',(64.8190842175097,7.18682338704946,4.55563828837615));
#6392=CARTESIAN_POINT('',(66.58425650437,8.20594608203432,6.32081057523643));
#6393=CARTESIAN_POINT('',(68.458550147207,5.08557675283224,0.916172358678816));
#6394=CARTESIAN_POINT('Origin',(75.8742718042004,7.51342201942055,5.12132371332538));
#6395=CARTESIAN_POINT('',(41.2145387629643,7.18682338704946,4.55563828837615));
#6396=CARTESIAN_POINT('',(49.9121215757784,2.16527160877212,-4.14194452443806));
#6397=CARTESIAN_POINT('',(41.7802241879135,7.51342201942055,5.12132371332538));
#6398=CARTESIAN_POINT('',(49.8919185248874,2.83013311038469,-2.99037062364854));
#6399=CARTESIAN_POINT('',(48.0378279329415,11.1262512260944,11.3789274583533));
#6400=CARTESIAN_POINT('Origin',(75.8742718042004,7.51342201942055,5.12132371332538));
#6401=CARTESIAN_POINT('',(68.0074969151862,7.51342201942055,5.12132371332538));
#6402=CARTESIAN_POINT('',(70.4990613820303,6.07491660378483,2.62975924648132));
#6403=CARTESIAN_POINT('',(67.441811490237,7.18682338704946,4.55563828837615));
#6404=CARTESIAN_POINT('',(68.6449707900843,7.88146773269431,5.75879758822344));
#6405=CARTESIAN_POINT('',(70.5192644329213,5.41005510217225,1.4781853456918));
#6406=CARTESIAN_POINT('Origin',(75.8742718042004,7.51342201942055,5.12132371332538));
#6407=CARTESIAN_POINT('',(38.591811490237,7.18682338704946,4.55563828837615));
#6408=CARTESIAN_POINT('',(47.8514072900642,1.8407932594321,-4.70395751145105));
#6409=CARTESIAN_POINT('',(39.1574969151862,7.51342201942055,5.12132371332538));
#6410=CARTESIAN_POINT('',(47.8312042391731,2.50565476104468,-3.55238361066153));
#6411=CARTESIAN_POINT('',(45.9771136472272,11.4507295754345,11.9409404453663));
#6412=CARTESIAN_POINT('Origin',(75.8742718042004,7.51342201942055,5.12132371332538));
#6413=CARTESIAN_POINT('',(70.6302241879135,7.51342201942055,5.12132371332538));
#6414=CARTESIAN_POINT('',(72.5597756677446,6.39939495312484,3.19177223349431));
#6415=CARTESIAN_POINT('',(70.0645387629643,7.18682338704946,4.55563828837615));
#6416=CARTESIAN_POINT('',(70.7056850757986,7.55698938335429,5.19678460121046));
#6417=CARTESIAN_POINT('',(72.5799787186356,5.73453345151226,2.04019833270479));
#6418=CARTESIAN_POINT('Origin',(75.8742718042004,7.51342201942055,5.12132371332538));
#6419=CARTESIAN_POINT('',(35.9690842175097,7.18682338704946,4.55563828837615));
#6420=CARTESIAN_POINT('',(45.7906930043499,1.51631491009209,-5.26597049846403));
#6421=CARTESIAN_POINT('',(39.1560899860186,6.00000201343415,2.50000336976574));
#6422=CARTESIAN_POINT('',(75.8742718042004,6.00000008940697,2.5000000372529));
#6423=CARTESIAN_POINT('',(36.534769642459,7.51342201942055,5.12132371332538));
#6424=CARTESIAN_POINT('',(45.7704899534588,2.18117641170467,-4.11439659767451));
#6425=CARTESIAN_POINT('',(43.9163993615129,11.7752079247745,12.5029534323793));
#6426=CARTESIAN_POINT('Origin',(75.8742718042004,7.51342201942055,5.12132371332538));
#6427=CARTESIAN_POINT('',(73.2529514606408,7.51342201942055,5.12132371332538));
#6428=CARTESIAN_POINT('',(74.6204899534589,6.72387330246486,3.75378522050729));
#6429=CARTESIAN_POINT('',(72.6872660356916,7.18682338704946,4.55563828837615));
#6430=CARTESIAN_POINT('',(72.7663993615129,7.23251103401428,4.63477161419747));
#6431=CARTESIAN_POINT('',(74.6406930043499,6.05901180085228,2.60221131971777));
#6432=CARTESIAN_POINT('Origin',(75.8742718042004,6.00000008940697,2.5000000372529));
#6433=CARTESIAN_POINT('',(35.9690842175097,4.81317679176447,4.55563828837615));
#6434=CARTESIAN_POINT('',(45.3024634556989,10.2018058073819,-4.77774094981306));
#6435=CARTESIAN_POINT('',(36.534769642459,4.48657815939338,5.12132371332538));
#6436=CARTESIAN_POINT('',(44.4046289101639,-0.0570872073005024,12.9911829810303));
#6437=CARTESIAN_POINT('',(45.2822604048079,9.53694430576929,-3.62616704902354));
#6438=CARTESIAN_POINT('Origin',(75.8742718042004,12.0000001788139,2.5000000372529));
#6439=CARTESIAN_POINT('',(57.5151808951095,11.9999982547868,2.50000336976574));
#6440=CARTESIAN_POINT('',(54.8938605515499,10.4865782488003,5.12132371332538));
#6441=CARTESIAN_POINT('',(58.9649529047885,12.8370245148385,1.0502313600867));
#6442=CARTESIAN_POINT('',(56.383810045211,11.9999982547868,2.50000336976574));
#6443=CARTESIAN_POINT('',(75.8742718042004,12.0000001788139,2.5000000372529));
#6444=CARTESIAN_POINT('',(54.3281751266006,10.8131768811714,4.55563828837615));
#6445=CARTESIAN_POINT('',(58.9851559556796,13.5018860164511,-0.101342540702815));
#6446=CARTESIAN_POINT('',(59.5719364101832,7.78568989252892,9.79939957195869));
#6447=CARTESIAN_POINT('Origin',(75.8742718042004,12.0000001788139,2.5000000372529));
#6448=CARTESIAN_POINT('',(60.1379081678368,11.9999982547868,2.50000336976574));
#6449=CARTESIAN_POINT('',(57.5165878242772,10.4865782488003,5.12132371332538));
#6450=CARTESIAN_POINT('',(61.0256671905028,12.5125461654985,1.61224434709969));
#6451=CARTESIAN_POINT('',(59.0065373179383,11.9999982547868,2.50000336976574));
#6452=CARTESIAN_POINT('',(75.8742718042004,12.0000001788139,2.5000000372529));
#6453=CARTESIAN_POINT('',(56.9509023993279,10.8131768811714,4.55563828837615));
#6454=CARTESIAN_POINT('',(61.0458702413939,13.1774076671111,0.460670446310172));
#6455=CARTESIAN_POINT('',(61.6326506958975,8.11016824186894,9.2373865849457));
#6456=CARTESIAN_POINT('Origin',(75.8742718042004,12.0000001788139,2.5000000372529));
#6457=CARTESIAN_POINT('',(51.7054478538734,10.8131768811714,4.55563828837615));
#6458=CARTESIAN_POINT('',(53.7610827724838,11.9999982547868,2.50000336976574));
#6459=CARTESIAN_POINT('',(56.9244416699653,13.8263643657911,-0.663355527715804));
#6460=CARTESIAN_POINT('',(52.2711332788226,10.4865782488003,5.12132371332538));
#6461=CARTESIAN_POINT('',(57.5112221244689,7.46121154318891,10.3614125589717));
#6462=CARTESIAN_POINT('',(54.8924536223822,11.9999982547868,2.50000336976574));
#6463=CARTESIAN_POINT('',(56.9042386190743,13.1615028641785,0.488218373073714));
#6464=CARTESIAN_POINT('',(75.8742718042004,12.0000001788139,2.5000000372529));
#6465=CARTESIAN_POINT('Origin',(75.8742718042004,12.0000001788139,2.5000000372529));
#6466=CARTESIAN_POINT('',(62.7606354405641,11.9999982547868,2.50000336976574));
#6467=CARTESIAN_POINT('',(60.1393150970044,10.4865782488003,5.12132371332538));
#6468=CARTESIAN_POINT('',(63.0863814762171,12.1880678161585,2.17425733411268));
#6469=CARTESIAN_POINT('',(61.6292645906656,11.9999982547868,2.50000336976574));
#6470=CARTESIAN_POINT('',(75.8742718042004,12.0000001788139,2.5000000372529));
#6471=CARTESIAN_POINT('',(59.5736296720552,10.8131768811714,4.55563828837615));
#6472=CARTESIAN_POINT('',(63.1065845271082,12.8529293177711,1.02268343332316));
#6473=CARTESIAN_POINT('',(63.6933649816118,8.43464659120895,8.67537359793272));
#6474=CARTESIAN_POINT('Origin',(75.8742718042004,12.0000001788139,2.5000000372529));
#6475=CARTESIAN_POINT('',(49.0827205811461,10.8131768811714,4.55563828837615));
#6476=CARTESIAN_POINT('',(51.1383554997565,11.9999982547868,2.50000336976574));
#6477=CARTESIAN_POINT('',(54.863727384251,14.1508427151311,-1.22536851472879));
#6478=CARTESIAN_POINT('',(49.6484060060953,10.4865782488003,5.12132371332538));
#6479=CARTESIAN_POINT('',(55.4505078387546,7.1367331938489,10.9234255459847));
#6480=CARTESIAN_POINT('',(52.269726349655,11.9999982547868,2.50000336976574));
#6481=CARTESIAN_POINT('',(54.84352433336,13.4859812135186,-0.0737946139392698));
#6482=CARTESIAN_POINT('',(75.8742718042004,12.0000001788139,2.5000000372529));
#6483=CARTESIAN_POINT('Origin',(75.8742718042004,12.0000001788139,2.5000000372529));
#6484=CARTESIAN_POINT('',(65.3833627132913,11.9999982547868,2.50000336976574));
#6485=CARTESIAN_POINT('',(62.7620423697317,10.4865782488003,5.12132371332538));
#6486=CARTESIAN_POINT('',(65.1470957619314,11.8635894668185,2.73627032112567));
#6487=CARTESIAN_POINT('',(64.2519918633929,11.9999982547868,2.50000336976574));
#6488=CARTESIAN_POINT('',(75.8742718042004,12.0000001788139,2.5000000372529));
#6489=CARTESIAN_POINT('',(62.1963569447825,10.8131768811714,4.55563828837615));
#6490=CARTESIAN_POINT('',(65.1672988128224,12.5284509684311,1.58469642033615));
#6491=CARTESIAN_POINT('',(65.7540792673261,8.75912494054896,8.11336061091973));
#6492=CARTESIAN_POINT('Origin',(75.8742718042004,12.0000001788139,2.5000000372529));
#6493=CARTESIAN_POINT('',(46.4599933084188,10.8131768811714,4.55563828837615));
#6494=CARTESIAN_POINT('',(48.5156282270292,11.9999982547868,2.50000336976574));
#6495=CARTESIAN_POINT('',(52.8030130985367,14.4753210644711,-1.78738150174177));
#6496=CARTESIAN_POINT('',(47.0256787333681,10.4865782488003,5.12132371332538));
#6497=CARTESIAN_POINT('',(53.3897935530403,6.81225484450888,11.4854385329977));
#6498=CARTESIAN_POINT('',(49.6469990769277,11.9999982547868,2.50000336976574));
#6499=CARTESIAN_POINT('',(52.7828100476457,13.8104595628586,-0.635807600952256));
#6500=CARTESIAN_POINT('',(75.8742718042004,12.0000001788139,2.5000000372529));
#6501=CARTESIAN_POINT('Origin',(75.8742718042004,12.0000001788139,2.5000000372529));
#6502=CARTESIAN_POINT('',(68.0060899860186,11.9999982547868,2.50000336976574));
#6503=CARTESIAN_POINT('',(65.384769642459,10.4865782488003,5.12132371332538));
#6504=CARTESIAN_POINT('',(67.2078100476457,11.5391111174785,3.29828330813865));
#6505=CARTESIAN_POINT('',(66.8747191361201,11.9999982547868,2.50000336976574));
#6506=CARTESIAN_POINT('',(75.8742718042004,12.0000001788139,2.5000000372529));
#6507=CARTESIAN_POINT('',(64.8190842175097,10.8131768811714,4.55563828837615));
#6508=CARTESIAN_POINT('',(67.2280130985367,12.203972619091,2.14670940734913));
#6509=CARTESIAN_POINT('',(67.8147935530403,9.08360328988898,7.55134762390674));
#6510=CARTESIAN_POINT('Origin',(75.8742718042004,12.0000001788139,2.5000000372529));
#6511=CARTESIAN_POINT('',(43.8372660356915,10.8131768811714,4.55563828837615));
#6512=CARTESIAN_POINT('',(45.8929009543019,11.9999982547868,2.50000336976574));
#6513=CARTESIAN_POINT('',(50.7422988128224,14.7997994138112,-2.34939448875476));
#6514=CARTESIAN_POINT('',(44.4029514606408,10.4865782488003,5.12132371332538));
#6515=CARTESIAN_POINT('',(51.3290792673261,6.48777649516887,12.0474515200106));
#6516=CARTESIAN_POINT('',(47.0242718042004,11.9999982547868,2.50000336976574));
#6517=CARTESIAN_POINT('',(50.7220957619314,14.1349379121986,-1.19782058796524));
#6518=CARTESIAN_POINT('',(75.8742718042004,12.0000001788139,2.5000000372529));
#6519=CARTESIAN_POINT('Origin',(75.8742718042004,12.0000001788139,2.5000000372529));
#6520=CARTESIAN_POINT('',(70.6288205912587,12.0000001788139,2.5000000372529));
#6521=CARTESIAN_POINT('',(68.0074969151862,10.4865782488003,5.12132371332538));
#6522=CARTESIAN_POINT('',(69.26852433336,11.2146327681385,3.86029629515164));
#6523=CARTESIAN_POINT('',(69.4974497413602,12.0000001788139,2.5000000372529));
#6524=CARTESIAN_POINT('',(75.8742718042004,12.0000001788139,2.5000000372529));
#6525=CARTESIAN_POINT('',(67.441811490237,10.8131768811714,4.55563828837615));
#6526=CARTESIAN_POINT('',(69.288727384251,11.879494269751,2.70872239436212));
#6527=CARTESIAN_POINT('',(69.8755078387546,9.40808163922899,6.98933463689375));
#6528=CARTESIAN_POINT('Origin',(75.8742718042004,12.0000001788139,2.5000000372529));
#6529=CARTESIAN_POINT('',(41.2145387629643,10.8131768811714,4.55563828837615));
#6530=CARTESIAN_POINT('',(43.2701736815747,11.9999982547868,2.50000336976574));
#6531=CARTESIAN_POINT('',(48.6815845271081,15.1242777631512,-2.91140747576775));
#6532=CARTESIAN_POINT('',(41.7802241879135,10.4865782488003,5.12132371332538));
#6533=CARTESIAN_POINT('',(49.2683649816118,6.16329814582885,12.6094645070236));
#6534=CARTESIAN_POINT('',(44.4015445314732,11.9999982547868,2.50000336976574));
#6535=CARTESIAN_POINT('',(48.6613814762171,14.4594162615386,-1.75983357497823));
#6536=CARTESIAN_POINT('',(75.8742718042004,12.0000001788139,2.5000000372529));
#6537=CARTESIAN_POINT('Origin',(75.8742718042004,12.0000001788139,2.5000000372529));
#6538=CARTESIAN_POINT('',(73.251547863986,12.0000001788139,2.5000000372529));
#6539=CARTESIAN_POINT('',(70.6302241879135,10.4865782488003,5.12132371332538));
#6540=CARTESIAN_POINT('',(71.3292386190743,10.8901544187984,4.42230928216462));
#6541=CARTESIAN_POINT('',(72.1201770140875,12.0000001788139,2.5000000372529));
#6542=CARTESIAN_POINT('',(75.8742718042004,12.0000001788139,2.5000000372529));
#6543=CARTESIAN_POINT('',(70.0645387629643,10.8131768811714,4.55563828837615));
#6544=CARTESIAN_POINT('',(71.3494416699653,11.555015920411,3.2707353813751));
#6545=CARTESIAN_POINT('',(71.9362221244689,9.73255998856901,6.42732164988076));
#6546=CARTESIAN_POINT('Origin',(75.8742718042004,12.0000001788139,2.5000000372529));
#6547=CARTESIAN_POINT('',(38.591811490237,10.8131768811714,4.55563828837615));
#6548=CARTESIAN_POINT('',(40.6474464088474,11.9999982547868,2.50000336976574));
#6549=CARTESIAN_POINT('',(46.6208702413939,15.4487561124912,-3.47342046278074));
#6550=CARTESIAN_POINT('',(39.1574969151862,10.4865782488003,5.12132371332538));
#6551=CARTESIAN_POINT('',(47.2076506958975,5.83881979648884,13.1714774940366));
#6552=CARTESIAN_POINT('',(41.7788172587459,11.9999982547868,2.50000336976574));
#6553=CARTESIAN_POINT('',(46.6006671905028,14.7838946108786,-2.32184656199122));
#6554=CARTESIAN_POINT('',(75.8742718042004,12.0000001788139,2.5000000372529));
#6555=CARTESIAN_POINT('Origin',(75.8742718042004,12.0000001788139,2.5000000372529));
#6556=CARTESIAN_POINT('',(75.8742718042004,12.0000001788139,2.5000000372529));
#6557=CARTESIAN_POINT('',(73.2529514606408,10.4865782488003,5.12132371332538));
#6558=CARTESIAN_POINT('',(73.3899529047886,10.5656760694584,4.98432226917761));
#6559=CARTESIAN_POINT('',(74.7429042868148,12.0000001788139,2.5000000372529));
#6560=CARTESIAN_POINT('',(75.8742718042004,12.0000001788139,2.5000000372529));
#6561=CARTESIAN_POINT('',(72.6872660356916,10.8131768811714,4.55563828837615));
#6562=CARTESIAN_POINT('',(73.4101559556796,11.230537571071,3.83274836838809));
#6563=CARTESIAN_POINT('',(73.9969364101832,10.057038337909,5.86530866286778));
#6564=CARTESIAN_POINT('Origin',(75.8742718042004,13.5134221088275,5.12132371332538));
#6565=CARTESIAN_POINT('',(54.8938605515499,13.5134221088275,5.12132371332538));
#6566=CARTESIAN_POINT('',(60.9377974534782,10.0239535115341,-0.922613188602945));
#6567=CARTESIAN_POINT('',(54.3281751266006,13.1868234764564,4.55563828837615));
#6568=CARTESIAN_POINT('',(57.5990918614936,15.0752881338437,7.82655502326905));
#6569=CARTESIAN_POINT('',(60.9580005043692,9.35909200992151,-2.07418708939247));
#6570=CARTESIAN_POINT('Origin',(75.8742718042004,13.5134221088275,5.12132371332538));
#6571=CARTESIAN_POINT('',(51.7054478538734,13.1868234764564,4.55563828837615));
#6572=CARTESIAN_POINT('',(58.8972862186549,9.03461366058149,-2.63620007640545));
#6573=CARTESIAN_POINT('',(52.2711332788226,13.5134221088275,5.12132371332538));
#6574=CARTESIAN_POINT('',(58.8770831677639,9.69947516219407,-1.48462617561593));
#6575=CARTESIAN_POINT('',(55.5383775757793,15.3997664831837,8.38856801028203));
#6576=CARTESIAN_POINT('Origin',(75.8742718042004,13.5134221088275,5.12132371332538));
#6577=CARTESIAN_POINT('',(57.5165878242772,13.5134221088275,5.12132371332538));
#6578=CARTESIAN_POINT('',(62.9985117391925,10.3484318608741,-0.360600201589959));
#6579=CARTESIAN_POINT('',(56.9509023993279,13.1868234764564,4.55563828837615));
#6580=CARTESIAN_POINT('',(59.6598061472078,14.7508097845037,7.26454203625606));
#6581=CARTESIAN_POINT('',(63.0187147900835,9.68357035926152,-1.51217410237948));
#6582=CARTESIAN_POINT('Origin',(75.8742718042004,13.5134221088275,5.12132371332538));
#6583=CARTESIAN_POINT('',(49.0827205811461,13.1868234764564,4.55563828837615));
#6584=CARTESIAN_POINT('',(56.8365719329406,8.71013531124148,-3.19821306341844));
#6585=CARTESIAN_POINT('',(49.6484060060953,13.5134221088275,5.12132371332538));
#6586=CARTESIAN_POINT('',(56.8163688820496,9.37499681285406,-2.04663916262892));
#6587=CARTESIAN_POINT('',(53.477663290065,15.7242448325237,8.95058099729502));
#6588=CARTESIAN_POINT('Origin',(75.8742718042004,13.5134221088275,5.12132371332538));
#6589=CARTESIAN_POINT('',(60.1393150970044,13.5134221088275,5.12132371332538));
#6590=CARTESIAN_POINT('',(65.0592260249068,10.6729102102141,0.20141278542303));
#6591=CARTESIAN_POINT('',(59.5736296720552,13.1868234764564,4.55563828837615));
#6592=CARTESIAN_POINT('',(61.7205204329221,14.4263314351637,6.70252904924307));
#6593=CARTESIAN_POINT('',(65.0794290757978,10.0080487086015,-0.950161115366493));
#6594=CARTESIAN_POINT('Origin',(75.8742718042004,13.5134221088275,5.12132371332538));
#6595=CARTESIAN_POINT('',(46.4599933084188,13.1868234764564,4.55563828837615));
#6596=CARTESIAN_POINT('',(54.7758576472263,8.38565696190147,-3.76022605043143));
#6597=CARTESIAN_POINT('',(47.0256787333681,13.5134221088275,5.12132371332538));
#6598=CARTESIAN_POINT('',(54.7556545963353,9.05051846351405,-2.60865214964191));
#6599=CARTESIAN_POINT('',(51.4169490043507,16.0487231818637,9.51259398430801));
#6600=CARTESIAN_POINT('Origin',(75.8742718042004,13.5134221088275,5.12132371332538));
#6601=CARTESIAN_POINT('',(62.7620423697317,13.5134221088275,5.12132371332538));
#6602=CARTESIAN_POINT('',(67.119940310621,10.9973885595541,0.763425772436015));
#6603=CARTESIAN_POINT('',(62.1963569447825,13.1868234764564,4.55563828837615));
#6604=CARTESIAN_POINT('',(63.7812347186364,14.1018530858237,6.14051606223009));
#6605=CARTESIAN_POINT('',(67.1401433615121,10.3325270579415,-0.388148128353507));
#6606=CARTESIAN_POINT('Origin',(75.8742718042004,13.5134221088275,5.12132371332538));
#6607=CARTESIAN_POINT('',(43.8372660356915,13.1868234764564,4.55563828837615));
#6608=CARTESIAN_POINT('',(52.7151433615121,8.06117861256145,-4.32223903744441));
#6609=CARTESIAN_POINT('',(44.4029514606408,13.5134221088275,5.12132371332538));
#6610=CARTESIAN_POINT('',(52.694940310621,8.72604011417403,-3.17066513665489));
#6611=CARTESIAN_POINT('',(49.3562347186364,16.3732015312038,10.074606971321));
#6612=CARTESIAN_POINT('Origin',(75.8742718042004,13.5134221088275,5.12132371332538));
#6613=CARTESIAN_POINT('',(65.384769642459,13.5134221088275,5.12132371332538));
#6614=CARTESIAN_POINT('',(69.1806545963353,11.3218669088941,1.325438759449));
#6615=CARTESIAN_POINT('',(64.8190842175097,13.1868234764564,4.55563828837615));
#6616=CARTESIAN_POINT('',(65.8419490043507,13.7773747364836,5.5785030752171));
#6617=CARTESIAN_POINT('',(69.2008576472264,10.6570054072816,0.173864858659478));
#6618=CARTESIAN_POINT('Origin',(75.8742718042004,13.5134221088275,5.12132371332538));
#6619=CARTESIAN_POINT('',(41.2145387629643,13.1868234764564,4.55563828837615));
#6620=CARTESIAN_POINT('',(50.6544290757978,7.73670026322144,-4.8842520244574));
#6621=CARTESIAN_POINT('',(41.7802241879135,13.5134221088275,5.12132371332538));
#6622=CARTESIAN_POINT('',(50.6342260249067,8.40156176483402,-3.73267812366788));
#6623=CARTESIAN_POINT('',(47.2955204329221,16.6976798805438,10.636619958334));
#6624=CARTESIAN_POINT('Origin',(75.8742718042004,13.5134221088275,5.12132371332538));
#6625=CARTESIAN_POINT('',(68.0074969151862,13.5134221088275,5.12132371332538));
#6626=CARTESIAN_POINT('',(71.2413688820496,11.6463452582342,1.88745174646199));
#6627=CARTESIAN_POINT('',(67.441811490237,13.1868234764564,4.55563828837615));
#6628=CARTESIAN_POINT('',(67.902663290065,13.4528963871436,5.01649008820411));
#6629=CARTESIAN_POINT('',(71.2615719329407,10.9814837566216,0.735877845672464));
#6630=CARTESIAN_POINT('Origin',(75.8742718042004,13.5134221088275,5.12132371332538));
#6631=CARTESIAN_POINT('',(38.591811490237,13.1868234764564,4.55563828837615));
#6632=CARTESIAN_POINT('',(48.5937147900835,7.41222191388142,-5.44626501147039));
#6633=CARTESIAN_POINT('',(39.1574969151862,13.5134221088275,5.12132371332538));
#6634=CARTESIAN_POINT('',(48.5735117391925,8.077083415494,-4.29469111068086));
#6635=CARTESIAN_POINT('',(45.2348061472079,17.0221582298838,11.198632945347));
#6636=CARTESIAN_POINT('Origin',(75.8742718042004,13.5134221088275,5.12132371332538));
#6637=CARTESIAN_POINT('',(70.6302241879135,13.5134221088275,5.12132371332538));
#6638=CARTESIAN_POINT('',(73.3020831677639,11.9708236075742,2.44946473347497));
#6639=CARTESIAN_POINT('',(70.0645387629643,13.1868234764564,4.55563828837615));
#6640=CARTESIAN_POINT('',(69.9633775757792,13.1284180378036,4.45447710119112));
#6641=CARTESIAN_POINT('',(73.322286218655,11.3059621059616,1.29789083268545));
#6642=CARTESIAN_POINT('Origin',(75.8742718042004,13.5134221088275,5.12132371332538));
#6643=CARTESIAN_POINT('',(73.2529514606408,13.5134221088275,5.12132371332538));
#6644=CARTESIAN_POINT('',(75.3627974534782,12.2953019569142,3.01147772048796));
#6645=CARTESIAN_POINT('',(72.6872660356916,13.1868234764564,4.55563828837615));
#6646=CARTESIAN_POINT('',(72.0240918614935,12.8039396884636,3.89246411417814));
#6647=CARTESIAN_POINT('',(75.3830005043692,11.6304404553016,1.85990381969843));
#6648=CARTESIAN_POINT('Origin',(75.8742718042004,12.0000001788139,2.5000000372529));
#6649=CARTESIAN_POINT('',(35.9690842175097,10.8131768811714,4.55563828837615));
#6650=CARTESIAN_POINT('',(44.5601559556795,15.7732344618312,-4.03543344979372));
#6651=CARTESIAN_POINT('',(36.534769642459,10.4865782488003,5.12132371332538));
#6652=CARTESIAN_POINT('',(45.1469364101832,5.51434144714883,13.7334904810496));
#6653=CARTESIAN_POINT('',(44.5399529047885,15.1083729602186,-2.8838595490042));
#6654=CARTESIAN_POINT('Origin',(37.5247191361201,1.,3.00000336976574));
#6655=CARTESIAN_POINT('',(35.9690842175097,17.,4.55563828837615));
#6656=CARTESIAN_POINT('',(35.9690842175097,1.,4.55563828837615));
#6657=CARTESIAN_POINT('',(45.7700618485947,17.,-5.24533934270888));
#6658=CARTESIAN_POINT('Origin',(37.5247191361201,1.,3.00000336976574));
#6659=CARTESIAN_POINT('',(35.9690842175097,1.,4.55563828837615));
#6660=CARTESIAN_POINT('Origin',(73.2529514606408,1.,5.12132371332538));
#6661=CARTESIAN_POINT('',(75.8742718042004,17.,2.50000336976574));
#6662=CARTESIAN_POINT('',(75.8742718042004,1.,2.50000336976573));
#6663=CARTESIAN_POINT('',(73.2529514606408,17.,5.12132371332538));
#6664=CARTESIAN_POINT('',(78.0920207233297,17.,0.282254450636466));
#6665=CARTESIAN_POINT('',(73.2529514606408,1.,5.12132371332538));
#6666=CARTESIAN_POINT('Origin',(73.2529514606408,1.,5.12132371332538));
#6667=CARTESIAN_POINT('',(73.2529514606408,1.,5.12132371332538));
#6668=CARTESIAN_POINT('',(75.8742718042004,1.,2.50000336976573));
#6669=CARTESIAN_POINT('Origin',(72.6872660356916,1.,4.55563828837615));
#6670=CARTESIAN_POINT('',(72.6872660356916,17.,4.55563828837615));
#6671=CARTESIAN_POINT('',(75.7485178390753,17.,7.61689009175985));
#6672=CARTESIAN_POINT('',(72.6872660356916,1.,4.55563828837615));
#6673=CARTESIAN_POINT('Origin',(72.6872660356916,1.,4.55563828837615));
#6674=CARTESIAN_POINT('',(73.2529514606408,1.,5.12132371332538));
#6675=CARTESIAN_POINT('',(72.6872660356916,1.,4.55563828837615));
#6676=CARTESIAN_POINT('Origin',(72.6872660356916,1.,4.55563828837615));
#6677=CARTESIAN_POINT('',(72.6872660356916,1.,4.55563828837615));
#6678=CARTESIAN_POINT('Origin',(35.9690842175097,1.,4.55563828837615));
#6679=CARTESIAN_POINT('',(36.534769642459,17.,5.12132371332538));
#6680=CARTESIAN_POINT('',(36.534769642459,1.,5.12132371332538));
#6681=CARTESIAN_POINT('',(42.9644269299844,17.,11.5509810008508));
#6682=CARTESIAN_POINT('Origin',(35.9690842175097,1.,4.55563828837615));
#6683=CARTESIAN_POINT('',(36.534769642459,1.,5.12132371332538));
#6684=CARTESIAN_POINT('Origin',(74.2429009543019,1.,3.00000336976574));
#6685=CARTESIAN_POINT('',(74.7429009543019,17.,2.50000336976574));
#6686=CARTESIAN_POINT('',(78.3041527576856,17.,-1.06124843361798));
#6687=CARTESIAN_POINT('',(74.7429009543019,4.9999999999238,2.50000336976574));
#6688=CARTESIAN_POINT('Origin',(74.2429009543019,1.,3.00000336976574));
#6689=CARTESIAN_POINT('',(74.7429009543019,4.9999999999238,2.50000336976574));
#6690=CARTESIAN_POINT('Origin',(74.2429009543019,1.,3.00000336976574));
#6691=CARTESIAN_POINT('',(74.7429009543019,4.9999999999238,2.50000336976574));
#6692=CARTESIAN_POINT('Origin',(36.534769642459,1.,5.12132371332538));
#6693=CARTESIAN_POINT('',(39.1560899860186,17.,2.50000336976574));
#6694=CARTESIAN_POINT('',(39.1560899860186,4.9999999999238,2.50000336976574));
#6695=CARTESIAN_POINT('',(45.3079298142388,17.,-3.65183645845444));
#6696=CARTESIAN_POINT('Origin',(36.534769642459,1.,5.12132371332538));
#6697=CARTESIAN_POINT('',(39.1560899860186,4.9999999999238,2.50000336976574));
#6698=CARTESIAN_POINT('Origin',(49.6668991166724,8.9999999998476,2.50000336976574));
#6699=CARTESIAN_POINT('',(40.6474464088474,4.9999999999238,2.50000336976574));
#6700=CARTESIAN_POINT('',(40.6474464088474,17.,2.50000336976574));
#6701=CARTESIAN_POINT('',(40.6474464088474,4.9999999999238,2.50000336976574));
#6702=CARTESIAN_POINT('',(58.5864945513455,17.,2.50000336976574));
#6703=CARTESIAN_POINT('',(39.1560899860186,4.9999999999238,2.50000336976574));
#6704=CARTESIAN_POINT('',(40.6474464088474,4.9999999999238,2.50000336976574));
#6705=CARTESIAN_POINT('Origin',(70.6302241879135,1.,5.12132371332538));
#6706=CARTESIAN_POINT('',(73.2515445314732,17.,2.50000336976574));
#6707=CARTESIAN_POINT('',(73.2515445314732,4.9999999999238,2.50000336976574));
#6708=CARTESIAN_POINT('',(70.6302241879135,17.,5.12132371332538));
#6709=CARTESIAN_POINT('',(76.1249752687842,17.,-0.373427367545351));
#6710=CARTESIAN_POINT('',(70.6302241879135,1.,5.12132371332538));
#6711=CARTESIAN_POINT('Origin',(70.6302241879135,1.,5.12132371332538));
#6712=CARTESIAN_POINT('',(70.6302241879135,1.,5.12132371332538));
#6713=CARTESIAN_POINT('',(73.2515445314732,4.9999999999238,2.50000336976574));
#6714=CARTESIAN_POINT('Origin',(70.0645387629643,1.,4.55563828837615));
#6715=CARTESIAN_POINT('',(70.0645387629643,17.,4.55563828837615));
#6716=CARTESIAN_POINT('',(73.7814723845298,17.,8.27257190994167));
#6717=CARTESIAN_POINT('',(70.0645387629643,1.,4.55563828837615));
#6718=CARTESIAN_POINT('Origin',(70.0645387629643,1.,4.55563828837615));
#6719=CARTESIAN_POINT('',(70.6302241879135,1.,5.12132371332538));
#6720=CARTESIAN_POINT('',(70.0645387629643,1.,4.55563828837615));
#6721=CARTESIAN_POINT('Origin',(70.0645387629643,1.,4.55563828837615));
#6722=CARTESIAN_POINT('',(70.0645387629643,1.,4.55563828837615));
#6723=CARTESIAN_POINT('Origin',(40.1474464088474,1.,3.00000336976574));
#6724=CARTESIAN_POINT('',(38.591811490237,17.,4.55563828837615));
#6725=CARTESIAN_POINT('',(38.591811490237,1.,4.55563828837615));
#6726=CARTESIAN_POINT('',(47.4871073031402,17.,-4.33965752452706));
#6727=CARTESIAN_POINT('Origin',(40.1474464088474,1.,3.00000336976574));
#6728=CARTESIAN_POINT('',(38.591811490237,1.,4.55563828837615));
#6729=CARTESIAN_POINT('Origin',(38.591811490237,1.,4.55563828837615));
#6730=CARTESIAN_POINT('',(39.1574969151863,17.,5.12132371332538));
#6731=CARTESIAN_POINT('',(39.1574969151863,1.,5.12132371332538));
#6732=CARTESIAN_POINT('',(44.9314723845298,17.,10.8952991826689));
#6733=CARTESIAN_POINT('Origin',(38.591811490237,1.,4.55563828837615));
#6734=CARTESIAN_POINT('',(39.1574969151863,1.,5.12132371332538));
#6735=CARTESIAN_POINT('Origin',(71.6201736815747,1.,3.00000336976574));
#6736=CARTESIAN_POINT('',(72.1201736815747,17.,2.50000336976574));
#6737=CARTESIAN_POINT('',(76.3371073031402,17.,-1.7169302517998));
#6738=CARTESIAN_POINT('',(72.1201736815747,4.9999999999238,2.50000336976574));
#6739=CARTESIAN_POINT('Origin',(71.6201736815747,1.,3.00000336976574));
#6740=CARTESIAN_POINT('',(72.1201736815747,4.9999999999238,2.50000336976574));
#6741=CARTESIAN_POINT('Origin',(71.6201736815747,1.,3.00000336976574));
#6742=CARTESIAN_POINT('',(72.1201736815747,4.9999999999238,2.50000336976574));
#6743=CARTESIAN_POINT('Origin',(39.1574969151863,1.,5.12132371332538));
#6744=CARTESIAN_POINT('',(41.7788172587459,17.,2.50000336976574));
#6745=CARTESIAN_POINT('',(41.7788172587459,4.9999999999238,2.50000336976574));
#6746=CARTESIAN_POINT('',(47.2749752687842,17.,-2.99615464027262));
#6747=CARTESIAN_POINT('Origin',(39.1574969151863,1.,5.12132371332538));
#6748=CARTESIAN_POINT('',(41.7788172587459,4.9999999999238,2.50000336976574));
#6749=CARTESIAN_POINT('Origin',(49.6668991166724,8.9999999998476,2.50000336976574));
#6750=CARTESIAN_POINT('',(43.2701736815747,4.9999999999238,2.50000336976574));
#6751=CARTESIAN_POINT('',(43.2701736815747,17.,2.50000336976574));
#6752=CARTESIAN_POINT('',(43.2701736815747,4.9999999999238,2.50000336976574));
#6753=CARTESIAN_POINT('',(58.5864945513455,17.,2.50000336976574));
#6754=CARTESIAN_POINT('',(41.7788172587459,4.9999999999238,2.50000336976574));
#6755=CARTESIAN_POINT('',(43.2701736815747,4.9999999999238,2.50000336976574));
#6756=CARTESIAN_POINT('Origin',(68.0074969151862,1.,5.12132371332538));
#6757=CARTESIAN_POINT('',(70.6288172587459,17.,2.50000336976574));
#6758=CARTESIAN_POINT('',(70.6288172587459,4.9999999999238,2.50000336976574));
#6759=CARTESIAN_POINT('',(68.0074969151862,17.,5.12132371332538));
#6760=CARTESIAN_POINT('',(74.1579298142388,17.,-1.02910918572717));
#6761=CARTESIAN_POINT('',(68.0074969151862,1.,5.12132371332538));
#6762=CARTESIAN_POINT('Origin',(68.0074969151862,1.,5.12132371332538));
#6763=CARTESIAN_POINT('',(68.0074969151862,1.,5.12132371332538));
#6764=CARTESIAN_POINT('',(70.6288172587459,4.9999999999238,2.50000336976574));
#6765=CARTESIAN_POINT('Origin',(67.441811490237,1.,4.55563828837615));
#6766=CARTESIAN_POINT('',(67.441811490237,17.,4.55563828837615));
#6767=CARTESIAN_POINT('',(71.8144269299844,17.,8.92825372812349));
#6768=CARTESIAN_POINT('',(67.441811490237,1.,4.55563828837615));
#6769=CARTESIAN_POINT('Origin',(67.441811490237,1.,4.55563828837615));
#6770=CARTESIAN_POINT('',(68.0074969151862,1.,5.12132371332538));
#6771=CARTESIAN_POINT('',(67.441811490237,1.,4.55563828837615));
#6772=CARTESIAN_POINT('Origin',(67.441811490237,1.,4.55563828837615));
#6773=CARTESIAN_POINT('',(67.441811490237,1.,4.55563828837615));
#6774=CARTESIAN_POINT('Origin',(42.7701736815747,1.,3.00000336976574));
#6775=CARTESIAN_POINT('',(41.2145387629643,17.,4.55563828837615));
#6776=CARTESIAN_POINT('',(41.2145387629643,1.,4.55563828837615));
#6777=CARTESIAN_POINT('',(49.4541527576856,17.,-3.68397570634525));
#6778=CARTESIAN_POINT('Origin',(42.7701736815747,1.,3.00000336976574));
#6779=CARTESIAN_POINT('',(41.2145387629643,1.,4.55563828837615));
#6780=CARTESIAN_POINT('Origin',(41.2145387629643,1.,4.55563828837615));
#6781=CARTESIAN_POINT('',(41.7802241879135,17.,5.12132371332538));
#6782=CARTESIAN_POINT('',(41.7802241879135,1.,5.12132371332538));
#6783=CARTESIAN_POINT('',(46.8985178390753,17.,10.2396173644871));
#6784=CARTESIAN_POINT('Origin',(41.2145387629643,1.,4.55563828837615));
#6785=CARTESIAN_POINT('',(41.7802241879135,1.,5.12132371332538));
#6786=CARTESIAN_POINT('Origin',(68.9974464088474,1.,3.00000336976574));
#6787=CARTESIAN_POINT('',(69.4974464088474,17.,2.50000336976574));
#6788=CARTESIAN_POINT('',(74.3700618485947,17.,-2.37261206998161));
#6789=CARTESIAN_POINT('',(69.4974464088474,4.9999999999238,2.50000336976574));
#6790=CARTESIAN_POINT('Origin',(68.9974464088474,1.,3.00000336976574));
#6791=CARTESIAN_POINT('',(69.4974464088474,4.9999999999238,2.50000336976574));
#6792=CARTESIAN_POINT('Origin',(68.9974464088474,1.,3.00000336976574));
#6793=CARTESIAN_POINT('',(69.4974464088474,4.9999999999238,2.50000336976574));
#6794=CARTESIAN_POINT('Origin',(41.7802241879135,1.,5.12132371332538));
#6795=CARTESIAN_POINT('',(44.4015445314732,17.,2.50000336976574));
#6796=CARTESIAN_POINT('',(44.4015445314732,4.9999999999238,2.50000336976574));
#6797=CARTESIAN_POINT('',(49.2420207233297,17.,-2.3404728220908));
#6798=CARTESIAN_POINT('Origin',(41.7802241879135,1.,5.12132371332538));
#6799=CARTESIAN_POINT('',(44.4015445314732,4.9999999999238,2.50000336976574));
#6800=CARTESIAN_POINT('Origin',(49.6668991166724,8.9999999998476,2.50000336976574));
#6801=CARTESIAN_POINT('',(45.8929009543019,4.9999999999238,2.50000336976574));
#6802=CARTESIAN_POINT('',(45.8929009543019,17.,2.50000336976574));
#6803=CARTESIAN_POINT('',(45.8929009543019,4.9999999999238,2.50000336976574));
#6804=CARTESIAN_POINT('',(58.5864945513455,17.,2.50000336976574));
#6805=CARTESIAN_POINT('',(44.4015445314732,4.9999999999238,2.50000336976574));
#6806=CARTESIAN_POINT('',(45.8929009543019,4.9999999999238,2.50000336976574));
#6807=CARTESIAN_POINT('Origin',(65.384769642459,1.,5.12132371332538));
#6808=CARTESIAN_POINT('',(68.0060899860186,17.,2.50000336976574));
#6809=CARTESIAN_POINT('',(68.0060899860186,4.9999999999238,2.50000336976574));
#6810=CARTESIAN_POINT('',(65.384769642459,17.,5.12132371332538));
#6811=CARTESIAN_POINT('',(66.9454298142388,17.,3.56066354154556));
#6812=CARTESIAN_POINT('',(65.384769642459,1.,5.12132371332538));
#6813=CARTESIAN_POINT('Origin',(65.384769642459,1.,5.12132371332538));
#6814=CARTESIAN_POINT('',(65.384769642459,1.,5.12132371332538));
#6815=CARTESIAN_POINT('',(68.0060899860186,4.9999999999238,2.50000336976574));
#6816=CARTESIAN_POINT('Origin',(64.8190842175097,1.,4.55563828837615));
#6817=CARTESIAN_POINT('',(64.8190842175097,1.,4.55563828837615));
#6818=CARTESIAN_POINT('Origin',(64.8190842175097,1.,4.55563828837615));
#6819=CARTESIAN_POINT('',(64.8190842175097,17.,4.55563828837615));
#6820=CARTESIAN_POINT('',(64.6019269299844,17.,4.33848100085077));
#6821=CARTESIAN_POINT('',(64.8190842175097,1.,4.55563828837615));
#6822=CARTESIAN_POINT('Origin',(45.392900954302,1.,3.00000336976574));
#6823=CARTESIAN_POINT('',(43.8372660356915,17.,4.55563828837615));
#6824=CARTESIAN_POINT('',(43.8372660356915,1.,4.55563828837615));
#6825=CARTESIAN_POINT('',(51.4211982122311,17.,-3.02829388816343));
#6826=CARTESIAN_POINT('Origin',(45.392900954302,1.,3.00000336976574));
#6827=CARTESIAN_POINT('',(43.8372660356915,1.,4.55563828837615));
#6828=CARTESIAN_POINT('Origin',(43.8372660356915,1.,4.55563828837615));
#6829=CARTESIAN_POINT('',(44.4029514606408,17.,5.12132371332538));
#6830=CARTESIAN_POINT('',(44.4029514606408,1.,5.12132371332538));
#6831=CARTESIAN_POINT('',(48.8655632936207,17.,9.58393554630531));
#6832=CARTESIAN_POINT('Origin',(43.8372660356915,1.,4.55563828837615));
#6833=CARTESIAN_POINT('',(44.4029514606408,1.,5.12132371332538));
#6834=CARTESIAN_POINT('Origin',(66.3747191361201,1.,3.00000336976574));
#6835=CARTESIAN_POINT('',(66.8747191361201,4.9999999999238,2.50000336976574));
#6836=CARTESIAN_POINT('Origin',(66.3747191361201,1.,3.00000336976574));
#6837=CARTESIAN_POINT('',(66.8747191361201,17.,2.50000336976574));
#6838=CARTESIAN_POINT('',(67.1575618485948,17.,2.21716065729111));
#6839=CARTESIAN_POINT('',(66.8747191361201,4.9999999999238,2.50000336976574));
#6840=CARTESIAN_POINT('Origin',(44.4029514606408,1.,5.12132371332538));
#6841=CARTESIAN_POINT('',(47.0242718042004,17.,2.50000336976574));
#6842=CARTESIAN_POINT('',(47.0242718042004,4.9999999999238,2.50000336976574));
#6843=CARTESIAN_POINT('',(51.2090661778751,17.,-1.68479100390898));
#6844=CARTESIAN_POINT('Origin',(44.4029514606408,1.,5.12132371332538));
#6845=CARTESIAN_POINT('',(47.0242718042004,4.9999999999238,2.50000336976574));
#6846=CARTESIAN_POINT('Origin',(49.6668991166724,8.9999999998476,2.50000336976574));
#6847=CARTESIAN_POINT('',(48.5156282270292,4.9999999999238,2.50000336976574));
#6848=CARTESIAN_POINT('',(48.5156282270292,17.,2.50000336976574));
#6849=CARTESIAN_POINT('',(48.5156282270292,4.9999999999238,2.50000336976574));
#6850=CARTESIAN_POINT('',(58.5864945513455,17.,2.50000336976574));
#6851=CARTESIAN_POINT('',(47.0242718042004,4.9999999999238,2.50000336976574));
#6852=CARTESIAN_POINT('',(48.5156282270292,4.9999999999238,2.50000336976574));
#6853=CARTESIAN_POINT('Origin',(62.7620423697317,1.,5.12132371332538));
#6854=CARTESIAN_POINT('',(65.3833627132913,17.,2.50000336976574));
#6855=CARTESIAN_POINT('',(65.3833627132913,4.9999999999238,2.50000336976574));
#6856=CARTESIAN_POINT('',(62.7620423697317,17.,5.12132371332538));
#6857=CARTESIAN_POINT('',(64.9783843596933,17.,2.90498172336374));
#6858=CARTESIAN_POINT('',(62.7620423697317,1.,5.12132371332538));
#6859=CARTESIAN_POINT('Origin',(62.7620423697317,1.,5.12132371332538));
#6860=CARTESIAN_POINT('',(62.7620423697317,1.,5.12132371332538));
#6861=CARTESIAN_POINT('',(65.3833627132913,4.9999999999238,2.50000336976574));
#6862=CARTESIAN_POINT('Origin',(62.1963569447825,1.,4.55563828837615));
#6863=CARTESIAN_POINT('',(62.1963569447825,1.,4.55563828837615));
#6864=CARTESIAN_POINT('Origin',(62.1963569447825,1.,4.55563828837615));
#6865=CARTESIAN_POINT('',(62.1963569447825,17.,4.55563828837615));
#6866=CARTESIAN_POINT('',(62.6348814754389,17.,4.99416281903259));
#6867=CARTESIAN_POINT('',(62.1963569447825,1.,4.55563828837615));
#6868=CARTESIAN_POINT('Origin',(48.0156282270292,1.,3.00000336976574));
#6869=CARTESIAN_POINT('',(46.4599933084188,17.,4.55563828837615));
#6870=CARTESIAN_POINT('',(46.4599933084188,1.,4.55563828837615));
#6871=CARTESIAN_POINT('',(53.3882436667765,17.,-2.37261206998161));
#6872=CARTESIAN_POINT('Origin',(48.0156282270292,1.,3.00000336976574));
#6873=CARTESIAN_POINT('',(46.4599933084188,1.,4.55563828837615));
#6874=CARTESIAN_POINT('Origin',(46.4599933084188,1.,4.55563828837615));
#6875=CARTESIAN_POINT('',(47.0256787333681,17.,5.12132371332538));
#6876=CARTESIAN_POINT('',(47.0256787333681,1.,5.12132371332538));
#6877=CARTESIAN_POINT('',(50.8326087481662,17.,8.92825372812349));
#6878=CARTESIAN_POINT('Origin',(46.4599933084188,1.,4.55563828837615));
#6879=CARTESIAN_POINT('',(47.0256787333681,1.,5.12132371332538));
#6880=CARTESIAN_POINT('Origin',(63.7519918633929,1.,3.00000336976574));
#6881=CARTESIAN_POINT('',(64.2519918633929,4.9999999999238,2.50000336976574));
#6882=CARTESIAN_POINT('Origin',(63.7519918633929,1.,3.00000336976574));
#6883=CARTESIAN_POINT('',(64.2519918633929,17.,2.50000336976574));
#6884=CARTESIAN_POINT('',(65.1905163940493,17.,1.5614788391093));
#6885=CARTESIAN_POINT('',(64.2519918633929,4.9999999999238,2.50000336976574));
#6886=CARTESIAN_POINT('Origin',(47.0256787333681,1.,5.12132371332538));
#6887=CARTESIAN_POINT('',(49.6469990769277,17.,2.50000336976574));
#6888=CARTESIAN_POINT('',(49.6469990769277,4.9999999999238,2.50000336976574));
#6889=CARTESIAN_POINT('',(53.1761116324206,17.,-1.02910918572717));
#6890=CARTESIAN_POINT('Origin',(47.0256787333681,1.,5.12132371332538));
#6891=CARTESIAN_POINT('',(49.6469990769277,4.9999999999238,2.50000336976574));
#6892=CARTESIAN_POINT('Origin',(49.6668991166724,8.9999999998476,2.50000336976574));
#6893=CARTESIAN_POINT('',(51.1383554997565,4.9999999999238,2.50000336976574));
#6894=CARTESIAN_POINT('',(51.1383554997565,17.,2.50000336976574));
#6895=CARTESIAN_POINT('',(51.1383554997565,4.9999999999238,2.50000336976574));
#6896=CARTESIAN_POINT('',(58.5864945513455,17.,2.50000336976574));
#6897=CARTESIAN_POINT('',(49.6469990769277,4.9999999999238,2.50000336976574));
#6898=CARTESIAN_POINT('',(51.1383554997565,4.9999999999238,2.50000336976574));
#6899=CARTESIAN_POINT('Origin',(60.1393150970044,1.,5.12132371332538));
#6900=CARTESIAN_POINT('',(62.7606354405641,17.,2.50000336976574));
#6901=CARTESIAN_POINT('',(62.7606354405641,4.9999999999238,2.50000336976574));
#6902=CARTESIAN_POINT('',(60.1393150970044,17.,5.12132371332538));
#6903=CARTESIAN_POINT('',(63.0113389051479,17.,2.24929990518193));
#6904=CARTESIAN_POINT('',(60.1393150970044,1.,5.12132371332538));
#6905=CARTESIAN_POINT('Origin',(60.1393150970044,1.,5.12132371332538));
#6906=CARTESIAN_POINT('',(60.1393150970044,1.,5.12132371332538));
#6907=CARTESIAN_POINT('',(62.7606354405641,4.9999999999238,2.50000336976574));
#6908=CARTESIAN_POINT('Origin',(59.5736296720552,1.,4.55563828837615));
#6909=CARTESIAN_POINT('',(59.5736296720552,1.,4.55563828837615));
#6910=CARTESIAN_POINT('Origin',(59.5736296720552,1.,4.55563828837615));
#6911=CARTESIAN_POINT('',(59.5736296720552,17.,4.55563828837615));
#6912=CARTESIAN_POINT('',(60.6678360208935,17.,5.64984463721441));
#6913=CARTESIAN_POINT('',(59.5736296720552,1.,4.55563828837615));
#6914=CARTESIAN_POINT('Origin',(50.6383554997565,1.,3.00000336976574));
#6915=CARTESIAN_POINT('',(49.0827205811461,17.,4.55563828837615));
#6916=CARTESIAN_POINT('',(49.0827205811461,1.,4.55563828837615));
#6917=CARTESIAN_POINT('',(55.355289121322,17.,-1.7169302517998));
#6918=CARTESIAN_POINT('Origin',(50.6383554997565,1.,3.00000336976574));
#6919=CARTESIAN_POINT('',(49.0827205811461,1.,4.55563828837615));
#6920=CARTESIAN_POINT('Origin',(49.0827205811461,1.,4.55563828837615));
#6921=CARTESIAN_POINT('',(49.6484060060953,17.,5.12132371332538));
#6922=CARTESIAN_POINT('',(49.6484060060953,1.,5.12132371332538));
#6923=CARTESIAN_POINT('',(52.7996542027116,17.,8.27257190994167));
#6924=CARTESIAN_POINT('Origin',(49.0827205811461,1.,4.55563828837615));
#6925=CARTESIAN_POINT('',(49.6484060060953,1.,5.12132371332538));
#6926=CARTESIAN_POINT('Origin',(61.1292645906656,1.,3.00000336976574));
#6927=CARTESIAN_POINT('',(61.6292645906656,4.9999999999238,2.50000336976574));
#6928=CARTESIAN_POINT('Origin',(61.1292645906656,1.,3.00000336976574));
#6929=CARTESIAN_POINT('',(61.6292645906656,17.,2.50000336976574));
#6930=CARTESIAN_POINT('',(63.2234709395038,17.,0.905797020927481));
#6931=CARTESIAN_POINT('',(61.6292645906656,4.9999999999238,2.50000336976574));
#6932=CARTESIAN_POINT('Origin',(49.6484060060953,1.,5.12132371332538));
#6933=CARTESIAN_POINT('',(52.269726349655,17.,2.50000336976574));
#6934=CARTESIAN_POINT('',(52.269726349655,4.9999999999238,2.50000336976574));
#6935=CARTESIAN_POINT('',(55.1431570869661,17.,-0.373427367545351));
#6936=CARTESIAN_POINT('Origin',(49.6484060060953,1.,5.12132371332538));
#6937=CARTESIAN_POINT('',(52.269726349655,4.9999999999238,2.50000336976574));
#6938=CARTESIAN_POINT('Origin',(49.6668991166724,8.9999999998476,2.50000336976574));
#6939=CARTESIAN_POINT('',(53.7610827724838,4.9999999999238,2.50000336976574));
#6940=CARTESIAN_POINT('',(53.7610827724838,17.,2.50000336976574));
#6941=CARTESIAN_POINT('',(53.7610827724838,4.9999999999238,2.50000336976574));
#6942=CARTESIAN_POINT('',(58.5864945513455,17.,2.50000336976574));
#6943=CARTESIAN_POINT('',(52.269726349655,4.9999999999238,2.50000336976574));
#6944=CARTESIAN_POINT('',(53.7610827724838,4.9999999999238,2.50000336976574));
#6945=CARTESIAN_POINT('Origin',(57.5165878242772,1.,5.12132371332538));
#6946=CARTESIAN_POINT('',(60.1379081678368,17.,2.50000336976574));
#6947=CARTESIAN_POINT('',(60.1379081678368,4.9999999999238,2.50000336976574));
#6948=CARTESIAN_POINT('',(57.5165878242772,17.,5.12132371332538));
#6949=CARTESIAN_POINT('',(61.0442934506024,17.,1.5936180870001));
#6950=CARTESIAN_POINT('',(57.5165878242772,1.,5.12132371332538));
#6951=CARTESIAN_POINT('Origin',(57.5165878242772,1.,5.12132371332538));
#6952=CARTESIAN_POINT('',(57.5165878242772,1.,5.12132371332538));
#6953=CARTESIAN_POINT('',(60.1379081678368,4.9999999999238,2.50000336976574));
#6954=CARTESIAN_POINT('Origin',(56.9509023993279,1.,4.55563828837615));
#6955=CARTESIAN_POINT('',(56.9509023993279,1.,4.55563828837615));
#6956=CARTESIAN_POINT('Origin',(56.9509023993279,1.,4.55563828837615));
#6957=CARTESIAN_POINT('',(56.9509023993279,17.,4.55563828837615));
#6958=CARTESIAN_POINT('',(58.700790566348,17.,6.30552645539622));
#6959=CARTESIAN_POINT('',(56.9509023993279,1.,4.55563828837615));
#6960=CARTESIAN_POINT('Origin',(53.2610827724838,1.,3.00000336976574));
#6961=CARTESIAN_POINT('',(51.7054478538734,17.,4.55563828837615));
#6962=CARTESIAN_POINT('',(51.7054478538734,1.,4.55563828837615));
#6963=CARTESIAN_POINT('',(57.3223345758675,17.,-1.06124843361798));
#6964=CARTESIAN_POINT('Origin',(53.2610827724838,1.,3.00000336976574));
#6965=CARTESIAN_POINT('',(51.7054478538734,1.,4.55563828837615));
#6966=CARTESIAN_POINT('Origin',(51.7054478538734,1.,4.55563828837615));
#6967=CARTESIAN_POINT('',(52.2711332788226,17.,5.12132371332538));
#6968=CARTESIAN_POINT('',(52.2711332788226,1.,5.12132371332538));
#6969=CARTESIAN_POINT('',(54.7666996572571,17.,7.61689009175985));
#6970=CARTESIAN_POINT('Origin',(51.7054478538734,1.,4.55563828837615));
#6971=CARTESIAN_POINT('',(52.2711332788226,1.,5.12132371332538));
#6972=CARTESIAN_POINT('Origin',(58.5065373179383,1.,3.00000336976574));
#6973=CARTESIAN_POINT('',(59.0065373179383,4.9999999999238,2.50000336976574));
#6974=CARTESIAN_POINT('Origin',(58.5065373179383,1.,3.00000336976574));
#6975=CARTESIAN_POINT('',(59.0065373179383,17.,2.50000336976574));
#6976=CARTESIAN_POINT('',(61.2564254849584,17.,0.250115202745659));
#6977=CARTESIAN_POINT('',(59.0065373179383,4.9999999999238,2.50000336976574));
#6978=CARTESIAN_POINT('Origin',(52.2711332788226,1.,5.12132371332538));
#6979=CARTESIAN_POINT('',(54.8924536223822,17.,2.50000336976574));
#6980=CARTESIAN_POINT('',(54.8924536223822,4.9999999999238,2.50000336976574));
#6981=CARTESIAN_POINT('',(57.1102025415115,17.,0.282254450636466));
#6982=CARTESIAN_POINT('Origin',(52.2711332788226,1.,5.12132371332538));
#6983=CARTESIAN_POINT('',(54.8924536223822,4.9999999999238,2.50000336976574));
#6984=CARTESIAN_POINT('Origin',(49.6668991166724,8.9999999998476,2.50000336976574));
#6985=CARTESIAN_POINT('',(56.383810045211,4.9999999999238,2.50000336976574));
#6986=CARTESIAN_POINT('',(56.383810045211,17.,2.50000336976574));
#6987=CARTESIAN_POINT('',(56.383810045211,4.9999999999238,2.50000336976574));
#6988=CARTESIAN_POINT('',(58.5864945513455,17.,2.50000336976574));
#6989=CARTESIAN_POINT('',(54.8924536223822,4.9999999999238,2.50000336976574));
#6990=CARTESIAN_POINT('',(56.383810045211,4.9999999999238,2.50000336976574));
#6991=CARTESIAN_POINT('Origin',(54.8938605515499,1.,5.12132371332538));
#6992=CARTESIAN_POINT('',(57.5151808951095,17.,2.50000336976574));
#6993=CARTESIAN_POINT('',(57.5151808951095,4.9999999999238,2.50000336976574));
#6994=CARTESIAN_POINT('',(54.8938605515499,17.,5.12132371332538));
#6995=CARTESIAN_POINT('',(59.077247996057,17.,0.937936268818287));
#6996=CARTESIAN_POINT('',(54.8938605515499,1.,5.12132371332538));
#6997=CARTESIAN_POINT('Origin',(54.8938605515499,1.,5.12132371332538));
#6998=CARTESIAN_POINT('',(54.8938605515499,1.,5.12132371332538));
#6999=CARTESIAN_POINT('',(57.5151808951095,4.9999999999238,2.50000336976574));
#7000=CARTESIAN_POINT('Origin',(55.883810045211,1.,3.00000336976574));
#7001=CARTESIAN_POINT('',(54.3281751266006,17.,4.55563828837615));
#7002=CARTESIAN_POINT('',(54.3281751266006,1.,4.55563828837615));
#7003=CARTESIAN_POINT('',(59.2893800304129,17.,-0.405566615436157));
#7004=CARTESIAN_POINT('Origin',(55.883810045211,1.,3.00000336976574));
#7005=CARTESIAN_POINT('',(54.3281751266006,1.,4.55563828837615));
#7006=CARTESIAN_POINT('Origin',(55.883810045211,1.,3.00000336976574));
#7007=CARTESIAN_POINT('',(54.3281751266006,1.,4.55563828837615));
#7008=CARTESIAN_POINT('Origin',(54.3281751266006,1.,4.55563828837615));
#7009=CARTESIAN_POINT('',(56.7337451118025,17.,6.96120827357804));
#7010=CARTESIAN_POINT('Origin',(54.3281751266006,1.,4.55563828837615));
#7011=CARTESIAN_POINT('',(54.8938605515499,1.,5.12132371332538));
#7012=CARTESIAN_POINT('Origin',(64.0060899860186,5.,-3.49999663023426));
#7013=CARTESIAN_POINT('',(63.5060899860186,17.,-2.99999663023426));
#7014=CARTESIAN_POINT('',(64.5060899860186,17.,-3.99999663023426));
#7015=CARTESIAN_POINT('',(63.7560899860186,17.,-3.24999663023426));
#7016=CARTESIAN_POINT('',(64.5060899860186,5.,-3.99999663023426));
#7017=CARTESIAN_POINT('',(63.5060899860186,5.,-2.99999663023426));
#7018=CARTESIAN_POINT('Origin',(52.5060899860186,9.,-3.99999663023426));
#7019=CARTESIAN_POINT('',(67.5060899860186,17.,-3.99999663023426));
#7020=CARTESIAN_POINT('',(60.0060899860186,17.,-3.99999663023426));
#7021=CARTESIAN_POINT('',(67.5060899860186,13.,-3.99999663023426));
#7022=CARTESIAN_POINT('Origin',(68.0060899860186,13.,-3.49999663023426));
#7023=CARTESIAN_POINT('',(68.5060899860186,17.,-2.99999663023426));
#7024=CARTESIAN_POINT('',(69.0060899860186,17.,-2.49999663023426));
#7025=CARTESIAN_POINT('',(68.5060899860186,13.,-2.99999663023426));
#7026=CARTESIAN_POINT('Origin',(64.0060899860186,5.,-1.49999663023426));
#7027=CARTESIAN_POINT('',(64.5060899860186,17.,-0.999996630234263));
#7028=CARTESIAN_POINT('',(64.5060899860186,5.,-0.999996630234263));
#7029=CARTESIAN_POINT('',(63.5060899860186,17.,-1.99999663023426));
#7030=CARTESIAN_POINT('',(65.5060899860186,17.,3.36976573887815E-6));
#7031=CARTESIAN_POINT('',(63.5060899860186,5.,-1.99999663023426));
#7032=CARTESIAN_POINT('Origin',(64.5060899860186,1.,1.00000336976574));
#7033=CARTESIAN_POINT('',(64.5060899860186,17.,1.00000336976574));
#7034=CARTESIAN_POINT('',(64.5060899860186,4.9999999999238,1.00000336976574));
#7035=CARTESIAN_POINT('',(64.5060899860186,17.,1.00000336976574));
#7036=CARTESIAN_POINT('Origin',(68.0060899860186,5.,-1.49999663023426));
#7037=CARTESIAN_POINT('',(68.5060899860186,17.,-1.99999663023426));
#7038=CARTESIAN_POINT('',(67.5060899860186,17.,-0.999996630234263));
#7039=CARTESIAN_POINT('',(67.2560899860186,17.,-0.749996630234264));
#7040=CARTESIAN_POINT('',(67.5060899860186,5.,-0.999996630234263));
#7041=CARTESIAN_POINT('',(68.5060899860186,13.,-1.99999663023426));
#7042=CARTESIAN_POINT('Origin',(67.5060899860186,1.,1.00000336976574));
#7043=CARTESIAN_POINT('',(67.5060899860186,17.,1.00000336976574));
#7044=CARTESIAN_POINT('',(67.5060899860186,4.9999999999238,1.00000336976574));
#7045=CARTESIAN_POINT('',(67.5060899860186,17.,1.00000336976574));
#7046=CARTESIAN_POINT('Origin',(68.5060899860186,17.,-1.99999663023426));
#7047=CARTESIAN_POINT('',(68.5060899860186,17.,-0.499996630234263));
#7048=CARTESIAN_POINT('Origin',(63.5060899860186,1.,-1.99999663023426));
#7049=CARTESIAN_POINT('',(63.5060899860186,17.,-0.499996630234263));
#7050=CARTESIAN_POINT('Origin',(49.6668991166724,8.9999999998476,1.00000336976574));
#7051=CARTESIAN_POINT('',(75.8742718042004,17.,1.00000336976574));
#7052=CARTESIAN_POINT('',(59.8718385438914,17.,1.00000336976574));
#7053=CARTESIAN_POINT('',(75.8742718042004,4.9999999999238,1.00000336976574));
#7054=CARTESIAN_POINT('Origin',(37.0060899860186,5.,-3.49999663023426));
#7055=CARTESIAN_POINT('',(36.5060899860186,17.,-2.99999663023426));
#7056=CARTESIAN_POINT('',(37.5060899860186,17.,-3.99999663023426));
#7057=CARTESIAN_POINT('',(43.5060899860186,17.,-9.99999663023427));
#7058=CARTESIAN_POINT('',(37.5060899860186,5.,-3.99999663023426));
#7059=CARTESIAN_POINT('',(36.5060899860186,5.,-2.99999663023426));
#7060=CARTESIAN_POINT('Origin',(52.5060899860186,9.,-3.99999663023426));
#7061=CARTESIAN_POINT('',(40.5060899860186,17.,-3.99999663023426));
#7062=CARTESIAN_POINT('',(60.0060899860186,17.,-3.99999663023426));
#7063=CARTESIAN_POINT('',(40.5060899860186,13.,-3.99999663023426));
#7064=CARTESIAN_POINT('Origin',(41.0060899860186,13.,-3.49999663023426));
#7065=CARTESIAN_POINT('',(41.5060899860186,17.,-2.99999663023426));
#7066=CARTESIAN_POINT('',(48.7560899860186,17.,4.25000336976574));
#7067=CARTESIAN_POINT('',(41.5060899860186,13.,-2.99999663023426));
#7068=CARTESIAN_POINT('Origin',(41.5060899860186,17.,-1.99999663023426));
#7069=CARTESIAN_POINT('',(41.5060899860186,17.,-1.99999663023426));
#7070=CARTESIAN_POINT('',(41.5060899860186,17.,-0.499996630234263));
#7071=CARTESIAN_POINT('',(41.5060899860186,13.,-1.99999663023426));
#7072=CARTESIAN_POINT('Origin',(37.0060899860186,13.,-1.49999663023426));
#7073=CARTESIAN_POINT('',(36.5060899860186,17.,-1.99999663023426));
#7074=CARTESIAN_POINT('',(45.2560899860186,17.,6.75000336976574));
#7075=CARTESIAN_POINT('',(36.5060899860186,5.,-1.99999663023426));
#7076=CARTESIAN_POINT('Origin',(41.0060899860186,13.,-1.49999663023426));
#7077=CARTESIAN_POINT('',(40.5060899860186,17.,-0.999996630234263));
#7078=CARTESIAN_POINT('',(47.0060899860186,17.,-7.49999663023426));
#7079=CARTESIAN_POINT('',(40.5060899860186,13.,-0.999996630234263));
#7080=CARTESIAN_POINT('Origin',(40.5060899860186,17.,1.00000336976574));
#7081=CARTESIAN_POINT('',(40.5060899860186,17.,1.00000336976574));
#7082=CARTESIAN_POINT('',(40.5060899860186,17.,1.00000336976574));
#7083=CARTESIAN_POINT('',(40.5060899860186,12.9999999999238,1.00000336976574));
#7084=CARTESIAN_POINT('Origin',(36.5060899860186,1.,-1.99999663023426));
#7085=CARTESIAN_POINT('',(36.5060899860186,17.,-0.499996630234263));
#7086=CARTESIAN_POINT('Origin',(55.0060899860186,5.,-3.49999663023426));
#7087=CARTESIAN_POINT('',(54.5060899860186,17.,-2.99999663023426));
#7088=CARTESIAN_POINT('',(55.5060899860186,17.,-3.99999663023426));
#7089=CARTESIAN_POINT('',(57.0060899860186,17.,-5.49999663023426));
#7090=CARTESIAN_POINT('',(55.5060899860186,5.,-3.99999663023426));
#7091=CARTESIAN_POINT('',(54.5060899860186,5.,-2.99999663023426));
#7092=CARTESIAN_POINT('Origin',(52.5060899860186,9.,-3.99999663023426));
#7093=CARTESIAN_POINT('',(58.5060899860186,17.,-3.99999663023426));
#7094=CARTESIAN_POINT('',(60.0060899860186,17.,-3.99999663023426));
#7095=CARTESIAN_POINT('',(58.5060899860186,13.,-3.99999663023426));
#7096=CARTESIAN_POINT('Origin',(59.0060899860186,13.,-3.49999663023426));
#7097=CARTESIAN_POINT('',(59.5060899860186,17.,-2.99999663023426));
#7098=CARTESIAN_POINT('',(62.2560899860186,17.,-0.249996630234261));
#7099=CARTESIAN_POINT('',(59.5060899860186,13.,-2.99999663023426));
#7100=CARTESIAN_POINT('Origin',(59.5060899860186,17.,-1.99999663023426));
#7101=CARTESIAN_POINT('',(59.5060899860186,17.,-1.99999663023426));
#7102=CARTESIAN_POINT('',(59.5060899860186,17.,-0.499996630234263));
#7103=CARTESIAN_POINT('',(59.5060899860186,13.,-1.99999663023426));
#7104=CARTESIAN_POINT('Origin',(55.0060899860186,5.,-1.49999663023426));
#7105=CARTESIAN_POINT('',(55.5060899860186,17.,-0.999996630234263));
#7106=CARTESIAN_POINT('',(55.5060899860186,5.,-0.999996630234263));
#7107=CARTESIAN_POINT('',(54.5060899860186,17.,-1.99999663023426));
#7108=CARTESIAN_POINT('',(58.7560899860186,17.,2.25000336976574));
#7109=CARTESIAN_POINT('',(54.5060899860186,5.,-1.99999663023426));
#7110=CARTESIAN_POINT('Origin',(55.5060899860186,1.,1.00000336976574));
#7111=CARTESIAN_POINT('',(55.5060899860186,17.,1.00000336976574));
#7112=CARTESIAN_POINT('',(55.5060899860186,4.9999999999238,1.00000336976574));
#7113=CARTESIAN_POINT('',(55.5060899860186,17.,1.00000336976574));
#7114=CARTESIAN_POINT('Origin',(59.0060899860186,13.,-1.49999663023426));
#7115=CARTESIAN_POINT('',(58.5060899860186,17.,-0.999996630234263));
#7116=CARTESIAN_POINT('',(60.5060899860186,17.,-2.99999663023426));
#7117=CARTESIAN_POINT('',(58.5060899860186,13.,-0.999996630234263));
#7118=CARTESIAN_POINT('Origin',(58.5060899860186,17.,1.00000336976574));
#7119=CARTESIAN_POINT('',(58.5060899860186,17.,1.00000336976574));
#7120=CARTESIAN_POINT('',(58.5060899860186,17.,1.00000336976574));
#7121=CARTESIAN_POINT('',(58.5060899860186,12.9999999999238,1.00000336976574));
#7122=CARTESIAN_POINT('Origin',(54.5060899860186,1.,-1.99999663023426));
#7123=CARTESIAN_POINT('',(54.5060899860186,17.,-0.499996630234263));
#7124=CARTESIAN_POINT('Origin',(49.6668991166724,8.9999999998476,1.00000336976574));
#7125=CARTESIAN_POINT('',(59.8718385438914,17.,1.00000336976574));
#7126=CARTESIAN_POINT('Origin',(45.5060899860186,1.,-1.99999663023426));
#7127=CARTESIAN_POINT('',(45.5060899860186,17.,-2.99999663023426));
#7128=CARTESIAN_POINT('',(45.5060899860186,5.,-2.99999663023426));
#7129=CARTESIAN_POINT('',(45.5060899860186,17.,-1.99999663023426));
#7130=CARTESIAN_POINT('',(45.5060899860186,5.,-1.99999663023426));
#7131=CARTESIAN_POINT('',(45.5060899860186,17.,-0.499996630234263));
#7132=CARTESIAN_POINT('Origin',(49.5060899860186,17.,1.00000336976574));
#7133=CARTESIAN_POINT('',(49.5060899860186,17.,-0.999996630234263));
#7134=CARTESIAN_POINT('',(49.5060899860186,13.,-0.999996630234263));
#7135=CARTESIAN_POINT('',(49.5060899860186,17.,1.00000336976574));
#7136=CARTESIAN_POINT('',(49.5060899860186,17.,1.00000336976574));
#7137=CARTESIAN_POINT('',(49.5060899860186,12.9999999999238,1.00000336976574));
#7138=CARTESIAN_POINT('Origin',(50.0060899860186,13.,-1.49999663023426));
#7139=CARTESIAN_POINT('',(50.5060899860186,17.,-1.99999663023426));
#7140=CARTESIAN_POINT('',(53.7560899860186,17.,-5.24999663023426));
#7141=CARTESIAN_POINT('',(50.5060899860186,13.,-1.99999663023426));
#7142=CARTESIAN_POINT('Origin',(46.5060899860186,1.,1.00000336976574));
#7143=CARTESIAN_POINT('',(46.5060899860186,17.,-0.999996630234263));
#7144=CARTESIAN_POINT('',(46.5060899860186,5.,-0.999996630234263));
#7145=CARTESIAN_POINT('',(46.5060899860186,17.,1.00000336976574));
#7146=CARTESIAN_POINT('',(46.5060899860186,4.9999999999238,1.00000336976574));
#7147=CARTESIAN_POINT('',(46.5060899860186,17.,1.00000336976574));
#7148=CARTESIAN_POINT('Origin',(46.0060899860186,5.,-1.49999663023426));
#7149=CARTESIAN_POINT('',(52.0060899860186,17.,4.50000336976574));
#7150=CARTESIAN_POINT('Origin',(50.5060899860186,17.,-1.99999663023426));
#7151=CARTESIAN_POINT('',(50.5060899860186,17.,-2.99999663023426));
#7152=CARTESIAN_POINT('',(50.5060899860186,13.,-2.99999663023426));
#7153=CARTESIAN_POINT('',(50.5060899860186,17.,-0.499996630234263));
#7154=CARTESIAN_POINT('Origin',(50.0060899860186,13.,-3.49999663023426));
#7155=CARTESIAN_POINT('',(49.5060899860186,17.,-3.99999663023426));
#7156=CARTESIAN_POINT('',(49.5060899860186,13.,-3.99999663023426));
#7157=CARTESIAN_POINT('',(55.5060899860186,17.,2.00000336976574));
#7158=CARTESIAN_POINT('Origin',(52.5060899860186,9.,-3.99999663023426));
#7159=CARTESIAN_POINT('',(46.5060899860186,17.,-3.99999663023426));
#7160=CARTESIAN_POINT('',(46.5060899860186,5.,-3.99999663023426));
#7161=CARTESIAN_POINT('',(60.0060899860186,17.,-3.99999663023426));
#7162=CARTESIAN_POINT('Origin',(46.0060899860186,5.,-3.49999663023426));
#7163=CARTESIAN_POINT('',(50.2560899860186,17.,-7.74999663023426));
#7164=CARTESIAN_POINT('Origin',(49.6668991166724,8.9999999998476,1.00000336976574));
#7165=CARTESIAN_POINT('',(59.8718385438914,17.,1.00000336976574));
#7166=CARTESIAN_POINT('Origin',(49.6668991166724,8.9999999998476,1.00000336976574));
#7167=CARTESIAN_POINT('',(59.8718385438914,17.,1.00000336976574));
#7168=CARTESIAN_POINT('Origin',(75.8742718042004,1.,3.00000336976574));
#7169=CARTESIAN_POINT('',(75.8742718042004,17.,2.00000336976574));
#7170=CARTESIAN_POINT('',(75.8742718042004,1.,2.50000336976573));
#7171=CARTESIAN_POINT('Origin',(73.2529514606408,1.,5.12132371332538));
#7172=CARTESIAN_POINT('Origin',(70.6302241879135,1.,5.12132371332538));
#7173=CARTESIAN_POINT('',(73.2515445314732,4.9999999999238,2.50000336976574));
#7174=CARTESIAN_POINT('Origin',(68.0074969151862,1.,5.12132371332538));
#7175=CARTESIAN_POINT('',(70.6288172587459,4.9999999999238,2.50000336976574));
#7176=CARTESIAN_POINT('Origin',(70.6487172984906,8.9999999998476,2.50000336976574));
#7177=CARTESIAN_POINT('',(69.0774036422546,17.,2.50000336976574));
#7178=CARTESIAN_POINT('',(68.0060899860186,4.9999999999238,2.50000336976574));
#7179=CARTESIAN_POINT('Origin',(70.6487172984906,8.9999999998476,2.50000336976574));
#7180=CARTESIAN_POINT('',(69.0774036422546,17.,2.50000336976574));
#7181=CARTESIAN_POINT('Origin',(70.6487172984906,8.9999999998476,2.50000336976574));
#7182=CARTESIAN_POINT('',(69.0774036422546,17.,2.50000336976574));
#7183=CARTESIAN_POINT('Origin',(49.6668991166724,8.9999999998476,2.50000336976574));
#7184=CARTESIAN_POINT('',(64.2519918633929,4.9999999999238,2.50000336976574));
#7185=CARTESIAN_POINT('',(58.5864945513455,17.,2.50000336976574));
#7186=CARTESIAN_POINT('',(62.7606354405641,4.9999999999238,2.50000336976574));
#7187=CARTESIAN_POINT('Origin',(49.6668991166724,8.9999999998476,2.50000336976574));
#7188=CARTESIAN_POINT('',(61.6292645906656,4.9999999999238,2.50000336976574));
#7189=CARTESIAN_POINT('',(58.5864945513455,17.,2.50000336976574));
#7190=CARTESIAN_POINT('',(60.1379081678368,4.9999999999238,2.50000336976574));
#7191=CARTESIAN_POINT('Origin',(49.6668991166724,8.9999999998476,2.50000336976574));
#7192=CARTESIAN_POINT('',(66.8747191361201,4.9999999999238,2.50000336976574));
#7193=CARTESIAN_POINT('',(58.5864945513455,17.,2.50000336976574));
#7194=CARTESIAN_POINT('',(65.3833627132913,4.9999999999238,2.50000336976574));
#7195=CARTESIAN_POINT('Origin',(49.6668991166724,8.9999999998476,2.50000336976574));
#7196=CARTESIAN_POINT('',(59.0065373179383,4.9999999999238,2.50000336976574));
#7197=CARTESIAN_POINT('',(58.5864945513455,17.,2.50000336976574));
#7198=CARTESIAN_POINT('',(57.5151808951095,4.9999999999238,2.50000336976574));
#7199=CARTESIAN_POINT('Origin',(37.5247191361201,1.,3.00000336976574));
#7200=CARTESIAN_POINT('',(35.9690842175097,1.,4.55563828837615));
#7201=CARTESIAN_POINT('Origin',(35.9690842175097,1.,4.55563828837615));
#7202=CARTESIAN_POINT('',(36.534769642459,1.,5.12132371332538));
#7203=CARTESIAN_POINT('Origin',(36.534769642459,1.,5.12132371332538));
#7204=CARTESIAN_POINT('Origin',(48.0156282270292,1.,3.00000336976574));
#7205=CARTESIAN_POINT('',(46.4599933084188,1.,4.55563828837615));
#7206=CARTESIAN_POINT('Origin',(46.4599933084188,1.,4.55563828837615));
#7207=CARTESIAN_POINT('',(47.0256787333681,1.,5.12132371332538));
#7208=CARTESIAN_POINT('Origin',(47.0256787333681,1.,5.12132371332538));
#7209=CARTESIAN_POINT('Origin',(58.5065373179383,1.,3.00000336976574));
#7210=CARTESIAN_POINT('',(56.9509023993279,1.,4.55563828837615));
#7211=CARTESIAN_POINT('Origin',(56.9509023993279,1.,4.55563828837615));
#7212=CARTESIAN_POINT('',(57.5165878242772,1.,5.12132371332538));
#7213=CARTESIAN_POINT('Origin',(57.5165878242772,1.,5.12132371332538));
#7214=CARTESIAN_POINT('Origin',(66.3747191361201,1.,3.00000336976574));
#7215=CARTESIAN_POINT('',(64.8190842175097,1.,4.55563828837615));
#7216=CARTESIAN_POINT('Origin',(64.8190842175097,1.,4.55563828837615));
#7217=CARTESIAN_POINT('',(65.384769642459,1.,5.12132371332538));
#7218=CARTESIAN_POINT('Origin',(65.384769642459,1.,5.12132371332538));
#7219=CARTESIAN_POINT('Origin',(54.3281751266006,1.,4.55563828837615));
#7220=CARTESIAN_POINT('Origin',(54.8938605515499,1.,5.12132371332538));
#7221=CARTESIAN_POINT('Origin',(45.392900954302,1.,3.00000336976574));
#7222=CARTESIAN_POINT('',(43.8372660356915,1.,4.55563828837615));
#7223=CARTESIAN_POINT('Origin',(43.8372660356915,1.,4.55563828837615));
#7224=CARTESIAN_POINT('',(44.4029514606408,1.,5.12132371332538));
#7225=CARTESIAN_POINT('Origin',(44.4029514606408,1.,5.12132371332538));
#7226=CARTESIAN_POINT('Origin',(40.1474464088474,1.,3.00000336976574));
#7227=CARTESIAN_POINT('',(38.591811490237,1.,4.55563828837615));
#7228=CARTESIAN_POINT('Origin',(38.591811490237,1.,4.55563828837615));
#7229=CARTESIAN_POINT('',(39.1574969151863,1.,5.12132371332538));
#7230=CARTESIAN_POINT('Origin',(39.1574969151863,1.,5.12132371332538));
#7231=CARTESIAN_POINT('Origin',(50.6383554997565,1.,3.00000336976574));
#7232=CARTESIAN_POINT('',(49.0827205811461,1.,4.55563828837615));
#7233=CARTESIAN_POINT('Origin',(49.0827205811461,1.,4.55563828837615));
#7234=CARTESIAN_POINT('',(49.6484060060953,1.,5.12132371332538));
#7235=CARTESIAN_POINT('Origin',(49.6484060060953,1.,5.12132371332538));
#7236=CARTESIAN_POINT('Origin',(61.1292645906656,1.,3.00000336976574));
#7237=CARTESIAN_POINT('',(59.5736296720552,1.,4.55563828837615));
#7238=CARTESIAN_POINT('Origin',(59.5736296720552,1.,4.55563828837615));
#7239=CARTESIAN_POINT('',(60.1393150970044,1.,5.12132371332538));
#7240=CARTESIAN_POINT('Origin',(60.1393150970044,1.,5.12132371332538));
#7241=CARTESIAN_POINT('Origin',(63.7519918633929,1.,3.00000336976574));
#7242=CARTESIAN_POINT('',(62.1963569447825,1.,4.55563828837615));
#7243=CARTESIAN_POINT('Origin',(62.1963569447825,1.,4.55563828837615));
#7244=CARTESIAN_POINT('',(62.7620423697317,1.,5.12132371332538));
#7245=CARTESIAN_POINT('Origin',(62.7620423697317,1.,5.12132371332538));
#7246=CARTESIAN_POINT('Origin',(53.2610827724838,1.,3.00000336976574));
#7247=CARTESIAN_POINT('',(51.7054478538734,1.,4.55563828837615));
#7248=CARTESIAN_POINT('Origin',(51.7054478538734,1.,4.55563828837615));
#7249=CARTESIAN_POINT('',(52.2711332788226,1.,5.12132371332538));
#7250=CARTESIAN_POINT('Origin',(52.2711332788226,1.,5.12132371332538));
#7251=CARTESIAN_POINT('Origin',(42.7701736815747,1.,3.00000336976574));
#7252=CARTESIAN_POINT('',(41.2145387629643,1.,4.55563828837615));
#7253=CARTESIAN_POINT('Origin',(41.2145387629643,1.,4.55563828837615));
#7254=CARTESIAN_POINT('',(41.7802241879135,1.,5.12132371332538));
#7255=CARTESIAN_POINT('Origin',(41.7802241879135,1.,5.12132371332538));
#7256=CARTESIAN_POINT('Origin',(67.5060899860186,17.,1.00000336976574));
#7257=UNCERTAINTY_MEASURE_WITH_UNIT(LENGTH_MEASURE(0.01),#7261,
'DISTANCE_ACCURACY_VALUE',
'Maximum model space distance between geometric entities at asserted c
onnectivities');
#7258=UNCERTAINTY_MEASURE_WITH_UNIT(LENGTH_MEASURE(0.01),#7261,
'DISTANCE_ACCURACY_VALUE',
'Maximum model space distance between geometric entities at asserted c
onnectivities');
#7259=(
GEOMETRIC_REPRESENTATION_CONTEXT(3)
GLOBAL_UNCERTAINTY_ASSIGNED_CONTEXT((#7257))
GLOBAL_UNIT_ASSIGNED_CONTEXT((#7261,#7262,#7263))
REPRESENTATION_CONTEXT('','3D')
);
#7260=(
GEOMETRIC_REPRESENTATION_CONTEXT(3)
GLOBAL_UNCERTAINTY_ASSIGNED_CONTEXT((#7258))
GLOBAL_UNIT_ASSIGNED_CONTEXT((#7261,#7262,#7263))
REPRESENTATION_CONTEXT('','3D')
);
#7261=(
LENGTH_UNIT()
NAMED_UNIT(*)
SI_UNIT(.MILLI.,.METRE.)
);
#7262=(
NAMED_UNIT(*)
PLANE_ANGLE_UNIT()
SI_UNIT($,.RADIAN.)
);
#7263=(
NAMED_UNIT(*)
SI_UNIT($,.STERADIAN.)
SOLID_ANGLE_UNIT()
);
#7264=SHAPE_DEFINITION_REPRESENTATION(#7265,#7266);
#7265=PRODUCT_DEFINITION_SHAPE('',$,#7268);
#7266=SHAPE_REPRESENTATION('',(#4587),#7259);
#7267=PRODUCT_DEFINITION_CONTEXT('part definition',#7272,'design');
#7268=PRODUCT_DEFINITION('misc','misc',#7269,#7267);
#7269=PRODUCT_DEFINITION_FORMATION('',$,#7274);
#7270=PRODUCT_RELATED_PRODUCT_CATEGORY('misc','misc',(#7274));
#7271=APPLICATION_PROTOCOL_DEFINITION('international standard',
'automotive_design',2009,#7272);
#7272=APPLICATION_CONTEXT(
'Core Data for Automotive Mechanical Design Process');
#7273=PRODUCT_CONTEXT('part definition',#7272,'mechanical');
#7274=PRODUCT('misc','misc',$,(#7273));
#7275=PRESENTATION_STYLE_ASSIGNMENT((#7277));
#7276=PRESENTATION_STYLE_ASSIGNMENT((#7278));
#7277=SURFACE_STYLE_USAGE(.BOTH.,#7279);
#7278=SURFACE_STYLE_USAGE(.BOTH.,#7280);
#7279=SURFACE_SIDE_STYLE('',(#7281));
#7280=SURFACE_SIDE_STYLE('',(#7282));
#7281=SURFACE_STYLE_FILL_AREA(#7283);
#7282=SURFACE_STYLE_FILL_AREA(#7284);
#7283=FILL_AREA_STYLE('Steel - Satin',(#7285));
#7284=FILL_AREA_STYLE('Opaque(202,209,238)',(#7286));
#7285=FILL_AREA_STYLE_COLOUR('Steel - Satin',#7287);
#7286=FILL_AREA_STYLE_COLOUR('Opaque(202,209,238)',#7288);
#7287=COLOUR_RGB('Steel - Satin',0.627450980392157,0.627450980392157,0.627450980392157);
#7288=COLOUR_RGB('Opaque(202,209,238)',0.792156862745098,0.819607843137255,
0.933333333333333);
ENDSEC;
END-ISO-10303-21;
